policy_id,customer_id,age,province,product_type,payment_mode,smoker,premium_monthly,coverage_amount,years_active,missed_payments_12m,lapsed
POL-00001,CUST-56173,27,Quebec,Universal Life,Monthly,1,143.41,50000,13,2,1
POL-00002,CUST-34053,57,Manitoba,Term Life,Monthly,0,145.48,50000,4,0,0
POL-00003,CUST-82125,37,Saskatchewan,Whole Life,Annual,0,125.88,50000,5,0,0
POL-00004,CUST-42432,47,Quebec,Whole Life,Monthly,0,134.49,50000,2,0,0
POL-00005,CUST-98873,47,Alberta,Universal Life,Monthly,0,136.25,50000,11,1,0
POL-00006,CUST-61595,52,Saskatchewan,Critical Illness,Monthly,0,121.37,50000,11,0,0
POL-00007,CUST-40721,62,Quebec,Universal Life,Monthly,0,137.59,50000,5,0,0
POL-00008,CUST-60757,37,Quebec,Whole Life,Annual,0,124.44,50000,6,0,0
POL-00009,CUST-13587,62,Alberta,Whole Life,Monthly,0,169.29,50000,9,1,0
POL-00010,CUST-93154,37,Manitoba,Whole Life,Monthly,0,140.66,50000,12,0,0
POL-00011,CUST-51197,32,Manitoba,Whole Life,Monthly,0,84.77,50000,5,0,0
POL-00012,CUST-51099,52,Saskatchewan,Term Life,Monthly,0,144.43,50000,8,0,0
POL-00013,CUST-46864,27,Ontario,Universal Life,Monthly,0,81.31,50000,3,0,0
POL-00014,CUST-69996,42,Quebec,Universal Life,Monthly,0,111.71,50000,13,0,0
POL-00015,CUST-80280,67,Manitoba,Whole Life,Annual,0,159.57,50000,14,2,0
POL-00016,CUST-69403,37,British Columbia,Critical Illness,Monthly,0,116.19,50000,12,1,0
POL-00017,CUST-21345,32,Ontario,Universal Life,Monthly,0,94.63,50000,13,0,0
POL-00018,CUST-75850,42,Alberta,Term Life,Monthly,0,121.0,50000,12,0,0
POL-00019,CUST-67983,52,Quebec,Term Life,Monthly,1,183.58,50000,13,1,0
POL-00020,CUST-99230,42,Ontario,Term Life,Monthly,0,134.14,50000,7,0,1
POL-00021,CUST-33926,67,Quebec,Term Life,Monthly,0,173.91,50000,4,0,0
POL-00022,CUST-82181,57,Manitoba,Whole Life,Annual,0,153.02,50000,15,1,1
POL-00023,CUST-88867,47,Saskatchewan,Term Life,Monthly,0,127.9,50000,1,0,0
POL-00024,CUST-13568,37,Saskatchewan,Term Life,Monthly,1,139.77,50000,7,0,0
POL-00025,CUST-92475,32,Quebec,Term Life,Monthly,0,109.07,50000,11,0,0
POL-00026,CUST-83043,32,British Columbia,Universal Life,Monthly,1,124.99,50000,12,0,0
POL-00027,CUST-82263,52,Manitoba,Universal Life,Monthly,1,175.03,50000,11,0,0
POL-00028,CUST-99989,37,Alberta,Term Life,Monthly,0,98.69,50000,8,1,0
POL-00029,CUST-28079,57,Alberta,Term Life,Monthly,0,147.1,50000,14,0,0
POL-00030,CUST-13412,47,Quebec,Term Life,Monthly,0,116.96,50000,4,0,0
POL-00031,CUST-65260,32,Quebec,Term Life,Monthly,0,97.79,50000,3,0,0
POL-00032,CUST-63746,52,Saskatchewan,Term Life,Monthly,0,130.49,50000,10,0,0
POL-00033,CUST-87050,62,British Columbia,Term Life,Monthly,0,147.04,50000,5,0,0
POL-00034,CUST-63946,27,Manitoba,Term Life,Monthly,0,92.55,50000,8,0,0
POL-00035,CUST-20016,47,Manitoba,Critical Illness,Annual,0,100.51,50000,7,1,0
POL-00036,CUST-57241,42,British Columbia,Whole Life,Monthly,0,98.97,50000,4,0,0
POL-00037,CUST-44742,57,Alberta,Universal Life,Monthly,0,157.24,50000,15,1,0
POL-00038,CUST-88776,37,Manitoba,Term Life,Annual,0,113.37,50000,6,0,0
POL-00039,CUST-73483,27,British Columbia,Term Life,Monthly,0,84.92,50000,11,1,0
POL-00040,CUST-83288,27,Quebec,Critical Illness,Monthly,1,140.29,50000,3,0,0
POL-00041,CUST-75979,47,Manitoba,Term Life,Monthly,0,121.93,50000,15,0,0
POL-00042,CUST-25483,62,Quebec,Whole Life,Monthly,0,149.64,50000,15,1,0
POL-00043,CUST-87357,62,Quebec,Critical Illness,Monthly,0,147.2,50000,2,1,1
POL-00044,CUST-19269,42,British Columbia,Whole Life,Monthly,0,143.48,50000,10,0,1
POL-00045,CUST-33819,67,Quebec,Term Life,Annual,0,168.42,50000,9,2,1
POL-00046,CUST-24992,57,Quebec,Whole Life,Annual,0,149.95,50000,3,0,0
POL-00047,CUST-18089,67,Manitoba,Term Life,Monthly,0,171.2,50000,12,1,1
POL-00048,CUST-89804,32,British Columbia,Term Life,Monthly,0,80.37,50000,12,0,0
POL-00049,CUST-22036,57,Quebec,Term Life,Monthly,0,140.47,50000,13,0,0
POL-00050,CUST-18856,42,Alberta,Critical Illness,Monthly,0,126.06,50000,10,1,0
POL-00051,CUST-18477,47,British Columbia,Universal Life,Monthly,0,129.55,50000,11,0,0
POL-00052,CUST-68154,47,Alberta,Term Life,Monthly,0,156.07,50000,11,0,0
POL-00053,CUST-30634,32,Quebec,Term Life,Monthly,0,96.18,50000,12,0,0
POL-00054,CUST-71494,27,Ontario,Universal Life,Annual,0,104.92,50000,9,0,0
POL-00055,CUST-33836,52,Quebec,Critical Illness,Monthly,0,148.27,50000,12,0,0
POL-00056,CUST-29630,52,Quebec,Term Life,Monthly,1,175.31,50000,1,0,0
POL-00057,CUST-24958,32,Manitoba,Term Life,Monthly,1,141.49,50000,10,0,0
POL-00058,CUST-30679,37,Ontario,Critical Illness,Monthly,0,108.12,50000,4,0,0
POL-00059,CUST-31226,37,Alberta,Critical Illness,Monthly,0,87.92,50000,7,1,0
POL-00060,CUST-85213,32,Alberta,Critical Illness,Monthly,0,106.79,50000,12,0,0
POL-00061,CUST-57909,52,Quebec,Term Life,Monthly,0,143.74,50000,2,0,0
POL-00062,CUST-47806,52,Manitoba,Term Life,Annual,1,180.63,50000,12,0,0
POL-00063,CUST-91127,27,Ontario,Whole Life,Annual,0,94.36,50000,4,1,0
POL-00064,CUST-54952,62,Quebec,Term Life,Monthly,0,168.24,50000,12,1,1
POL-00065,CUST-88812,32,Ontario,Critical Illness,Monthly,0,92.21,50000,12,1,0
POL-00066,CUST-45743,32,Ontario,Term Life,Monthly,0,120.22,50000,1,0,0
POL-00067,CUST-98322,57,Ontario,Whole Life,Monthly,0,135.75,50000,4,0,0
POL-00068,CUST-26487,62,British Columbia,Critical Illness,Annual,0,155.31,50000,13,0,0
POL-00069,CUST-56367,52,Alberta,Critical Illness,Monthly,0,146.77,50000,6,0,0
POL-00070,CUST-49535,37,Manitoba,Universal Life,Monthly,0,105.42,50000,7,0,0
POL-00071,CUST-89996,52,British Columbia,Critical Illness,Annual,0,147.59,50000,1,1,0
POL-00072,CUST-34238,42,Manitoba,Term Life,Monthly,0,116.49,50000,11,0,0
POL-00073,CUST-40890,37,Saskatchewan,Term Life,Monthly,0,113.02,50000,2,0,0
POL-00074,CUST-37014,37,British Columbia,Term Life,Monthly,0,109.43,50000,5,0,0
POL-00075,CUST-65845,32,Alberta,Critical Illness,Monthly,0,95.68,50000,8,1,0
POL-00076,CUST-28154,47,British Columbia,Critical Illness,Monthly,1,191.61,50000,12,0,0
POL-00077,CUST-52932,42,British Columbia,Term Life,Annual,0,110.52,50000,8,0,0
POL-00078,CUST-66387,52,Ontario,Term Life,Monthly,0,111.17,50000,15,0,0
POL-00079,CUST-29381,32,Ontario,Term Life,Monthly,0,92.96,50000,8,0,0
POL-00080,CUST-35816,47,Quebec,Term Life,Monthly,0,131.18,50000,4,0,0
POL-00081,CUST-22620,47,Ontario,Universal Life,Monthly,1,160.08,50000,3,2,0
POL-00082,CUST-24909,52,Manitoba,Term Life,Monthly,0,150.82,50000,12,0,0
POL-00083,CUST-93120,47,Quebec,Universal Life,Annual,0,141.39,50000,7,1,0
POL-00084,CUST-82757,52,British Columbia,Whole Life,Monthly,0,134.78,50000,10,0,0
POL-00085,CUST-27416,42,Alberta,Term Life,Monthly,1,135.41,50000,6,0,0
POL-00086,CUST-61826,27,Alberta,Term Life,Monthly,1,113.2,50000,5,0,0
POL-00087,CUST-19515,32,Quebec,Critical Illness,Monthly,0,102.21,50000,9,0,0
POL-00088,CUST-87298,27,Manitoba,Whole Life,Monthly,0,74.83,50000,5,0,0
POL-00089,CUST-78478,52,Alberta,Whole Life,Annual,0,134.19,50000,15,0,0
POL-00090,CUST-80328,32,Ontario,Term Life,Monthly,0,119.66,50000,11,0,0
POL-00091,CUST-38156,37,Alberta,Critical Illness,Annual,0,115.71,50000,13,0,0
POL-00092,CUST-43463,27,Quebec,Universal Life,Annual,0,94.15,50000,5,0,0
POL-00093,CUST-88728,47,Manitoba,Universal Life,Monthly,0,117.11,50000,1,2,1
POL-00094,CUST-60549,52,Manitoba,Whole Life,Monthly,1,175.78,50000,1,1,0
POL-00095,CUST-62364,57,British Columbia,Critical Illness,Annual,0,144.5,50000,13,0,0
POL-00096,CUST-98828,52,Ontario,Term Life,Annual,0,141.46,50000,14,0,0
POL-00097,CUST-83990,52,Manitoba,Universal Life,Monthly,1,182.33,50000,11,0,0
POL-00098,CUST-42221,62,Alberta,Whole Life,Monthly,0,167.38,50000,9,1,0
POL-00099,CUST-14517,37,Alberta,Whole Life,Monthly,0,113.15,50000,4,1,0
POL-00100,CUST-31555,47,Saskatchewan,Critical Illness,Annual,0,135.74,50000,12,0,0
POL-00101,CUST-78070,27,Saskatchewan,Critical Illness,Annual,0,87.46,50000,8,1,0
POL-00102,CUST-24685,47,Quebec,Whole Life,Annual,0,143.19,50000,10,1,0
POL-00103,CUST-37385,52,British Columbia,Whole Life,Monthly,0,127.95,50000,1,1,0
POL-00104,CUST-94592,47,Saskatchewan,Critical Illness,Monthly,0,127.11,50000,8,0,0
POL-00105,CUST-49492,27,Quebec,Critical Illness,Annual,0,108.44,50000,11,0,0
POL-00106,CUST-32461,37,Quebec,Universal Life,Monthly,1,140.82,50000,12,1,1
POL-00107,CUST-59326,67,Manitoba,Term Life,Annual,0,149.51,50000,3,0,0
POL-00108,CUST-93485,57,British Columbia,Term Life,Monthly,0,142.67,50000,1,0,0
POL-00109,CUST-29369,37,Alberta,Critical Illness,Annual,0,128.3,50000,13,0,0
POL-00110,CUST-63264,62,Saskatchewan,Universal Life,Monthly,0,129.35,50000,5,0,0
POL-00111,CUST-81523,62,Manitoba,Universal Life,Monthly,0,157.83,50000,8,1,0
POL-00112,CUST-63106,37,British Columbia,Universal Life,Monthly,0,103.99,50000,10,0,0
POL-00113,CUST-89221,67,British Columbia,Whole Life,Monthly,0,163.59,50000,8,0,0
POL-00114,CUST-46019,42,Ontario,Whole Life,Monthly,0,116.42,50000,15,0,1
POL-00115,CUST-81272,57,British Columbia,Universal Life,Annual,0,159.13,50000,13,0,0
POL-00116,CUST-45634,57,Saskatchewan,Term Life,Monthly,1,183.25,50000,6,0,1
POL-00117,CUST-15403,42,Quebec,Universal Life,Monthly,0,132.73,50000,3,0,0
POL-00118,CUST-38868,57,Quebec,Universal Life,Monthly,1,198.01,50000,15,0,0
POL-00119,CUST-22880,37,Manitoba,Universal Life,Annual,0,111.96,50000,11,0,1
POL-00120,CUST-75647,27,Ontario,Term Life,Annual,0,89.29,50000,12,0,0
POL-00121,CUST-46092,32,Ontario,Universal Life,Annual,0,107.13,50000,7,2,0
POL-00122,CUST-76487,27,Ontario,Term Life,Annual,0,100.44,50000,8,1,0
POL-00123,CUST-77283,67,Alberta,Term Life,Monthly,0,151.76,50000,3,1,0
POL-00124,CUST-57809,27,Manitoba,Whole Life,Annual,1,131.43,50000,7,1,1
POL-00125,CUST-93519,67,Alberta,Term Life,Monthly,0,162.56,50000,9,0,0
POL-00126,CUST-50403,62,Manitoba,Critical Illness,Monthly,0,151.56,50000,2,0,0
POL-00127,CUST-72178,67,British Columbia,Critical Illness,Monthly,1,192.31,50000,10,0,1
POL-00128,CUST-67205,52,Alberta,Term Life,Monthly,1,166.09,50000,10,0,0
POL-00129,CUST-73981,42,Alberta,Universal Life,Annual,0,135.67,50000,13,0,0
POL-00130,CUST-54226,67,Ontario,Whole Life,Monthly,0,161.23,50000,1,1,0
POL-00131,CUST-48499,57,British Columbia,Universal Life,Annual,1,196.33,50000,4,0,0
POL-00132,CUST-84174,67,Saskatchewan,Critical Illness,Annual,0,167.17,50000,7,0,0
POL-00133,CUST-91094,47,Ontario,Whole Life,Monthly,1,151.01,50000,14,0,0
POL-00134,CUST-15863,57,Manitoba,Term Life,Monthly,1,184.89,50000,4,0,0
POL-00135,CUST-98004,32,Ontario,Term Life,Monthly,0,88.34,50000,15,0,1
POL-00136,CUST-91233,57,Alberta,Whole Life,Monthly,0,154.89,50000,15,0,0
POL-00137,CUST-62581,62,Saskatchewan,Critical Illness,Annual,0,154.11,50000,2,0,0
POL-00138,CUST-57204,42,Manitoba,Whole Life,Monthly,1,165.86,50000,6,0,0
POL-00139,CUST-51176,47,Quebec,Term Life,Monthly,1,181.8,50000,4,0,0
POL-00140,CUST-55828,52,Alberta,Term Life,Monthly,0,117.78,50000,8,1,0
POL-00141,CUST-25853,52,Manitoba,Critical Illness,Monthly,1,168.07,50000,14,0,1
POL-00142,CUST-45187,67,Manitoba,Term Life,Monthly,0,151.09,50000,6,0,0
POL-00143,CUST-95209,52,Saskatchewan,Universal Life,Monthly,1,199.5,50000,10,1,0
POL-00144,CUST-57905,62,Ontario,Universal Life,Monthly,0,151.32,50000,3,0,0
POL-00145,CUST-42672,32,Manitoba,Term Life,Annual,0,86.82,50000,9,0,0
POL-00146,CUST-29829,62,British Columbia,Term Life,Monthly,0,183.48,50000,6,0,0
POL-00147,CUST-79406,47,British Columbia,Term Life,Monthly,0,120.89,50000,14,1,0
POL-00148,CUST-54758,62,Ontario,Term Life,Monthly,0,137.14,50000,12,0,0
POL-00149,CUST-62078,27,Manitoba,Universal Life,Monthly,0,79.7,50000,4,0,0
POL-00150,CUST-45839,42,Alberta,Universal Life,Monthly,0,122.32,50000,10,1,0
POL-00151,CUST-13133,62,Quebec,Term Life,Annual,0,157.15,50000,6,0,0
POL-00152,CUST-36458,42,Saskatchewan,Whole Life,Monthly,0,110.57,50000,7,0,0
POL-00153,CUST-63301,52,Alberta,Term Life,Monthly,1,167.78,50000,7,1,0
POL-00154,CUST-29097,37,Ontario,Term Life,Monthly,0,112.24,50000,13,0,0
POL-00155,CUST-55558,62,Alberta,Universal Life,Monthly,0,172.49,50000,5,1,0
POL-00156,CUST-87418,32,Quebec,Universal Life,Monthly,0,106.6,50000,1,0,0
POL-00157,CUST-26998,57,British Columbia,Universal Life,Annual,0,140.84,50000,3,2,0
POL-00158,CUST-86514,42,Ontario,Term Life,Annual,0,117.86,50000,13,0,0
POL-00159,CUST-22551,47,Quebec,Whole Life,Monthly,0,138.84,50000,5,1,0
POL-00160,CUST-53660,37,Quebec,Whole Life,Annual,0,131.76,50000,1,0,0
POL-00161,CUST-68429,42,Alberta,Critical Illness,Monthly,0,107.34,50000,7,0,0
POL-00162,CUST-30831,37,Saskatchewan,Universal Life,Monthly,0,124.97,50000,14,0,0
POL-00163,CUST-30732,27,British Columbia,Critical Illness,Monthly,0,89.85,50000,14,0,0
POL-00164,CUST-50533,47,Alberta,Term Life,Monthly,0,110.11,50000,15,0,0
POL-00165,CUST-11858,32,Ontario,Whole Life,Monthly,0,80.73,50000,11,0,0
POL-00166,CUST-93306,67,Manitoba,Universal Life,Monthly,0,181.61,50000,13,0,0
POL-00167,CUST-33191,37,Quebec,Term Life,Monthly,0,129.04,50000,12,0,0
POL-00168,CUST-80145,27,Quebec,Whole Life,Monthly,0,86.77,50000,1,0,0
POL-00169,CUST-35942,52,British Columbia,Whole Life,Annual,0,136.05,50000,7,0,0
POL-00170,CUST-82679,42,Saskatchewan,Critical Illness,Monthly,0,99.21,50000,8,0,0
POL-00171,CUST-26550,27,British Columbia,Term Life,Annual,0,102.74,50000,7,2,1
POL-00172,CUST-73246,62,Ontario,Critical Illness,Monthly,0,156.26,50000,13,0,0
POL-00173,CUST-74849,27,British Columbia,Whole Life,Monthly,0,74.97,50000,15,1,0
POL-00174,CUST-75160,27,Saskatchewan,Whole Life,Monthly,0,96.06,50000,9,1,0
POL-00175,CUST-14903,52,Alberta,Whole Life,Monthly,0,121.93,50000,2,0,0
POL-00176,CUST-23466,42,Alberta,Term Life,Monthly,1,162.29,50000,6,0,0
POL-00177,CUST-88325,37,Manitoba,Critical Illness,Monthly,0,98.61,50000,3,0,0
POL-00178,CUST-41215,42,Saskatchewan,Critical Illness,Monthly,0,124.64,50000,8,1,0
POL-00179,CUST-82233,47,Saskatchewan,Critical Illness,Monthly,0,121.76,50000,4,0,0
POL-00180,CUST-84875,37,Quebec,Critical Illness,Annual,1,118.21,50000,2,0,0
POL-00181,CUST-72405,67,Saskatchewan,Universal Life,Monthly,0,177.55,50000,3,2,0
POL-00182,CUST-25954,62,Saskatchewan,Whole Life,Monthly,0,169.21,50000,8,0,0
POL-00183,CUST-40120,57,Ontario,Critical Illness,Monthly,1,176.34,50000,3,0,0
POL-00184,CUST-16764,67,British Columbia,Term Life,Monthly,0,168.89,50000,1,0,0
POL-00185,CUST-10528,57,Quebec,Universal Life,Monthly,0,152.86,50000,5,1,0
POL-00186,CUST-86176,67,Ontario,Whole Life,Annual,0,171.25,50000,10,1,0
POL-00187,CUST-52908,57,Manitoba,Universal Life,Monthly,0,168.31,50000,10,2,1
POL-00188,CUST-80267,42,Alberta,Term Life,Monthly,0,125.6,50000,6,1,0
POL-00189,CUST-24084,57,Quebec,Term Life,Monthly,0,143.31,50000,10,0,0
POL-00190,CUST-24231,57,British Columbia,Term Life,Monthly,0,152.73,50000,3,0,0
POL-00191,CUST-60705,47,Saskatchewan,Whole Life,Monthly,0,124.44,50000,11,0,0
POL-00192,CUST-57530,42,British Columbia,Whole Life,Annual,1,142.81,50000,1,0,0
POL-00193,CUST-47215,32,Alberta,Term Life,Monthly,0,117.24,50000,3,0,0
POL-00194,CUST-13752,57,Quebec,Term Life,Monthly,0,154.01,50000,14,0,0
POL-00195,CUST-33698,42,Alberta,Whole Life,Annual,1,133.26,50000,8,0,0
POL-00196,CUST-23366,37,British Columbia,Term Life,Monthly,0,103.4,50000,9,0,0
POL-00197,CUST-24940,52,Ontario,Universal Life,Annual,0,147.69,50000,6,0,0
POL-00198,CUST-33153,52,Saskatchewan,Term Life,Annual,0,119.83,50000,10,1,1
POL-00199,CUST-69998,57,British Columbia,Whole Life,Monthly,0,138.56,50000,12,2,0
POL-00200,CUST-73359,32,British Columbia,Term Life,Monthly,0,134.54,50000,12,1,0
POL-00201,CUST-82184,47,Quebec,Whole Life,Monthly,1,160.63,50000,4,1,0
POL-00202,CUST-37444,32,Saskatchewan,Whole Life,Monthly,0,115.59,50000,10,1,0
POL-00203,CUST-58646,27,Ontario,Whole Life,Monthly,0,111.61,50000,12,0,0
POL-00204,CUST-82942,67,Alberta,Whole Life,Monthly,1,189.7,50000,7,1,0
POL-00205,CUST-53876,42,Alberta,Whole Life,Annual,0,123.8,50000,6,2,1
POL-00206,CUST-12118,52,British Columbia,Term Life,Monthly,0,163.31,50000,10,0,0
POL-00207,CUST-54694,32,Alberta,Whole Life,Monthly,0,108.11,50000,9,1,0
POL-00208,CUST-10389,32,Quebec,Term Life,Monthly,1,165.99,50000,4,0,0
POL-00209,CUST-44824,27,Alberta,Universal Life,Monthly,0,85.96,50000,15,0,0
POL-00210,CUST-36981,57,Ontario,Whole Life,Monthly,1,204.17,50000,9,0,1
POL-00211,CUST-92370,37,Quebec,Universal Life,Monthly,0,111.8,50000,9,0,0
POL-00212,CUST-75784,27,Ontario,Whole Life,Monthly,1,124.67,50000,4,1,0
POL-00213,CUST-69275,67,British Columbia,Term Life,Monthly,0,173.28,50000,11,1,0
POL-00214,CUST-95637,52,Quebec,Term Life,Monthly,0,137.26,50000,14,1,0
POL-00215,CUST-94803,62,Quebec,Term Life,Monthly,0,155.59,50000,11,0,0
POL-00216,CUST-38389,32,Quebec,Whole Life,Monthly,0,108.42,50000,8,1,0
POL-00217,CUST-59639,52,Alberta,Universal Life,Annual,0,116.91,50000,10,0,0
POL-00218,CUST-60121,67,Alberta,Universal Life,Monthly,0,156.02,50000,4,0,0
POL-00219,CUST-12128,52,Saskatchewan,Whole Life,Monthly,0,147.27,50000,1,0,0
POL-00220,CUST-13721,27,Manitoba,Term Life,Monthly,0,105.5,50000,10,0,0
POL-00221,CUST-40509,42,British Columbia,Critical Illness,Monthly,0,124.89,50000,3,0,0
POL-00222,CUST-10113,42,Manitoba,Term Life,Monthly,0,123.91,50000,2,0,0
POL-00223,CUST-72099,27,Ontario,Term Life,Annual,0,98.43,50000,12,1,0
POL-00224,CUST-11418,62,Saskatchewan,Critical Illness,Monthly,0,168.09,50000,7,0,0
POL-00225,CUST-30474,37,British Columbia,Term Life,Monthly,0,94.49,50000,13,1,0
POL-00226,CUST-18759,57,Saskatchewan,Term Life,Annual,0,141.49,50000,13,0,0
POL-00227,CUST-54995,62,Alberta,Term Life,Monthly,1,190.71,50000,2,2,0
POL-00228,CUST-88690,57,Ontario,Whole Life,Monthly,1,184.95,50000,12,0,0
POL-00229,CUST-14874,27,Ontario,Term Life,Monthly,0,68.28,50000,6,0,0
POL-00230,CUST-67724,57,Alberta,Universal Life,Annual,0,132.51,50000,11,0,0
POL-00231,CUST-58777,42,Alberta,Whole Life,Monthly,0,120.4,50000,1,0,0
POL-00232,CUST-90847,67,Manitoba,Term Life,Monthly,0,177.76,50000,8,0,0
POL-00233,CUST-63613,32,Saskatchewan,Term Life,Annual,0,97.57,50000,10,0,0
POL-00234,CUST-85139,47,Ontario,Universal Life,Annual,1,156.6,50000,7,0,0
POL-00235,CUST-72218,67,Saskatchewan,Term Life,Annual,1,206.94,50000,9,1,0
POL-00236,CUST-78857,47,Quebec,Universal Life,Monthly,0,125.66,50000,1,2,1
POL-00237,CUST-53715,57,Manitoba,Whole Life,Annual,0,158.17,50000,1,0,0
POL-00238,CUST-41833,47,Quebec,Term Life,Monthly,0,126.94,50000,10,1,0
POL-00239,CUST-56070,57,Alberta,Whole Life,Monthly,0,134.22,50000,7,0,0
POL-00240,CUST-22061,47,Alberta,Whole Life,Annual,0,146.65,50000,9,0,0
POL-00241,CUST-74087,47,Quebec,Whole Life,Monthly,0,144.45,50000,6,0,0
POL-00242,CUST-19302,42,Quebec,Universal Life,Monthly,0,109.13,50000,1,1,0
POL-00243,CUST-93949,47,British Columbia,Critical Illness,Monthly,1,169.35,50000,11,0,0
POL-00244,CUST-12251,27,Ontario,Universal Life,Annual,0,89.68,50000,3,1,0
POL-00245,CUST-20109,67,Ontario,Whole Life,Monthly,0,173.03,50000,12,1,0
POL-00246,CUST-25999,42,Saskatchewan,Whole Life,Annual,1,145.09,50000,1,0,1
POL-00247,CUST-26520,62,Ontario,Whole Life,Monthly,0,167.06,50000,14,2,0
POL-00248,CUST-11722,27,Manitoba,Term Life,Monthly,0,107.94,50000,4,1,0
POL-00249,CUST-98645,52,Manitoba,Universal Life,Monthly,0,127.23,50000,14,0,0
POL-00250,CUST-71901,42,Manitoba,Critical Illness,Annual,0,121.41,50000,1,0,0
POL-00251,CUST-37037,32,Ontario,Term Life,Monthly,0,117.19,50000,7,0,1
POL-00252,CUST-44995,27,Saskatchewan,Critical Illness,Monthly,1,116.58,50000,7,0,0
POL-00253,CUST-30389,32,Manitoba,Universal Life,Monthly,0,94.57,50000,3,0,0
POL-00254,CUST-57533,42,British Columbia,Whole Life,Annual,0,128.54,50000,8,1,0
POL-00255,CUST-45651,47,British Columbia,Critical Illness,Annual,0,127.67,50000,4,1,1
POL-00256,CUST-53095,52,Quebec,Term Life,Monthly,0,119.7,50000,7,0,0
POL-00257,CUST-45986,62,Quebec,Term Life,Monthly,1,187.76,50000,6,1,1
POL-00258,CUST-35508,42,Alberta,Term Life,Monthly,0,141.56,50000,3,0,0
POL-00259,CUST-55425,57,Alberta,Whole Life,Monthly,0,172.35,50000,12,1,0
POL-00260,CUST-20307,57,Ontario,Term Life,Annual,0,139.95,50000,8,0,0
POL-00261,CUST-60152,47,Alberta,Critical Illness,Monthly,0,118.64,50000,13,0,0
POL-00262,CUST-58805,37,Quebec,Term Life,Monthly,1,141.1,50000,13,0,0
POL-00263,CUST-20793,52,British Columbia,Term Life,Monthly,0,160.22,50000,4,1,0
POL-00264,CUST-87736,27,Alberta,Whole Life,Monthly,0,103.71,50000,5,0,0
POL-00265,CUST-95626,57,Saskatchewan,Term Life,Monthly,0,165.17,50000,15,0,0
POL-00266,CUST-77472,52,Alberta,Universal Life,Monthly,0,150.58,50000,5,0,0
POL-00267,CUST-95433,37,British Columbia,Term Life,Monthly,0,95.77,50000,2,0,0
POL-00268,CUST-93831,42,Alberta,Critical Illness,Monthly,0,109.21,50000,9,2,0
POL-00269,CUST-76521,27,Alberta,Universal Life,Monthly,0,85.25,50000,15,2,0
POL-00270,CUST-42037,52,Alberta,Term Life,Monthly,1,167.34,50000,4,0,0
POL-00271,CUST-28760,32,Alberta,Term Life,Monthly,0,94.46,50000,10,0,0
POL-00272,CUST-86112,67,British Columbia,Term Life,Monthly,0,158.86,50000,6,0,0
POL-00273,CUST-53894,57,Alberta,Critical Illness,Monthly,0,155.29,50000,6,0,0
POL-00274,CUST-75030,42,Ontario,Universal Life,Monthly,0,122.23,50000,7,0,1
POL-00275,CUST-90150,47,Quebec,Whole Life,Monthly,0,144.24,50000,3,1,0
POL-00276,CUST-94869,62,Manitoba,Term Life,Monthly,0,159.62,50000,6,0,0
POL-00277,CUST-71467,62,British Columbia,Critical Illness,Monthly,0,148.48,50000,5,1,0
POL-00278,CUST-35898,57,Ontario,Term Life,Monthly,0,149.86,50000,13,0,0
POL-00279,CUST-17357,27,Saskatchewan,Universal Life,Annual,0,75.46,50000,4,0,1
POL-00280,CUST-82325,67,Saskatchewan,Universal Life,Monthly,0,137.86,50000,13,0,0
POL-00281,CUST-12171,52,Alberta,Term Life,Annual,1,181.32,50000,1,0,0
POL-00282,CUST-55733,47,British Columbia,Whole Life,Monthly,0,141.82,50000,7,0,1
POL-00283,CUST-36464,52,British Columbia,Term Life,Monthly,1,174.47,50000,5,1,0
POL-00284,CUST-49306,42,British Columbia,Term Life,Monthly,0,115.9,50000,7,1,0
POL-00285,CUST-89072,27,Ontario,Critical Illness,Monthly,0,77.5,50000,12,0,0
POL-00286,CUST-51917,37,Manitoba,Universal Life,Monthly,0,125.6,50000,15,0,0
POL-00287,CUST-23321,42,Alberta,Universal Life,Annual,0,126.51,50000,11,0,0
POL-00288,CUST-48932,67,Manitoba,Whole Life,Annual,1,204.09,50000,8,0,0
POL-00289,CUST-19089,57,Ontario,Term Life,Monthly,0,147.54,50000,8,0,0
POL-00290,CUST-88935,62,Alberta,Universal Life,Monthly,1,185.97,50000,15,0,0
POL-00291,CUST-13544,42,Saskatchewan,Whole Life,Monthly,0,107.24,50000,15,0,0
POL-00292,CUST-94996,52,Alberta,Term Life,Monthly,0,141.63,50000,12,0,0
POL-00293,CUST-29937,67,Saskatchewan,Whole Life,Monthly,0,159.14,50000,3,0,0
POL-00294,CUST-69668,27,Alberta,Whole Life,Monthly,0,88.51,50000,4,0,0
POL-00295,CUST-89471,32,Saskatchewan,Universal Life,Monthly,0,123.21,50000,5,1,0
POL-00296,CUST-27349,57,Saskatchewan,Term Life,Annual,1,182.02,50000,4,1,0
POL-00297,CUST-93715,27,Saskatchewan,Critical Illness,Monthly,0,64.16,50000,15,0,0
POL-00298,CUST-47845,42,Quebec,Term Life,Monthly,0,114.17,50000,3,2,0
POL-00299,CUST-55889,67,Quebec,Term Life,Monthly,0,153.58,50000,13,1,0
POL-00300,CUST-42002,47,Ontario,Term Life,Annual,0,127.93,50000,13,2,0
POL-00301,CUST-98786,42,Quebec,Universal Life,Monthly,1,138.51,50000,8,1,0
POL-00302,CUST-70388,62,Alberta,Term Life,Monthly,0,161.8,50000,5,0,0
POL-00303,CUST-42247,52,Ontario,Whole Life,Monthly,0,135.05,50000,4,0,0
POL-00304,CUST-16330,42,Ontario,Term Life,Monthly,0,114.89,50000,11,0,0
POL-00305,CUST-90316,47,Saskatchewan,Universal Life,Monthly,1,166.4,50000,11,0,0
POL-00306,CUST-68870,42,Manitoba,Universal Life,Annual,0,119.68,50000,9,0,0
POL-00307,CUST-21330,42,Manitoba,Term Life,Annual,1,153.98,50000,9,1,0
POL-00308,CUST-52012,52,Ontario,Critical Illness,Annual,0,135.91,50000,13,0,0
POL-00309,CUST-33829,62,British Columbia,Term Life,Monthly,0,156.36,50000,12,0,1
POL-00310,CUST-33493,32,Alberta,Term Life,Monthly,1,141.72,50000,12,0,0
POL-00311,CUST-53121,27,Manitoba,Whole Life,Monthly,1,131.22,50000,5,0,0
POL-00312,CUST-15717,47,Manitoba,Universal Life,Monthly,0,143.12,50000,1,0,0
POL-00313,CUST-32139,37,British Columbia,Term Life,Monthly,0,105.04,50000,7,0,0
POL-00314,CUST-14767,57,Manitoba,Whole Life,Monthly,1,185.46,50000,6,0,0
POL-00315,CUST-94593,32,Manitoba,Term Life,Monthly,0,131.95,50000,6,0,0
POL-00316,CUST-90295,47,British Columbia,Whole Life,Annual,0,129.11,50000,8,0,0
POL-00317,CUST-24641,67,Manitoba,Universal Life,Annual,0,165.57,50000,14,0,0
POL-00318,CUST-61904,62,Quebec,Critical Illness,Monthly,0,141.44,50000,13,1,0
POL-00319,CUST-30206,42,British Columbia,Whole Life,Monthly,0,112.04,50000,11,1,0
POL-00320,CUST-59641,52,Saskatchewan,Whole Life,Monthly,0,137.32,50000,11,0,0
POL-00321,CUST-51074,52,Saskatchewan,Whole Life,Monthly,0,145.0,50000,7,0,0
POL-00322,CUST-11575,67,Manitoba,Term Life,Monthly,0,173.39,50000,9,0,0
POL-00323,CUST-81396,47,British Columbia,Term Life,Monthly,1,168.52,50000,7,0,0
POL-00324,CUST-79388,57,Ontario,Critical Illness,Monthly,0,157.25,50000,13,0,0
POL-00325,CUST-15395,52,Saskatchewan,Term Life,Annual,1,161.61,50000,15,0,0
POL-00326,CUST-28956,32,Ontario,Universal Life,Annual,0,108.47,50000,7,0,0
POL-00327,CUST-20332,57,Quebec,Term Life,Monthly,0,147.76,50000,11,0,0
POL-00328,CUST-44505,52,Ontario,Universal Life,Annual,0,140.1,50000,1,0,0
POL-00329,CUST-50294,67,Ontario,Term Life,Monthly,0,161.25,50000,7,1,0
POL-00330,CUST-68193,42,British Columbia,Critical Illness,Monthly,0,109.16,50000,14,0,0
POL-00331,CUST-66976,52,Quebec,Universal Life,Monthly,0,124.02,50000,11,0,0
POL-00332,CUST-22107,27,British Columbia,Term Life,Monthly,0,97.45,50000,8,0,0
POL-00333,CUST-53154,57,Quebec,Universal Life,Monthly,0,153.57,50000,4,0,0
POL-00334,CUST-81701,47,Saskatchewan,Whole Life,Monthly,0,128.05,50000,13,0,0
POL-00335,CUST-90014,32,Alberta,Term Life,Monthly,1,137.42,50000,15,0,0
POL-00336,CUST-85175,42,Ontario,Term Life,Annual,0,111.96,50000,6,0,0
POL-00337,CUST-36915,62,Alberta,Universal Life,Monthly,0,162.64,50000,13,0,0
POL-00338,CUST-56753,52,Quebec,Universal Life,Monthly,0,139.33,50000,9,1,0
POL-00339,CUST-22944,62,Alberta,Term Life,Annual,0,152.21,50000,6,0,0
POL-00340,CUST-42887,32,Saskatchewan,Critical Illness,Monthly,0,112.99,50000,5,1,0
POL-00341,CUST-35291,47,Alberta,Term Life,Monthly,0,137.34,50000,8,1,0
POL-00342,CUST-32670,37,Saskatchewan,Term Life,Annual,0,93.17,50000,7,1,0
POL-00343,CUST-88997,62,Quebec,Whole Life,Monthly,0,157.19,50000,10,0,1
POL-00344,CUST-75155,47,Ontario,Term Life,Monthly,0,118.1,50000,3,1,0
POL-00345,CUST-86525,62,Quebec,Term Life,Monthly,0,158.27,50000,8,0,0
POL-00346,CUST-40650,62,Quebec,Whole Life,Monthly,1,153.78,50000,12,2,0
POL-00347,CUST-45621,57,Saskatchewan,Term Life,Annual,0,149.97,50000,13,0,0
POL-00348,CUST-82856,67,British Columbia,Term Life,Monthly,0,174.14,50000,5,0,0
POL-00349,CUST-13797,42,Ontario,Universal Life,Monthly,0,119.27,50000,10,1,0
POL-00350,CUST-75919,47,Alberta,Whole Life,Monthly,0,115.62,50000,5,0,0
POL-00351,CUST-71187,42,Ontario,Universal Life,Annual,0,144.08,50000,12,0,0
POL-00352,CUST-41763,37,British Columbia,Whole Life,Monthly,0,125.47,50000,6,0,0
POL-00353,CUST-94808,67,Ontario,Whole Life,Monthly,0,159.23,50000,11,0,0
POL-00354,CUST-30599,37,Ontario,Term Life,Annual,0,108.47,50000,7,0,0
POL-00355,CUST-40335,52,Manitoba,Universal Life,Monthly,0,114.83,50000,5,0,0
POL-00356,CUST-42196,57,Ontario,Term Life,Monthly,0,153.28,50000,9,0,0
POL-00357,CUST-43070,32,Quebec,Term Life,Monthly,0,86.17,50000,10,0,0
POL-00358,CUST-40806,47,Quebec,Universal Life,Annual,0,137.6,50000,11,0,0
POL-00359,CUST-52864,62,Manitoba,Universal Life,Monthly,0,168.91,50000,12,0,0
POL-00360,CUST-96098,67,Ontario,Whole Life,Monthly,1,199.76,50000,11,1,1
POL-00361,CUST-53489,52,Saskatchewan,Term Life,Annual,0,125.83,50000,13,0,0
POL-00362,CUST-66457,62,Alberta,Term Life,Monthly,0,171.59,50000,7,0,0
POL-00363,CUST-70100,27,Alberta,Whole Life,Monthly,0,93.63,50000,8,1,0
POL-00364,CUST-69179,37,Alberta,Universal Life,Monthly,1,147.72,50000,8,1,0
POL-00365,CUST-39824,62,Ontario,Whole Life,Annual,0,145.42,50000,9,0,0
POL-00366,CUST-35520,67,Manitoba,Term Life,Monthly,0,167.92,50000,3,0,0
POL-00367,CUST-42833,57,Quebec,Term Life,Monthly,0,145.17,50000,13,0,0
POL-00368,CUST-42785,52,Quebec,Whole Life,Monthly,0,122.66,50000,8,1,0
POL-00369,CUST-84256,42,Manitoba,Universal Life,Monthly,0,136.68,50000,9,2,0
POL-00370,CUST-51954,32,Saskatchewan,Term Life,Annual,1,158.71,50000,14,0,0
POL-00371,CUST-93839,62,Quebec,Term Life,Monthly,1,203.82,50000,7,1,1
POL-00372,CUST-97903,62,British Columbia,Term Life,Monthly,0,167.03,50000,7,0,0
POL-00373,CUST-71165,47,Manitoba,Term Life,Annual,0,150.78,50000,9,0,0
POL-00374,CUST-70081,47,British Columbia,Whole Life,Monthly,0,117.03,50000,15,2,0
POL-00375,CUST-21238,67,Alberta,Term Life,Monthly,0,152.89,50000,4,1,0
POL-00376,CUST-23864,42,Alberta,Whole Life,Annual,0,115.63,50000,3,0,0
POL-00377,CUST-73962,52,Saskatchewan,Universal Life,Monthly,1,177.17,50000,2,0,1
POL-00378,CUST-99184,62,Manitoba,Critical Illness,Monthly,0,153.09,50000,12,0,0
POL-00379,CUST-82317,67,Manitoba,Critical Illness,Monthly,0,153.36,50000,1,0,1
POL-00380,CUST-34236,42,Quebec,Term Life,Monthly,0,120.67,50000,11,2,1
POL-00381,CUST-71049,47,Ontario,Term Life,Monthly,0,128.47,50000,14,0,0
POL-00382,CUST-65954,32,Saskatchewan,Term Life,Monthly,0,112.7,50000,11,0,0
POL-00383,CUST-14885,62,Quebec,Universal Life,Annual,0,157.13,50000,3,1,0
POL-00384,CUST-88763,47,Manitoba,Term Life,Annual,0,106.75,50000,10,0,0
POL-00385,CUST-41214,37,Manitoba,Term Life,Annual,0,116.23,50000,7,0,0
POL-00386,CUST-65417,62,Saskatchewan,Term Life,Monthly,0,175.58,50000,1,0,0
POL-00387,CUST-40483,47,Quebec,Term Life,Monthly,0,129.95,50000,3,1,0
POL-00388,CUST-93331,57,Saskatchewan,Universal Life,Annual,1,194.44,50000,12,0,0
POL-00389,CUST-52165,67,Alberta,Universal Life,Monthly,0,159.54,50000,9,0,0
POL-00390,CUST-86327,52,Saskatchewan,Whole Life,Monthly,0,145.39,50000,8,0,0
POL-00391,CUST-94595,62,Ontario,Critical Illness,Annual,0,147.66,50000,12,0,0
POL-00392,CUST-13150,67,Alberta,Term Life,Monthly,1,197.64,50000,8,0,0
POL-00393,CUST-47956,37,Ontario,Term Life,Monthly,0,108.74,50000,15,1,0
POL-00394,CUST-71812,57,Quebec,Term Life,Monthly,0,153.32,50000,1,0,0
POL-00395,CUST-85845,27,Alberta,Universal Life,Monthly,1,118.71,50000,5,0,0
POL-00396,CUST-74875,32,Manitoba,Whole Life,Monthly,1,120.02,50000,3,0,0
POL-00397,CUST-69349,27,Quebec,Term Life,Monthly,0,99.24,50000,7,0,0
POL-00398,CUST-43461,27,British Columbia,Critical Illness,Annual,0,98.79,50000,14,1,0
POL-00399,CUST-24797,27,Manitoba,Term Life,Monthly,0,94.95,50000,7,1,0
POL-00400,CUST-91856,42,Manitoba,Term Life,Monthly,0,131.79,50000,5,0,0
POL-00401,CUST-13972,57,British Columbia,Whole Life,Annual,0,145.17,50000,2,0,0
POL-00402,CUST-82082,32,Saskatchewan,Critical Illness,Annual,1,140.98,50000,6,0,0
POL-00403,CUST-13197,32,Quebec,Universal Life,Annual,0,98.4,50000,4,0,0
POL-00404,CUST-43036,57,Alberta,Critical Illness,Monthly,0,144.5,50000,3,1,0
POL-00405,CUST-87353,42,Saskatchewan,Term Life,Annual,0,124.68,50000,3,0,0
POL-00406,CUST-30077,47,Saskatchewan,Whole Life,Annual,0,156.8,50000,10,0,0
POL-00407,CUST-33769,62,British Columbia,Universal Life,Monthly,0,165.51,50000,11,0,0
POL-00408,CUST-29132,27,Saskatchewan,Whole Life,Monthly,0,100.18,50000,12,0,0
POL-00409,CUST-71314,27,Alberta,Term Life,Monthly,1,137.88,50000,1,0,0
POL-00410,CUST-29848,52,Saskatchewan,Critical Illness,Monthly,0,110.43,50000,14,0,0
POL-00411,CUST-72781,47,Ontario,Term Life,Monthly,0,133.43,50000,8,0,0
POL-00412,CUST-63029,57,Ontario,Whole Life,Monthly,0,158.53,50000,9,1,0
POL-00413,CUST-90373,52,Alberta,Critical Illness,Annual,1,174.61,50000,14,0,0
POL-00414,CUST-67848,52,Saskatchewan,Critical Illness,Monthly,0,138.08,50000,5,0,0
POL-00415,CUST-46225,52,Alberta,Critical Illness,Annual,0,127.32,50000,8,0,0
POL-00416,CUST-23398,27,British Columbia,Critical Illness,Monthly,0,88.4,50000,2,0,0
POL-00417,CUST-49906,27,Alberta,Term Life,Annual,0,83.6,50000,8,0,1
POL-00418,CUST-59367,32,Quebec,Critical Illness,Monthly,0,114.59,50000,4,0,0
POL-00419,CUST-93949,42,British Columbia,Whole Life,Monthly,0,138.62,50000,3,0,0
POL-00420,CUST-32525,52,Saskatchewan,Universal Life,Monthly,0,161.82,50000,10,0,0
POL-00421,CUST-44421,67,Ontario,Term Life,Annual,1,190.4,50000,2,0,0
POL-00422,CUST-91935,62,Alberta,Universal Life,Monthly,1,183.58,50000,15,0,0
POL-00423,CUST-92627,47,Alberta,Whole Life,Monthly,0,120.6,50000,4,0,0
POL-00424,CUST-87066,67,Alberta,Universal Life,Annual,1,188.38,50000,2,0,0
POL-00425,CUST-26136,32,Ontario,Term Life,Monthly,0,90.57,50000,7,1,0
POL-00426,CUST-20406,47,Quebec,Term Life,Monthly,0,123.41,50000,6,0,0
POL-00427,CUST-43830,57,British Columbia,Whole Life,Monthly,1,193.09,50000,10,1,0
POL-00428,CUST-32705,62,Saskatchewan,Term Life,Monthly,0,147.99,50000,11,0,0
POL-00429,CUST-38197,67,Alberta,Universal Life,Monthly,0,178.24,50000,9,1,0
POL-00430,CUST-95005,37,Quebec,Term Life,Monthly,0,128.01,50000,9,2,0
POL-00431,CUST-58424,57,Saskatchewan,Whole Life,Monthly,0,151.02,50000,12,0,0
POL-00432,CUST-36908,57,Quebec,Term Life,Monthly,0,162.35,50000,10,0,0
POL-00433,CUST-75536,47,Quebec,Term Life,Annual,1,148.26,50000,3,0,0
POL-00434,CUST-83423,52,Saskatchewan,Whole Life,Annual,0,131.9,50000,7,0,0
POL-00435,CUST-48863,42,Alberta,Term Life,Monthly,0,122.87,50000,11,1,0
POL-00436,CUST-14541,42,British Columbia,Term Life,Monthly,0,123.28,50000,5,1,0
POL-00437,CUST-52016,57,Alberta,Term Life,Monthly,0,164.75,50000,13,0,0
POL-00438,CUST-44901,32,Ontario,Term Life,Annual,0,90.61,50000,8,1,0
POL-00439,CUST-27084,37,Quebec,Whole Life,Monthly,0,105.16,50000,5,0,0
POL-00440,CUST-65330,27,Ontario,Term Life,Monthly,0,92.58,50000,6,0,0
POL-00441,CUST-76246,57,Saskatchewan,Term Life,Monthly,0,141.38,50000,10,0,0
POL-00442,CUST-45958,27,Alberta,Universal Life,Monthly,0,81.09,50000,11,0,0
POL-00443,CUST-44396,37,Quebec,Whole Life,Annual,0,105.88,50000,4,0,1
POL-00444,CUST-81157,42,British Columbia,Whole Life,Monthly,0,117.65,50000,3,1,1
POL-00445,CUST-26072,67,British Columbia,Term Life,Monthly,1,217.97,50000,2,2,0
POL-00446,CUST-98191,62,Quebec,Critical Illness,Monthly,0,144.36,50000,8,1,0
POL-00447,CUST-47705,62,Saskatchewan,Whole Life,Monthly,0,166.38,50000,14,0,0
POL-00448,CUST-56217,52,Ontario,Term Life,Monthly,0,153.87,50000,15,0,0
POL-00449,CUST-63211,67,Alberta,Critical Illness,Annual,1,194.45,50000,9,3,0
POL-00450,CUST-51726,42,Ontario,Universal Life,Monthly,1,158.72,50000,8,1,1
POL-00451,CUST-14378,62,Alberta,Whole Life,Monthly,0,163.51,50000,8,1,0
POL-00452,CUST-73405,62,Saskatchewan,Critical Illness,Monthly,0,161.53,50000,4,2,0
POL-00453,CUST-90602,67,Quebec,Term Life,Monthly,0,166.59,50000,7,1,0
POL-00454,CUST-77832,32,British Columbia,Universal Life,Annual,1,129.45,50000,15,0,0
POL-00455,CUST-71924,42,Alberta,Universal Life,Monthly,0,128.55,50000,10,0,0
POL-00456,CUST-15381,62,British Columbia,Term Life,Monthly,0,152.11,50000,4,0,0
POL-00457,CUST-80725,52,Saskatchewan,Term Life,Monthly,1,173.94,50000,2,0,0
POL-00458,CUST-49382,37,Manitoba,Term Life,Annual,0,113.71,50000,12,0,0
POL-00459,CUST-37376,47,Quebec,Critical Illness,Annual,0,139.87,50000,14,0,0
POL-00460,CUST-54976,67,Ontario,Term Life,Monthly,0,188.74,50000,2,0,0
POL-00461,CUST-30554,47,Ontario,Term Life,Monthly,1,155.75,50000,6,0,0
POL-00462,CUST-37667,27,Alberta,Universal Life,Annual,0,94.23,50000,13,1,0
POL-00463,CUST-82981,62,Saskatchewan,Universal Life,Annual,1,173.79,50000,4,0,0
POL-00464,CUST-78317,67,British Columbia,Term Life,Monthly,0,183.38,50000,3,0,0
POL-00465,CUST-60375,27,Ontario,Universal Life,Annual,0,94.13,50000,6,1,1
POL-00466,CUST-89827,67,Quebec,Whole Life,Monthly,1,197.0,50000,6,1,1
POL-00467,CUST-24063,27,Ontario,Universal Life,Monthly,0,94.23,50000,8,1,0
POL-00468,CUST-86079,32,Saskatchewan,Term Life,Monthly,0,103.83,50000,15,0,1
POL-00469,CUST-52921,47,Alberta,Term Life,Monthly,0,120.82,50000,15,0,0
POL-00470,CUST-67039,52,Ontario,Whole Life,Monthly,0,152.86,50000,9,0,0
POL-00471,CUST-85326,47,Manitoba,Term Life,Monthly,0,137.34,50000,2,0,0
POL-00472,CUST-81477,67,Manitoba,Whole Life,Annual,0,175.01,50000,4,0,0
POL-00473,CUST-99170,47,Alberta,Term Life,Annual,1,156.44,50000,3,0,0
POL-00474,CUST-30936,42,Alberta,Universal Life,Monthly,1,146.79,50000,1,0,0
POL-00475,CUST-25231,62,British Columbia,Critical Illness,Monthly,1,190.24,50000,6,0,0
POL-00476,CUST-12311,42,British Columbia,Universal Life,Monthly,0,130.2,50000,1,0,0
POL-00477,CUST-70543,57,Manitoba,Critical Illness,Monthly,1,188.62,50000,9,0,0
POL-00478,CUST-56210,37,Ontario,Critical Illness,Monthly,1,137.27,50000,5,0,0
POL-00479,CUST-69938,47,Ontario,Whole Life,Annual,0,137.61,50000,11,0,0
POL-00480,CUST-46898,37,Manitoba,Term Life,Monthly,1,134.93,50000,8,0,0
POL-00481,CUST-41429,37,Manitoba,Critical Illness,Monthly,0,103.66,50000,15,1,0
POL-00482,CUST-89353,32,British Columbia,Critical Illness,Annual,1,139.49,50000,8,0,0
POL-00483,CUST-26357,47,Ontario,Critical Illness,Monthly,0,115.54,50000,3,0,0
POL-00484,CUST-81018,52,British Columbia,Universal Life,Monthly,0,127.04,50000,14,0,0
POL-00485,CUST-19567,67,Alberta,Term Life,Monthly,0,184.23,50000,5,1,0
POL-00486,CUST-44366,32,Manitoba,Critical Illness,Annual,0,119.0,50000,12,0,0
POL-00487,CUST-14272,67,Manitoba,Critical Illness,Monthly,0,193.08,50000,12,0,0
POL-00488,CUST-11568,42,British Columbia,Universal Life,Monthly,0,126.01,50000,14,1,0
POL-00489,CUST-13205,27,Ontario,Critical Illness,Monthly,1,136.34,50000,10,1,0
POL-00490,CUST-34738,57,Ontario,Whole Life,Monthly,0,145.74,50000,8,2,0
POL-00491,CUST-94889,57,Quebec,Critical Illness,Monthly,0,143.39,50000,6,0,0
POL-00492,CUST-42439,32,Ontario,Term Life,Monthly,0,113.06,50000,7,1,0
POL-00493,CUST-65272,57,Ontario,Critical Illness,Monthly,0,163.94,50000,12,0,0
POL-00494,CUST-70824,47,British Columbia,Term Life,Annual,0,139.04,50000,9,0,0
POL-00495,CUST-88807,32,Quebec,Term Life,Monthly,0,92.52,50000,1,1,1
POL-00496,CUST-91294,32,Ontario,Term Life,Annual,0,107.3,50000,6,1,0
POL-00497,CUST-13462,67,Manitoba,Whole Life,Monthly,0,156.36,50000,14,0,0
POL-00498,CUST-29885,27,Ontario,Term Life,Annual,1,124.71,50000,4,1,0
POL-00499,CUST-79156,52,Manitoba,Critical Illness,Monthly,0,158.23,50000,8,0,0
POL-00500,CUST-80731,42,Ontario,Whole Life,Monthly,0,106.21,50000,13,0,0
POL-00501,CUST-98278,57,Quebec,Critical Illness,Monthly,0,173.62,50000,5,0,0
POL-00502,CUST-75571,62,Saskatchewan,Term Life,Annual,1,198.19,50000,11,0,1
POL-00503,CUST-58239,42,Saskatchewan,Term Life,Monthly,0,115.01,50000,12,0,1
POL-00504,CUST-41783,27,Ontario,Universal Life,Monthly,1,129.42,50000,5,0,0
POL-00505,CUST-52394,52,Ontario,Universal Life,Monthly,0,130.38,50000,14,0,0
POL-00506,CUST-11455,37,Quebec,Whole Life,Monthly,1,140.04,50000,7,0,1
POL-00507,CUST-71653,52,British Columbia,Universal Life,Monthly,0,139.48,50000,5,2,1
POL-00508,CUST-12943,27,Saskatchewan,Universal Life,Annual,0,89.65,50000,4,1,0
POL-00509,CUST-68313,32,Manitoba,Whole Life,Monthly,0,91.4,50000,4,0,0
POL-00510,CUST-65731,32,Alberta,Critical Illness,Monthly,0,99.94,50000,9,0,0
POL-00511,CUST-98634,42,Alberta,Universal Life,Monthly,1,139.82,50000,4,1,0
POL-00512,CUST-86240,52,Saskatchewan,Universal Life,Annual,0,123.34,50000,6,0,0
POL-00513,CUST-75621,62,Alberta,Term Life,Monthly,0,141.22,50000,11,2,0
POL-00514,CUST-66876,52,British Columbia,Term Life,Monthly,0,158.66,50000,14,1,1
POL-00515,CUST-36723,42,Manitoba,Term Life,Monthly,0,125.47,50000,11,0,0
POL-00516,CUST-79630,52,British Columbia,Universal Life,Monthly,1,180.75,50000,8,1,0
POL-00517,CUST-59809,62,British Columbia,Universal Life,Monthly,0,156.74,50000,11,0,0
POL-00518,CUST-55257,57,Quebec,Term Life,Monthly,0,153.68,50000,7,1,0
POL-00519,CUST-65916,67,Alberta,Whole Life,Monthly,0,179.71,50000,5,0,0
POL-00520,CUST-33657,42,Quebec,Term Life,Annual,1,160.49,50000,12,0,0
POL-00521,CUST-33432,32,Saskatchewan,Term Life,Monthly,1,157.28,50000,3,2,0
POL-00522,CUST-13578,52,Manitoba,Critical Illness,Monthly,0,138.15,50000,14,0,0
POL-00523,CUST-44831,67,Alberta,Whole Life,Monthly,0,172.79,50000,7,1,0
POL-00524,CUST-83560,42,Ontario,Term Life,Monthly,1,164.05,50000,13,0,0
POL-00525,CUST-17617,67,Alberta,Whole Life,Monthly,1,189.42,50000,2,0,1
POL-00526,CUST-52680,57,Manitoba,Term Life,Monthly,0,148.11,50000,8,0,0
POL-00527,CUST-86503,62,Saskatchewan,Universal Life,Monthly,0,134.5,50000,7,0,0
POL-00528,CUST-88881,47,Saskatchewan,Critical Illness,Monthly,0,128.04,50000,6,1,0
POL-00529,CUST-93827,62,Quebec,Whole Life,Monthly,0,153.25,50000,8,1,0
POL-00530,CUST-43316,57,British Columbia,Whole Life,Monthly,0,143.53,50000,10,0,0
POL-00531,CUST-40221,57,Quebec,Term Life,Monthly,1,177.71,50000,15,1,0
POL-00532,CUST-34837,47,Quebec,Whole Life,Monthly,0,135.74,50000,13,0,0
POL-00533,CUST-47358,42,Manitoba,Term Life,Monthly,1,144.97,50000,4,0,0
POL-00534,CUST-70033,62,Ontario,Term Life,Monthly,0,178.92,50000,15,1,0
POL-00535,CUST-71131,27,Alberta,Critical Illness,Monthly,0,100.41,50000,8,0,0
POL-00536,CUST-64390,32,British Columbia,Whole Life,Annual,0,92.96,50000,7,1,1
POL-00537,CUST-51691,67,Ontario,Whole Life,Monthly,0,173.37,50000,1,0,0
POL-00538,CUST-73380,27,Alberta,Term Life,Monthly,1,140.54,50000,11,0,0
POL-00539,CUST-40817,57,Alberta,Universal Life,Annual,0,152.03,50000,14,1,0
POL-00540,CUST-18197,27,Saskatchewan,Term Life,Annual,0,81.53,50000,5,0,0
POL-00541,CUST-96550,57,Saskatchewan,Whole Life,Monthly,1,209.45,50000,14,1,0
POL-00542,CUST-17501,37,Ontario,Universal Life,Monthly,0,119.27,50000,2,0,0
POL-00543,CUST-86546,62,Saskatchewan,Whole Life,Annual,0,141.63,50000,15,0,1
POL-00544,CUST-61382,47,Saskatchewan,Critical Illness,Annual,1,167.11,50000,4,0,0
POL-00545,CUST-98479,57,Alberta,Term Life,Annual,0,144.96,50000,8,0,0
POL-00546,CUST-59344,27,Manitoba,Universal Life,Monthly,0,93.68,50000,1,0,1
POL-00547,CUST-14751,67,Manitoba,Critical Illness,Monthly,0,151.28,50000,14,1,1
POL-00548,CUST-18362,62,Alberta,Whole Life,Annual,0,157.25,50000,8,1,0
POL-00549,CUST-17768,52,Quebec,Universal Life,Monthly,0,128.62,50000,15,0,0
POL-00550,CUST-48716,27,Manitoba,Term Life,Monthly,1,124.41,50000,6,0,0
POL-00551,CUST-78339,32,Manitoba,Universal Life,Annual,0,107.25,50000,1,0,0
POL-00552,CUST-67023,32,Alberta,Critical Illness,Monthly,1,131.88,50000,11,0,0
POL-00553,CUST-83274,47,British Columbia,Universal Life,Monthly,0,126.11,50000,3,0,0
POL-00554,CUST-58781,32,Saskatchewan,Critical Illness,Monthly,0,112.44,50000,10,0,0
POL-00555,CUST-21229,57,Alberta,Whole Life,Monthly,0,136.94,50000,1,1,0
POL-00556,CUST-26785,37,British Columbia,Whole Life,Monthly,0,103.82,50000,3,1,0
POL-00557,CUST-24421,47,British Columbia,Term Life,Monthly,0,114.54,50000,10,1,0
POL-00558,CUST-93502,57,Manitoba,Universal Life,Monthly,1,172.73,50000,11,0,0
POL-00559,CUST-82182,32,Ontario,Critical Illness,Monthly,1,139.15,50000,3,0,0
POL-00560,CUST-13092,62,Manitoba,Whole Life,Monthly,0,164.27,50000,3,0,0
POL-00561,CUST-29557,52,Alberta,Term Life,Annual,0,128.93,50000,13,1,0
POL-00562,CUST-34531,37,British Columbia,Whole Life,Monthly,1,153.92,50000,1,1,0
POL-00563,CUST-74201,42,Saskatchewan,Universal Life,Annual,0,121.86,50000,4,1,0
POL-00564,CUST-16079,37,Ontario,Critical Illness,Monthly,0,95.01,50000,15,0,0
POL-00565,CUST-98197,57,Ontario,Term Life,Monthly,0,149.69,50000,9,1,1
POL-00566,CUST-35503,62,Quebec,Term Life,Annual,0,170.93,50000,1,0,0
POL-00567,CUST-86748,62,Quebec,Whole Life,Annual,0,133.89,50000,14,0,0
POL-00568,CUST-71676,62,Alberta,Term Life,Monthly,1,215.66,50000,6,0,0
POL-00569,CUST-44244,57,Manitoba,Critical Illness,Monthly,0,140.27,50000,11,1,1
POL-00570,CUST-12142,57,Ontario,Whole Life,Monthly,0,127.81,50000,10,2,0
POL-00571,CUST-59570,57,Manitoba,Whole Life,Monthly,1,184.26,50000,6,0,0
POL-00572,CUST-13488,37,Saskatchewan,Term Life,Monthly,0,121.57,50000,6,0,0
POL-00573,CUST-74604,27,Manitoba,Whole Life,Monthly,0,90.23,50000,9,2,0
POL-00574,CUST-28526,67,Quebec,Critical Illness,Monthly,0,169.34,50000,6,1,1
POL-00575,CUST-95521,57,Saskatchewan,Whole Life,Annual,0,173.04,50000,3,1,0
POL-00576,CUST-12491,57,Ontario,Term Life,Monthly,0,150.07,50000,11,1,1
POL-00577,CUST-41388,47,Saskatchewan,Term Life,Annual,0,165.39,50000,11,0,0
POL-00578,CUST-45104,52,Ontario,Critical Illness,Annual,0,153.78,50000,10,0,0
POL-00579,CUST-79154,37,Saskatchewan,Critical Illness,Annual,1,147.22,50000,12,1,0
POL-00580,CUST-30713,47,Manitoba,Term Life,Monthly,1,168.1,50000,8,0,0
POL-00581,CUST-80174,27,Manitoba,Whole Life,Monthly,0,89.77,50000,14,1,0
POL-00582,CUST-38993,62,Ontario,Term Life,Monthly,1,194.59,50000,14,0,1
POL-00583,CUST-17340,57,Alberta,Whole Life,Monthly,0,154.34,50000,15,1,0
POL-00584,CUST-85348,27,Manitoba,Term Life,Monthly,1,123.75,50000,2,2,1
POL-00585,CUST-27321,37,Saskatchewan,Universal Life,Annual,0,95.04,50000,2,0,0
POL-00586,CUST-48897,32,Ontario,Critical Illness,Monthly,0,118.46,50000,8,1,0
POL-00587,CUST-64515,42,British Columbia,Term Life,Monthly,1,167.28,50000,11,0,0
POL-00588,CUST-11354,57,Manitoba,Whole Life,Annual,0,130.59,50000,4,0,0
POL-00589,CUST-68245,37,British Columbia,Term Life,Annual,0,113.65,50000,2,0,0
POL-00590,CUST-59212,62,Alberta,Term Life,Monthly,0,168.92,50000,1,0,0
POL-00591,CUST-79926,27,Saskatchewan,Term Life,Monthly,0,104.68,50000,9,0,0
POL-00592,CUST-19844,57,Manitoba,Term Life,Monthly,0,139.27,50000,15,1,0
POL-00593,CUST-89173,57,British Columbia,Critical Illness,Annual,0,159.39,50000,7,0,0
POL-00594,CUST-15340,52,Ontario,Term Life,Monthly,0,138.78,50000,12,0,0
POL-00595,CUST-94476,62,Alberta,Critical Illness,Monthly,0,161.26,50000,1,1,1
POL-00596,CUST-39457,37,British Columbia,Term Life,Monthly,0,100.57,50000,4,0,0
POL-00597,CUST-16545,67,Quebec,Whole Life,Monthly,0,114.52,50000,11,0,0
POL-00598,CUST-34489,52,Ontario,Whole Life,Annual,0,129.27,50000,7,0,0
POL-00599,CUST-54596,47,Saskatchewan,Critical Illness,Monthly,0,136.04,50000,1,0,0
POL-00600,CUST-20052,52,Ontario,Term Life,Monthly,0,136.13,50000,4,1,0
POL-00601,CUST-36898,32,Manitoba,Term Life,Monthly,0,110.4,50000,12,0,0
POL-00602,CUST-36858,47,Quebec,Universal Life,Monthly,0,142.87,50000,11,0,0
POL-00603,CUST-24728,52,Saskatchewan,Universal Life,Monthly,0,134.63,50000,13,1,0
POL-00604,CUST-53565,57,Quebec,Universal Life,Monthly,0,142.45,50000,6,0,0
POL-00605,CUST-12192,42,Saskatchewan,Term Life,Annual,0,94.36,50000,14,1,0
POL-00606,CUST-32602,62,Quebec,Term Life,Annual,0,138.03,50000,14,0,0
POL-00607,CUST-22931,37,Saskatchewan,Universal Life,Monthly,0,95.52,50000,6,0,0
POL-00608,CUST-12906,47,Alberta,Whole Life,Annual,0,136.28,50000,4,0,0
POL-00609,CUST-53331,67,Quebec,Whole Life,Monthly,1,196.75,50000,15,0,0
POL-00610,CUST-90333,47,Manitoba,Term Life,Monthly,0,123.19,50000,6,0,0
POL-00611,CUST-41485,57,Ontario,Term Life,Monthly,1,174.82,50000,8,0,0
POL-00612,CUST-68625,42,Ontario,Critical Illness,Monthly,0,111.25,50000,14,0,0
POL-00613,CUST-23412,37,Saskatchewan,Universal Life,Monthly,0,122.68,50000,5,0,0
POL-00614,CUST-73598,37,Saskatchewan,Term Life,Monthly,0,112.72,50000,14,0,0
POL-00615,CUST-71256,47,British Columbia,Critical Illness,Annual,0,141.5,50000,3,1,1
POL-00616,CUST-46727,42,Quebec,Whole Life,Monthly,0,94.28,50000,5,0,0
POL-00617,CUST-34459,37,Quebec,Term Life,Annual,0,117.99,50000,6,1,0
POL-00618,CUST-61599,52,Manitoba,Term Life,Monthly,0,132.79,50000,8,0,0
POL-00619,CUST-64402,52,Alberta,Universal Life,Monthly,0,135.22,50000,4,3,0
POL-00620,CUST-73267,62,Alberta,Term Life,Monthly,0,172.83,50000,14,0,0
POL-00621,CUST-27995,57,Quebec,Whole Life,Monthly,0,142.92,50000,10,1,0
POL-00622,CUST-42101,42,Manitoba,Universal Life,Monthly,0,126.5,50000,11,0,0
POL-00623,CUST-84252,57,Saskatchewan,Term Life,Annual,0,135.38,50000,11,0,0
POL-00624,CUST-84814,47,Manitoba,Critical Illness,Annual,0,130.03,50000,10,0,0
POL-00625,CUST-83108,62,Saskatchewan,Term Life,Monthly,0,137.51,50000,10,0,0
POL-00626,CUST-79512,37,Manitoba,Whole Life,Monthly,0,110.91,50000,10,0,0
POL-00627,CUST-17457,67,Quebec,Universal Life,Monthly,0,170.22,50000,11,0,0
POL-00628,CUST-35837,32,Alberta,Whole Life,Monthly,1,150.88,50000,14,0,0
POL-00629,CUST-35448,57,Ontario,Whole Life,Monthly,0,137.79,50000,3,1,0
POL-00630,CUST-39951,47,Quebec,Whole Life,Monthly,0,123.25,50000,8,0,1
POL-00631,CUST-53883,37,Saskatchewan,Critical Illness,Annual,0,103.87,50000,3,0,0
POL-00632,CUST-26552,52,Quebec,Universal Life,Monthly,0,135.55,50000,3,1,0
POL-00633,CUST-80928,42,Alberta,Universal Life,Monthly,0,109.03,50000,15,1,0
POL-00634,CUST-55235,37,Manitoba,Term Life,Monthly,1,120.71,50000,8,0,0
POL-00635,CUST-17481,57,Alberta,Whole Life,Annual,0,135.09,50000,11,1,1
POL-00636,CUST-83018,32,Alberta,Whole Life,Monthly,0,102.01,50000,11,0,0
POL-00637,CUST-38102,42,Quebec,Term Life,Monthly,1,153.82,50000,1,1,0
POL-00638,CUST-60760,37,Quebec,Universal Life,Monthly,0,118.23,50000,8,0,0
POL-00639,CUST-47693,57,Quebec,Term Life,Annual,0,157.71,50000,3,1,0
POL-00640,CUST-41921,27,Saskatchewan,Term Life,Monthly,0,88.21,50000,5,0,0
POL-00641,CUST-39845,57,Quebec,Term Life,Monthly,0,128.57,50000,3,1,0
POL-00642,CUST-46920,27,Quebec,Term Life,Monthly,1,133.44,50000,10,0,0
POL-00643,CUST-16152,42,Alberta,Term Life,Annual,0,120.48,50000,2,0,0
POL-00644,CUST-72331,67,British Columbia,Whole Life,Monthly,0,162.5,50000,7,1,0
POL-00645,CUST-68308,62,Ontario,Whole Life,Monthly,0,171.25,50000,5,0,0
POL-00646,CUST-56283,57,Saskatchewan,Term Life,Annual,0,153.01,50000,15,0,0
POL-00647,CUST-89784,32,Alberta,Term Life,Monthly,1,139.07,50000,12,0,1
POL-00648,CUST-59744,37,Ontario,Universal Life,Monthly,1,148.57,50000,6,0,0
POL-00649,CUST-44990,62,Quebec,Term Life,Monthly,1,201.8,50000,5,2,0
POL-00650,CUST-64870,57,Alberta,Whole Life,Annual,0,139.33,50000,11,2,0
POL-00651,CUST-81933,67,Manitoba,Whole Life,Annual,0,155.04,50000,10,1,0
POL-00652,CUST-76468,67,Saskatchewan,Whole Life,Monthly,0,162.79,50000,9,1,0
POL-00653,CUST-61491,67,Quebec,Critical Illness,Monthly,0,151.46,50000,2,0,0
POL-00654,CUST-66308,57,British Columbia,Whole Life,Annual,0,147.05,50000,2,0,0
POL-00655,CUST-98468,62,Saskatchewan,Critical Illness,Annual,0,157.76,50000,10,0,0
POL-00656,CUST-71588,67,Manitoba,Critical Illness,Monthly,0,164.77,50000,8,1,0
POL-00657,CUST-73352,52,Saskatchewan,Term Life,Monthly,0,134.26,50000,13,0,1
POL-00658,CUST-69950,47,British Columbia,Term Life,Annual,1,184.44,50000,1,0,0
POL-00659,CUST-95999,27,Ontario,Term Life,Monthly,0,104.89,50000,3,0,1
POL-00660,CUST-93380,27,Manitoba,Term Life,Monthly,0,92.43,50000,12,0,1
POL-00661,CUST-41016,37,British Columbia,Whole Life,Monthly,0,112.72,50000,15,0,0
POL-00662,CUST-76279,42,Saskatchewan,Term Life,Annual,1,172.12,50000,12,2,0
POL-00663,CUST-68724,37,British Columbia,Term Life,Monthly,0,104.59,50000,1,0,0
POL-00664,CUST-59190,32,Alberta,Term Life,Monthly,0,91.01,50000,1,0,0
POL-00665,CUST-56377,57,Manitoba,Universal Life,Monthly,0,150.32,50000,14,0,0
POL-00666,CUST-90815,42,Quebec,Universal Life,Monthly,1,160.57,50000,8,0,0
POL-00667,CUST-92061,47,Quebec,Critical Illness,Monthly,0,135.46,50000,8,0,0
POL-00668,CUST-91034,57,Saskatchewan,Term Life,Monthly,0,157.53,50000,15,0,0
POL-00669,CUST-37499,52,British Columbia,Term Life,Monthly,0,129.81,50000,4,1,0
POL-00670,CUST-41635,32,Manitoba,Critical Illness,Annual,0,85.7,50000,5,0,0
POL-00671,CUST-18039,47,Alberta,Universal Life,Monthly,0,122.59,50000,11,0,0
POL-00672,CUST-82476,42,Ontario,Whole Life,Annual,1,162.58,50000,14,2,0
POL-00673,CUST-71876,62,Saskatchewan,Whole Life,Monthly,1,180.54,50000,6,0,0
POL-00674,CUST-98421,42,Quebec,Term Life,Monthly,0,97.39,50000,3,0,0
POL-00675,CUST-76283,57,Ontario,Critical Illness,Monthly,0,149.33,50000,1,0,0
POL-00676,CUST-28615,27,Manitoba,Whole Life,Monthly,0,86.79,50000,1,0,0
POL-00677,CUST-36516,62,Saskatchewan,Whole Life,Monthly,0,135.87,50000,6,0,0
POL-00678,CUST-45726,57,Manitoba,Whole Life,Monthly,1,183.49,50000,8,0,0
POL-00679,CUST-78286,32,Alberta,Term Life,Annual,1,132.96,50000,8,0,0
POL-00680,CUST-47390,27,Manitoba,Term Life,Monthly,0,113.71,50000,4,0,0
POL-00681,CUST-97082,52,Alberta,Universal Life,Annual,0,139.67,50000,11,0,0
POL-00682,CUST-64951,67,British Columbia,Whole Life,Monthly,0,172.63,50000,14,1,0
POL-00683,CUST-43062,57,Alberta,Term Life,Monthly,1,182.39,50000,4,0,0
POL-00684,CUST-96639,37,Manitoba,Term Life,Monthly,0,104.43,50000,11,1,0
POL-00685,CUST-58823,42,Ontario,Critical Illness,Monthly,0,114.75,50000,9,0,0
POL-00686,CUST-37504,47,Manitoba,Term Life,Monthly,0,142.57,50000,11,0,0
POL-00687,CUST-45202,67,Manitoba,Whole Life,Monthly,0,174.57,50000,1,0,0
POL-00688,CUST-77835,27,Saskatchewan,Whole Life,Monthly,0,75.74,50000,11,0,0
POL-00689,CUST-17625,47,Quebec,Universal Life,Annual,1,149.62,50000,12,0,0
POL-00690,CUST-80069,57,Ontario,Universal Life,Monthly,1,168.28,50000,11,0,0
POL-00691,CUST-19847,42,British Columbia,Critical Illness,Annual,0,133.32,50000,13,0,0
POL-00692,CUST-72654,47,Saskatchewan,Term Life,Monthly,0,108.82,50000,12,0,0
POL-00693,CUST-74871,62,British Columbia,Critical Illness,Monthly,0,166.04,50000,15,0,0
POL-00694,CUST-62944,42,British Columbia,Critical Illness,Monthly,0,125.38,50000,11,0,0
POL-00695,CUST-26645,47,Saskatchewan,Whole Life,Monthly,0,131.36,50000,7,0,0
POL-00696,CUST-61454,67,Ontario,Whole Life,Annual,0,159.92,50000,13,0,0
POL-00697,CUST-84662,32,Quebec,Term Life,Annual,0,116.86,50000,11,1,0
POL-00698,CUST-35384,67,Ontario,Whole Life,Monthly,1,201.96,50000,9,0,0
POL-00699,CUST-92759,37,Ontario,Term Life,Monthly,0,94.27,50000,9,0,0
POL-00700,CUST-22352,67,British Columbia,Term Life,Annual,1,186.06,50000,6,1,0
POL-00701,CUST-90354,67,British Columbia,Critical Illness,Monthly,0,145.86,50000,10,0,0
POL-00702,CUST-40065,27,British Columbia,Term Life,Monthly,0,108.0,50000,8,0,0
POL-00703,CUST-73015,37,Alberta,Whole Life,Monthly,0,128.69,50000,2,0,0
POL-00704,CUST-30662,32,Saskatchewan,Term Life,Monthly,0,115.64,50000,7,0,0
POL-00705,CUST-65813,62,British Columbia,Term Life,Monthly,0,154.88,50000,15,2,0
POL-00706,CUST-68735,37,Ontario,Term Life,Monthly,1,129.48,50000,5,1,0
POL-00707,CUST-54141,42,Quebec,Term Life,Annual,1,142.95,50000,11,1,0
POL-00708,CUST-86781,57,Quebec,Whole Life,Monthly,0,135.73,50000,7,0,0
POL-00709,CUST-91744,47,Manitoba,Critical Illness,Annual,0,129.05,50000,5,1,1
POL-00710,CUST-24282,52,Manitoba,Whole Life,Annual,0,155.25,50000,6,0,0
POL-00711,CUST-83454,37,Saskatchewan,Critical Illness,Monthly,0,128.2,50000,15,0,1
POL-00712,CUST-69351,42,Quebec,Universal Life,Monthly,0,114.74,50000,2,0,0
POL-00713,CUST-57153,52,Quebec,Whole Life,Monthly,0,111.76,50000,11,0,0
POL-00714,CUST-20968,57,Saskatchewan,Term Life,Annual,1,168.6,50000,13,0,0
POL-00715,CUST-64493,67,Quebec,Term Life,Monthly,1,214.86,50000,3,1,0
POL-00716,CUST-44208,62,British Columbia,Critical Illness,Annual,0,159.38,50000,12,2,0
POL-00717,CUST-13407,52,Ontario,Whole Life,Monthly,0,134.33,50000,10,0,1
POL-00718,CUST-25586,47,Alberta,Whole Life,Monthly,0,124.5,50000,6,1,0
POL-00719,CUST-18040,67,Ontario,Universal Life,Monthly,0,156.59,50000,3,0,0
POL-00720,CUST-36958,57,Saskatchewan,Term Life,Monthly,0,133.15,50000,15,1,0
POL-00721,CUST-25781,32,Ontario,Universal Life,Monthly,0,127.46,50000,3,1,0
POL-00722,CUST-87270,62,Manitoba,Term Life,Monthly,0,177.22,50000,15,0,0
POL-00723,CUST-35797,42,Alberta,Critical Illness,Monthly,1,145.74,50000,10,1,0
POL-00724,CUST-47776,32,Saskatchewan,Term Life,Monthly,0,81.55,50000,13,0,0
POL-00725,CUST-76877,57,Alberta,Term Life,Monthly,0,149.63,50000,5,1,0
POL-00726,CUST-19773,42,Alberta,Universal Life,Monthly,0,118.83,50000,1,0,0
POL-00727,CUST-41960,37,British Columbia,Term Life,Monthly,0,119.14,50000,10,0,0
POL-00728,CUST-27905,47,Alberta,Critical Illness,Monthly,0,139.86,50000,6,0,0
POL-00729,CUST-56595,27,Manitoba,Universal Life,Annual,0,79.56,50000,9,0,0
POL-00730,CUST-85927,47,Ontario,Term Life,Monthly,0,144.96,50000,7,0,0
POL-00731,CUST-59120,62,British Columbia,Term Life,Monthly,0,152.36,50000,5,0,0
POL-00732,CUST-46913,47,Alberta,Critical Illness,Monthly,0,136.89,50000,11,1,0
POL-00733,CUST-17745,52,Alberta,Whole Life,Monthly,0,135.46,50000,8,1,0
POL-00734,CUST-94237,37,Manitoba,Critical Illness,Annual,0,122.67,50000,10,0,0
POL-00735,CUST-51720,67,Alberta,Term Life,Monthly,0,137.25,50000,11,1,0
POL-00736,CUST-60509,47,Quebec,Critical Illness,Monthly,0,138.46,50000,11,0,0
POL-00737,CUST-55171,27,British Columbia,Whole Life,Monthly,0,83.62,50000,5,1,0
POL-00738,CUST-55636,42,British Columbia,Universal Life,Monthly,0,121.48,50000,12,0,0
POL-00739,CUST-19045,42,Manitoba,Term Life,Monthly,0,135.54,50000,4,2,0
POL-00740,CUST-51055,37,Manitoba,Term Life,Monthly,0,101.96,50000,15,0,0
POL-00741,CUST-47816,42,Alberta,Critical Illness,Monthly,0,109.08,50000,13,0,1
POL-00742,CUST-79610,32,Alberta,Critical Illness,Annual,0,98.14,50000,9,0,1
POL-00743,CUST-48508,67,Saskatchewan,Term Life,Monthly,0,160.38,50000,3,0,0
POL-00744,CUST-85212,47,Alberta,Critical Illness,Monthly,0,117.0,50000,14,0,0
POL-00745,CUST-68987,37,Ontario,Term Life,Annual,0,112.88,50000,9,0,0
POL-00746,CUST-21434,62,Manitoba,Term Life,Annual,0,158.5,50000,13,0,0
POL-00747,CUST-89517,47,British Columbia,Term Life,Monthly,0,135.16,50000,1,0,1
POL-00748,CUST-46756,32,Manitoba,Term Life,Annual,1,127.77,50000,6,0,0
POL-00749,CUST-73491,57,Quebec,Term Life,Monthly,0,136.27,50000,5,0,0
POL-00750,CUST-35448,42,Saskatchewan,Term Life,Annual,0,119.18,50000,13,0,0
POL-00751,CUST-77630,67,British Columbia,Term Life,Monthly,0,162.66,50000,7,0,0
POL-00752,CUST-90943,47,British Columbia,Universal Life,Monthly,0,126.89,50000,2,0,0
POL-00753,CUST-12501,62,British Columbia,Universal Life,Monthly,0,148.11,50000,10,0,1
POL-00754,CUST-76123,27,Manitoba,Universal Life,Monthly,1,132.56,50000,3,0,0
POL-00755,CUST-77396,42,Quebec,Term Life,Monthly,0,109.29,50000,7,0,0
POL-00756,CUST-36309,42,British Columbia,Universal Life,Monthly,0,119.13,50000,15,0,0
POL-00757,CUST-45693,42,British Columbia,Term Life,Monthly,0,116.92,50000,7,1,0
POL-00758,CUST-46753,47,Saskatchewan,Universal Life,Monthly,0,129.2,50000,7,0,1
POL-00759,CUST-50229,42,Alberta,Whole Life,Annual,0,134.82,50000,1,0,0
POL-00760,CUST-47728,62,Manitoba,Term Life,Monthly,0,140.83,50000,7,0,0
POL-00761,CUST-91340,32,Quebec,Term Life,Monthly,0,73.9,50000,15,0,0
POL-00762,CUST-93862,32,Alberta,Universal Life,Monthly,0,95.47,50000,15,0,0
POL-00763,CUST-94948,32,Alberta,Critical Illness,Monthly,0,88.78,50000,15,1,0
POL-00764,CUST-52631,62,Alberta,Universal Life,Monthly,0,120.45,50000,6,0,0
POL-00765,CUST-72642,47,Saskatchewan,Critical Illness,Monthly,0,150.56,50000,1,2,1
POL-00766,CUST-11658,57,Alberta,Critical Illness,Monthly,0,154.32,50000,4,0,0
POL-00767,CUST-11641,62,British Columbia,Term Life,Monthly,0,164.61,50000,4,0,0
POL-00768,CUST-75706,57,Alberta,Universal Life,Monthly,0,144.17,50000,2,1,0
POL-00769,CUST-69752,52,Alberta,Term Life,Annual,0,143.65,50000,11,0,0
POL-00770,CUST-18688,52,Ontario,Whole Life,Monthly,0,133.53,50000,8,0,0
POL-00771,CUST-69691,37,British Columbia,Term Life,Monthly,1,156.37,50000,11,0,0
POL-00772,CUST-66765,37,Ontario,Critical Illness,Annual,0,113.87,50000,3,1,0
POL-00773,CUST-77162,37,Ontario,Universal Life,Monthly,0,111.16,50000,11,0,0
POL-00774,CUST-56214,47,Saskatchewan,Term Life,Monthly,0,130.07,50000,1,0,0
POL-00775,CUST-78482,32,Alberta,Term Life,Annual,0,120.19,50000,11,1,0
POL-00776,CUST-78643,42,Saskatchewan,Whole Life,Monthly,0,122.61,50000,13,1,0
POL-00777,CUST-63501,57,Ontario,Universal Life,Annual,0,135.24,50000,4,0,0
POL-00778,CUST-59512,57,Alberta,Critical Illness,Monthly,0,151.63,50000,5,0,0
POL-00779,CUST-81766,32,Quebec,Term Life,Monthly,0,108.47,50000,7,0,1
POL-00780,CUST-25770,37,Saskatchewan,Whole Life,Monthly,0,109.86,50000,9,0,0
POL-00781,CUST-98466,47,British Columbia,Whole Life,Monthly,0,128.97,50000,8,0,0
POL-00782,CUST-90455,47,Saskatchewan,Term Life,Annual,1,151.81,50000,2,0,0
POL-00783,CUST-58043,67,Manitoba,Whole Life,Monthly,0,166.76,50000,6,0,0
POL-00784,CUST-91298,57,Ontario,Term Life,Annual,0,133.03,50000,8,1,0
POL-00785,CUST-74973,47,Saskatchewan,Term Life,Monthly,0,126.59,50000,10,2,1
POL-00786,CUST-47861,47,Manitoba,Whole Life,Annual,0,121.57,50000,10,0,0
POL-00787,CUST-48861,52,Quebec,Critical Illness,Annual,1,185.39,50000,10,0,0
POL-00788,CUST-64847,62,British Columbia,Term Life,Monthly,0,175.2,50000,7,1,1
POL-00789,CUST-32560,47,Quebec,Term Life,Annual,1,150.87,50000,8,0,0
POL-00790,CUST-59717,47,Ontario,Universal Life,Annual,0,129.54,50000,6,0,0
POL-00791,CUST-46997,42,British Columbia,Critical Illness,Monthly,0,116.88,50000,5,0,1
POL-00792,CUST-58080,37,Manitoba,Whole Life,Monthly,1,152.17,50000,5,0,0
POL-00793,CUST-46510,37,British Columbia,Term Life,Monthly,0,112.75,50000,7,0,1
POL-00794,CUST-18117,62,Alberta,Universal Life,Monthly,1,186.95,50000,2,0,1
POL-00795,CUST-74501,47,Alberta,Whole Life,Monthly,1,165.73,50000,4,0,0
POL-00796,CUST-54457,57,Manitoba,Universal Life,Monthly,0,145.02,50000,2,0,0
POL-00797,CUST-27656,57,Alberta,Term Life,Monthly,0,166.67,50000,7,1,0
POL-00798,CUST-30263,27,Alberta,Term Life,Monthly,0,84.08,50000,8,0,0
POL-00799,CUST-56442,62,Quebec,Term Life,Monthly,0,159.69,50000,3,0,0
POL-00800,CUST-81805,42,Quebec,Universal Life,Monthly,0,126.72,50000,3,0,0
POL-00801,CUST-32927,27,Quebec,Term Life,Annual,0,98.86,50000,8,0,0
POL-00802,CUST-86391,57,British Columbia,Term Life,Annual,0,144.03,50000,4,0,0
POL-00803,CUST-81755,47,Saskatchewan,Whole Life,Annual,0,146.02,50000,14,2,0
POL-00804,CUST-11681,57,Ontario,Universal Life,Monthly,0,122.53,50000,3,1,0
POL-00805,CUST-22397,57,Alberta,Term Life,Monthly,0,134.47,50000,8,1,0
POL-00806,CUST-76305,47,Alberta,Universal Life,Annual,0,137.56,50000,13,0,1
POL-00807,CUST-59697,62,Quebec,Universal Life,Monthly,0,146.04,50000,2,0,0
POL-00808,CUST-20336,42,British Columbia,Term Life,Monthly,0,109.34,50000,7,0,1
POL-00809,CUST-99169,27,Ontario,Critical Illness,Monthly,0,87.99,50000,8,1,0
POL-00810,CUST-10886,42,Saskatchewan,Critical Illness,Monthly,0,111.17,50000,9,0,0
POL-00811,CUST-46295,67,Alberta,Term Life,Monthly,0,173.25,50000,14,0,0
POL-00812,CUST-11231,42,Alberta,Term Life,Monthly,0,131.45,50000,9,1,1
POL-00813,CUST-91600,47,Saskatchewan,Term Life,Annual,0,130.66,50000,6,0,0
POL-00814,CUST-51940,47,Ontario,Term Life,Monthly,0,142.26,50000,6,0,0
POL-00815,CUST-65917,32,Alberta,Whole Life,Monthly,0,85.96,50000,10,0,0
POL-00816,CUST-83269,52,Saskatchewan,Critical Illness,Monthly,0,139.51,50000,5,0,0
POL-00817,CUST-33549,67,Saskatchewan,Critical Illness,Monthly,1,216.78,50000,11,0,0
POL-00818,CUST-38026,32,Ontario,Term Life,Annual,0,114.32,50000,6,2,0
POL-00819,CUST-66588,57,Ontario,Whole Life,Monthly,0,164.84,50000,1,0,0
POL-00820,CUST-93215,32,British Columbia,Term Life,Monthly,1,130.52,50000,9,1,0
POL-00821,CUST-26833,47,Alberta,Whole Life,Monthly,0,140.61,50000,4,1,0
POL-00822,CUST-47901,52,Ontario,Term Life,Annual,0,133.48,50000,6,1,0
POL-00823,CUST-33877,42,British Columbia,Critical Illness,Annual,0,127.74,50000,5,1,0
POL-00824,CUST-26978,67,Ontario,Critical Illness,Monthly,0,181.33,50000,3,1,0
POL-00825,CUST-27869,67,Saskatchewan,Term Life,Monthly,0,156.07,50000,5,0,0
POL-00826,CUST-51316,42,Alberta,Universal Life,Annual,0,98.33,50000,14,0,0
POL-00827,CUST-19938,42,Ontario,Whole Life,Monthly,0,142.77,50000,5,0,0
POL-00828,CUST-66425,27,British Columbia,Universal Life,Monthly,0,99.46,50000,11,0,0
POL-00829,CUST-26563,67,Saskatchewan,Whole Life,Monthly,0,164.32,50000,7,0,0
POL-00830,CUST-55513,42,British Columbia,Term Life,Monthly,0,118.66,50000,1,2,1
POL-00831,CUST-31017,52,Ontario,Whole Life,Monthly,0,113.45,50000,13,0,0
POL-00832,CUST-49659,37,Ontario,Term Life,Monthly,0,114.1,50000,14,0,0
POL-00833,CUST-23249,32,Manitoba,Whole Life,Monthly,1,131.23,50000,4,0,0
POL-00834,CUST-26960,57,Quebec,Term Life,Monthly,0,148.23,50000,3,0,0
POL-00835,CUST-39609,27,Quebec,Universal Life,Monthly,0,93.96,50000,14,0,0
POL-00836,CUST-72939,37,Ontario,Universal Life,Monthly,0,71.07,50000,2,1,0
POL-00837,CUST-48157,57,Quebec,Term Life,Annual,0,153.48,50000,14,0,0
POL-00838,CUST-41535,57,Saskatchewan,Whole Life,Monthly,0,149.87,50000,3,0,0
POL-00839,CUST-61789,42,Manitoba,Universal Life,Monthly,0,124.48,50000,14,0,0
POL-00840,CUST-97351,42,Ontario,Term Life,Monthly,0,118.4,50000,14,0,0
POL-00841,CUST-82853,42,Alberta,Whole Life,Monthly,0,121.19,50000,4,0,0
POL-00842,CUST-46056,62,Quebec,Universal Life,Monthly,0,158.67,50000,4,0,0
POL-00843,CUST-55888,37,Ontario,Term Life,Monthly,0,114.89,50000,2,0,0
POL-00844,CUST-29940,32,Manitoba,Universal Life,Monthly,0,108.31,50000,12,2,0
POL-00845,CUST-75621,62,Alberta,Whole Life,Annual,0,159.99,50000,6,0,0
POL-00846,CUST-87367,52,Saskatchewan,Whole Life,Annual,0,160.8,50000,10,0,0
POL-00847,CUST-87479,67,Manitoba,Term Life,Annual,0,156.89,50000,10,1,0
POL-00848,CUST-28781,47,Quebec,Term Life,Monthly,0,125.1,50000,8,0,0
POL-00849,CUST-77398,52,Alberta,Term Life,Annual,0,158.92,50000,4,0,0
POL-00850,CUST-25130,67,Saskatchewan,Critical Illness,Annual,0,163.74,50000,6,1,0
POL-00851,CUST-10874,62,British Columbia,Critical Illness,Annual,0,167.78,50000,8,0,0
POL-00852,CUST-74665,62,British Columbia,Universal Life,Annual,0,158.23,50000,2,0,0
POL-00853,CUST-48258,57,Saskatchewan,Term Life,Annual,0,144.87,50000,7,0,0
POL-00854,CUST-36833,27,Saskatchewan,Whole Life,Annual,0,105.43,50000,11,0,0
POL-00855,CUST-55430,62,British Columbia,Universal Life,Monthly,0,162.82,50000,7,1,0
POL-00856,CUST-47560,42,Manitoba,Universal Life,Monthly,0,102.19,50000,6,2,0
POL-00857,CUST-31865,57,Quebec,Term Life,Monthly,0,149.68,50000,13,1,1
POL-00858,CUST-50594,47,Saskatchewan,Critical Illness,Monthly,0,117.66,50000,9,0,0
POL-00859,CUST-13200,32,Manitoba,Term Life,Monthly,0,117.85,50000,12,0,0
POL-00860,CUST-80518,42,Ontario,Term Life,Monthly,0,141.64,50000,1,2,1
POL-00861,CUST-94324,52,Quebec,Critical Illness,Monthly,0,161.09,50000,14,0,0
POL-00862,CUST-61685,32,Quebec,Whole Life,Monthly,0,106.89,50000,12,1,0
POL-00863,CUST-65893,42,Quebec,Term Life,Annual,0,115.06,50000,13,0,0
POL-00864,CUST-76724,52,Ontario,Whole Life,Monthly,0,142.46,50000,11,0,0
POL-00865,CUST-53716,57,Alberta,Critical Illness,Monthly,0,136.32,50000,9,0,0
POL-00866,CUST-98873,67,Saskatchewan,Term Life,Monthly,1,228.75,50000,8,0,0
POL-00867,CUST-35992,67,Saskatchewan,Universal Life,Monthly,0,179.93,50000,10,0,0
POL-00868,CUST-73986,37,Quebec,Term Life,Monthly,0,115.25,50000,8,0,0
POL-00869,CUST-35357,47,Alberta,Term Life,Monthly,0,141.56,50000,11,0,0
POL-00870,CUST-35096,27,British Columbia,Whole Life,Monthly,0,87.7,50000,6,0,0
POL-00871,CUST-48980,27,Quebec,Whole Life,Monthly,0,80.3,50000,12,0,0
POL-00872,CUST-79024,47,Alberta,Term Life,Monthly,1,138.04,50000,6,0,0
POL-00873,CUST-46731,57,Saskatchewan,Whole Life,Monthly,0,148.6,50000,8,0,0
POL-00874,CUST-86492,32,Manitoba,Whole Life,Annual,0,100.1,50000,2,1,0
POL-00875,CUST-44475,67,Quebec,Whole Life,Annual,0,171.83,50000,14,1,0
POL-00876,CUST-48771,27,Saskatchewan,Universal Life,Monthly,0,93.76,50000,11,0,0
POL-00877,CUST-56823,47,Manitoba,Universal Life,Annual,0,135.29,50000,4,1,0
POL-00878,CUST-69357,57,British Columbia,Whole Life,Annual,1,192.33,50000,1,1,1
POL-00879,CUST-49248,47,Ontario,Whole Life,Annual,1,147.08,50000,13,1,0
POL-00880,CUST-54135,67,Ontario,Whole Life,Monthly,0,176.03,50000,1,1,0
POL-00881,CUST-15547,62,Manitoba,Whole Life,Monthly,0,151.72,50000,8,0,0
POL-00882,CUST-21479,42,Ontario,Term Life,Monthly,0,126.81,50000,1,0,0
POL-00883,CUST-22621,42,Saskatchewan,Term Life,Monthly,0,132.87,50000,11,1,0
POL-00884,CUST-75591,42,Manitoba,Term Life,Monthly,0,132.95,50000,4,0,0
POL-00885,CUST-43143,27,British Columbia,Term Life,Monthly,0,95.15,50000,7,0,0
POL-00886,CUST-49927,57,Manitoba,Critical Illness,Monthly,1,184.74,50000,9,0,0
POL-00887,CUST-58388,52,Manitoba,Whole Life,Annual,0,149.3,50000,6,1,0
POL-00888,CUST-41176,32,Alberta,Whole Life,Monthly,0,84.59,50000,11,0,0
POL-00889,CUST-21255,57,Alberta,Whole Life,Annual,1,171.18,50000,8,1,0
POL-00890,CUST-52095,47,Quebec,Universal Life,Annual,0,126.25,50000,7,0,0
POL-00891,CUST-40973,47,Manitoba,Whole Life,Annual,0,113.61,50000,5,0,0
POL-00892,CUST-62383,47,Saskatchewan,Whole Life,Annual,0,126.34,50000,7,0,0
POL-00893,CUST-66618,62,British Columbia,Universal Life,Monthly,1,187.68,50000,5,3,0
POL-00894,CUST-78117,32,Alberta,Term Life,Monthly,0,103.65,50000,9,0,0
POL-00895,CUST-56259,42,Quebec,Whole Life,Annual,1,154.92,50000,12,0,0
POL-00896,CUST-91781,32,Saskatchewan,Whole Life,Monthly,0,115.43,50000,9,0,0
POL-00897,CUST-99878,27,British Columbia,Universal Life,Monthly,0,100.48,50000,1,0,1
POL-00898,CUST-71582,42,British Columbia,Critical Illness,Monthly,1,154.75,50000,13,0,1
POL-00899,CUST-93846,37,British Columbia,Universal Life,Monthly,0,107.6,50000,12,1,0
POL-00900,CUST-99485,57,Ontario,Whole Life,Monthly,0,147.03,50000,13,0,0
POL-00901,CUST-85178,47,Manitoba,Term Life,Monthly,0,129.24,50000,1,1,1
POL-00902,CUST-24173,27,British Columbia,Whole Life,Monthly,0,123.83,50000,13,0,0
POL-00903,CUST-70535,52,Alberta,Universal Life,Monthly,0,121.11,50000,8,0,0
POL-00904,CUST-23890,27,Manitoba,Critical Illness,Monthly,0,82.48,50000,13,1,0
POL-00905,CUST-36490,37,Saskatchewan,Universal Life,Monthly,0,98.72,50000,12,0,0
POL-00906,CUST-81138,52,Ontario,Term Life,Monthly,0,141.83,50000,14,0,0
POL-00907,CUST-58673,67,Manitoba,Universal Life,Monthly,0,168.36,50000,2,0,0
POL-00908,CUST-67015,42,Alberta,Critical Illness,Monthly,0,113.72,50000,9,0,0
POL-00909,CUST-45728,42,British Columbia,Universal Life,Monthly,0,131.35,50000,11,0,0
POL-00910,CUST-87589,52,British Columbia,Universal Life,Annual,0,143.04,50000,9,0,0
POL-00911,CUST-41276,27,Quebec,Whole Life,Monthly,0,104.86,50000,13,1,1
POL-00912,CUST-71104,67,Saskatchewan,Whole Life,Annual,1,215.04,50000,11,0,0
POL-00913,CUST-79610,62,Saskatchewan,Term Life,Monthly,0,131.03,50000,1,0,0
POL-00914,CUST-11133,37,Saskatchewan,Term Life,Monthly,0,119.83,50000,3,0,0
POL-00915,CUST-86156,32,Saskatchewan,Universal Life,Monthly,0,87.12,50000,10,0,0
POL-00916,CUST-70541,67,Saskatchewan,Critical Illness,Annual,0,168.59,50000,6,0,0
POL-00917,CUST-27696,27,Alberta,Critical Illness,Monthly,0,92.73,50000,6,0,1
POL-00918,CUST-29048,57,Alberta,Term Life,Monthly,0,147.24,50000,14,0,0
POL-00919,CUST-16263,67,British Columbia,Term Life,Monthly,0,151.14,50000,2,0,0
POL-00920,CUST-50224,62,Ontario,Term Life,Monthly,1,203.97,50000,8,0,0
POL-00921,CUST-15073,52,Alberta,Universal Life,Annual,0,123.11,50000,5,0,0
POL-00922,CUST-72235,37,Saskatchewan,Universal Life,Annual,0,120.61,50000,1,0,0
POL-00923,CUST-16575,37,Ontario,Critical Illness,Monthly,0,94.42,50000,6,1,0
POL-00924,CUST-69065,37,Ontario,Term Life,Monthly,0,111.39,50000,7,1,0
POL-00925,CUST-75894,42,Alberta,Whole Life,Monthly,0,142.25,50000,7,1,0
POL-00926,CUST-44428,47,British Columbia,Universal Life,Annual,1,192.94,50000,3,0,0
POL-00927,CUST-41465,32,Alberta,Term Life,Monthly,1,118.18,50000,11,0,0
POL-00928,CUST-74175,62,Saskatchewan,Critical Illness,Monthly,0,148.15,50000,6,0,0
POL-00929,CUST-91199,62,Ontario,Whole Life,Annual,0,150.33,50000,9,0,0
POL-00930,CUST-94973,42,Quebec,Term Life,Annual,0,147.66,50000,9,0,0
POL-00931,CUST-65972,42,British Columbia,Term Life,Monthly,0,119.78,50000,9,2,0
POL-00932,CUST-30769,37,Manitoba,Critical Illness,Monthly,0,124.5,50000,8,1,0
POL-00933,CUST-41637,37,Manitoba,Whole Life,Monthly,0,115.2,50000,5,0,0
POL-00934,CUST-20749,57,Quebec,Universal Life,Annual,1,168.21,50000,8,0,0
POL-00935,CUST-12540,52,Quebec,Universal Life,Monthly,0,116.28,50000,8,0,0
POL-00936,CUST-22151,62,British Columbia,Whole Life,Monthly,0,149.24,50000,1,2,0
POL-00937,CUST-79429,27,Saskatchewan,Universal Life,Monthly,1,156.4,50000,11,0,0
POL-00938,CUST-51184,37,Alberta,Critical Illness,Monthly,0,114.69,50000,7,0,0
POL-00939,CUST-61001,37,Saskatchewan,Term Life,Monthly,0,124.25,50000,5,1,1
POL-00940,CUST-36841,52,Alberta,Universal Life,Annual,1,156.58,50000,1,1,0
POL-00941,CUST-15419,47,British Columbia,Term Life,Monthly,0,125.7,50000,5,1,0
POL-00942,CUST-52072,52,Saskatchewan,Term Life,Monthly,0,147.95,50000,7,0,0
POL-00943,CUST-49042,37,British Columbia,Whole Life,Annual,0,98.51,50000,13,0,0
POL-00944,CUST-17590,37,Manitoba,Critical Illness,Monthly,1,145.83,50000,10,0,0
POL-00945,CUST-69718,47,Manitoba,Term Life,Monthly,0,119.04,50000,7,0,0
POL-00946,CUST-32223,52,British Columbia,Whole Life,Annual,0,148.52,50000,2,1,0
POL-00947,CUST-55487,32,Quebec,Universal Life,Monthly,0,107.38,50000,5,0,0
POL-00948,CUST-41244,42,Saskatchewan,Term Life,Annual,0,128.8,50000,14,0,0
POL-00949,CUST-18603,32,Saskatchewan,Universal Life,Monthly,0,113.05,50000,2,0,1
POL-00950,CUST-94044,62,Manitoba,Critical Illness,Monthly,0,153.87,50000,10,0,0
POL-00951,CUST-66431,57,Ontario,Term Life,Monthly,1,194.64,50000,8,1,0
POL-00952,CUST-36733,52,British Columbia,Term Life,Monthly,0,131.52,50000,4,1,0
POL-00953,CUST-30501,67,British Columbia,Critical Illness,Monthly,1,208.11,50000,14,0,0
POL-00954,CUST-14338,27,Alberta,Term Life,Monthly,1,104.95,50000,6,0,0
POL-00955,CUST-79845,52,Saskatchewan,Term Life,Monthly,1,164.64,50000,10,0,0
POL-00956,CUST-37992,27,Saskatchewan,Critical Illness,Monthly,0,121.39,50000,2,0,0
POL-00957,CUST-29774,32,Quebec,Critical Illness,Annual,0,109.93,50000,15,0,0
POL-00958,CUST-94318,37,Ontario,Universal Life,Monthly,1,153.94,50000,1,0,0
POL-00959,CUST-99884,67,Manitoba,Whole Life,Monthly,0,155.71,50000,5,0,0
POL-00960,CUST-48450,42,Ontario,Critical Illness,Monthly,0,107.47,50000,14,0,1
POL-00961,CUST-63914,57,Ontario,Universal Life,Monthly,0,144.43,50000,10,0,0
POL-00962,CUST-83670,37,Manitoba,Universal Life,Monthly,0,110.79,50000,11,1,0
POL-00963,CUST-64536,57,Alberta,Universal Life,Monthly,0,170.57,50000,5,1,0
POL-00964,CUST-34053,67,Alberta,Universal Life,Monthly,0,177.83,50000,12,0,0
POL-00965,CUST-78512,47,Saskatchewan,Whole Life,Monthly,0,130.91,50000,14,0,0
POL-00966,CUST-22219,37,Manitoba,Term Life,Monthly,0,112.39,50000,10,0,0
POL-00967,CUST-59234,57,Saskatchewan,Whole Life,Annual,0,156.7,50000,4,0,0
POL-00968,CUST-54698,27,Alberta,Whole Life,Monthly,1,112.77,50000,14,1,0
POL-00969,CUST-63465,62,Ontario,Term Life,Monthly,0,133.54,50000,1,0,0
POL-00970,CUST-73157,32,British Columbia,Whole Life,Monthly,0,111.52,50000,14,0,0
POL-00971,CUST-15367,52,British Columbia,Universal Life,Annual,0,139.46,50000,1,0,1
POL-00972,CUST-86067,67,Alberta,Whole Life,Monthly,1,184.85,50000,1,1,1
POL-00973,CUST-37347,67,Alberta,Term Life,Monthly,0,140.46,50000,1,0,0
POL-00974,CUST-31693,32,Saskatchewan,Term Life,Monthly,0,113.33,50000,3,0,0
POL-00975,CUST-57949,57,British Columbia,Term Life,Monthly,0,141.34,50000,11,1,0
POL-00976,CUST-98797,37,Ontario,Universal Life,Monthly,1,151.4,50000,6,0,0
POL-00977,CUST-85126,52,Manitoba,Whole Life,Monthly,0,135.43,50000,2,0,1
POL-00978,CUST-54031,47,Manitoba,Term Life,Annual,0,129.19,50000,6,1,0
POL-00979,CUST-62915,62,Ontario,Universal Life,Annual,0,149.49,50000,15,2,0
POL-00980,CUST-55205,67,British Columbia,Term Life,Monthly,0,164.68,50000,8,2,0
POL-00981,CUST-71548,52,Saskatchewan,Term Life,Monthly,0,145.52,50000,11,1,0
POL-00982,CUST-87268,42,Quebec,Universal Life,Monthly,0,117.29,50000,4,0,0
POL-00983,CUST-22687,37,Quebec,Whole Life,Monthly,0,107.61,50000,8,0,1
POL-00984,CUST-46657,27,Manitoba,Universal Life,Monthly,0,100.89,50000,12,2,0
POL-00985,CUST-61112,62,Alberta,Universal Life,Annual,0,164.69,50000,11,0,0
POL-00986,CUST-78163,47,Saskatchewan,Critical Illness,Monthly,1,150.95,50000,1,0,0
POL-00987,CUST-18615,42,Manitoba,Term Life,Monthly,0,120.25,50000,10,1,0
POL-00988,CUST-61088,67,Alberta,Universal Life,Monthly,0,159.31,50000,12,0,1
POL-00989,CUST-79728,27,Manitoba,Universal Life,Annual,0,93.76,50000,3,0,0
POL-00990,CUST-22186,37,Quebec,Term Life,Monthly,0,128.81,50000,6,0,0
POL-00991,CUST-25474,52,Ontario,Critical Illness,Annual,1,177.91,50000,10,0,0
POL-00992,CUST-12963,32,Quebec,Whole Life,Annual,0,128.57,50000,1,0,0
POL-00993,CUST-86526,62,Quebec,Critical Illness,Monthly,1,194.24,50000,11,0,0
POL-00994,CUST-94077,32,British Columbia,Whole Life,Monthly,0,100.6,50000,13,1,0
POL-00995,CUST-52223,27,Saskatchewan,Whole Life,Monthly,0,93.36,50000,8,0,0
POL-00996,CUST-87983,27,Manitoba,Term Life,Monthly,0,95.31,50000,7,1,1
POL-00997,CUST-63515,27,Ontario,Critical Illness,Monthly,0,97.47,50000,2,1,0
POL-00998,CUST-98518,62,Alberta,Whole Life,Monthly,1,179.7,50000,11,0,0
POL-00999,CUST-19763,47,Saskatchewan,Term Life,Monthly,0,126.8,50000,15,0,1
POL-01000,CUST-70676,27,British Columbia,Term Life,Annual,0,84.91,50000,14,0,0
POL-01001,CUST-75200,57,Alberta,Universal Life,Monthly,0,159.96,50000,9,0,0
POL-01002,CUST-68114,27,Manitoba,Term Life,Monthly,0,70.49,50000,1,0,1
POL-01003,CUST-54507,27,Alberta,Whole Life,Monthly,0,95.48,50000,5,0,0
POL-01004,CUST-28767,67,Alberta,Universal Life,Monthly,0,147.38,50000,4,0,0
POL-01005,CUST-25246,52,Ontario,Term Life,Monthly,0,143.79,50000,1,0,0
POL-01006,CUST-67806,57,Manitoba,Whole Life,Monthly,0,142.81,50000,2,0,0
POL-01007,CUST-62153,52,Saskatchewan,Term Life,Annual,0,116.8,50000,9,0,0
POL-01008,CUST-53956,47,British Columbia,Critical Illness,Monthly,0,140.91,50000,2,0,0
POL-01009,CUST-13515,57,Quebec,Critical Illness,Annual,1,152.4,50000,1,0,1
POL-01010,CUST-43959,52,Manitoba,Term Life,Monthly,0,138.22,50000,15,0,0
POL-01011,CUST-88085,57,Ontario,Whole Life,Monthly,0,155.89,50000,10,1,0
POL-01012,CUST-71420,37,Ontario,Whole Life,Annual,1,163.12,50000,13,0,0
POL-01013,CUST-78384,62,Manitoba,Critical Illness,Monthly,0,137.28,50000,4,0,0
POL-01014,CUST-17649,67,Saskatchewan,Term Life,Monthly,0,159.41,50000,6,0,0
POL-01015,CUST-50724,57,Manitoba,Whole Life,Annual,0,160.6,50000,10,0,0
POL-01016,CUST-55349,62,British Columbia,Critical Illness,Monthly,0,170.41,50000,11,1,0
POL-01017,CUST-80069,62,Quebec,Term Life,Monthly,1,206.97,50000,6,0,0
POL-01018,CUST-78229,42,Saskatchewan,Whole Life,Monthly,0,151.34,50000,14,0,0
POL-01019,CUST-18727,37,Alberta,Term Life,Monthly,0,105.5,50000,11,1,0
POL-01020,CUST-84697,52,Manitoba,Whole Life,Monthly,0,143.07,50000,4,1,0
POL-01021,CUST-13617,27,Saskatchewan,Term Life,Annual,0,89.45,50000,2,1,0
POL-01022,CUST-54100,37,Quebec,Critical Illness,Monthly,1,122.9,50000,1,3,0
POL-01023,CUST-32291,52,Saskatchewan,Whole Life,Monthly,0,137.52,50000,13,0,0
POL-01024,CUST-41732,62,Ontario,Term Life,Monthly,0,132.67,50000,13,1,0
POL-01025,CUST-48402,67,Ontario,Universal Life,Monthly,0,159.35,50000,8,1,0
POL-01026,CUST-61512,32,British Columbia,Universal Life,Annual,0,84.98,50000,11,1,0
POL-01027,CUST-12929,42,Saskatchewan,Universal Life,Monthly,0,125.87,50000,14,1,0
POL-01028,CUST-21542,37,Manitoba,Universal Life,Monthly,0,102.26,50000,3,0,0
POL-01029,CUST-72039,67,Quebec,Term Life,Monthly,0,144.18,50000,15,0,0
POL-01030,CUST-18233,62,Manitoba,Whole Life,Annual,1,201.99,50000,8,1,0
POL-01031,CUST-31987,67,Ontario,Term Life,Monthly,1,193.35,50000,7,0,0
POL-01032,CUST-83721,57,Quebec,Term Life,Monthly,0,142.41,50000,3,0,0
POL-01033,CUST-29116,52,Ontario,Critical Illness,Annual,1,161.87,50000,11,0,0
POL-01034,CUST-21384,32,Saskatchewan,Universal Life,Monthly,0,116.39,50000,10,0,0
POL-01035,CUST-53087,37,Manitoba,Term Life,Monthly,0,114.85,50000,1,0,0
POL-01036,CUST-47553,67,Ontario,Term Life,Annual,0,158.24,50000,10,0,0
POL-01037,CUST-21257,37,Manitoba,Critical Illness,Annual,0,88.63,50000,3,2,0
POL-01038,CUST-47056,32,Manitoba,Term Life,Monthly,0,132.73,50000,5,1,0
POL-01039,CUST-86367,67,Manitoba,Term Life,Annual,0,189.35,50000,10,0,0
POL-01040,CUST-98474,57,Alberta,Term Life,Monthly,0,164.92,50000,12,1,0
POL-01041,CUST-15907,52,Alberta,Term Life,Annual,0,130.16,50000,3,0,0
POL-01042,CUST-73465,57,Quebec,Term Life,Monthly,0,141.59,50000,8,1,0
POL-01043,CUST-71911,62,Ontario,Critical Illness,Monthly,0,161.41,50000,5,0,0
POL-01044,CUST-78987,52,Ontario,Term Life,Monthly,0,127.87,50000,11,0,0
POL-01045,CUST-79165,27,Alberta,Whole Life,Annual,0,81.73,50000,13,0,0
POL-01046,CUST-70291,37,British Columbia,Universal Life,Annual,0,129.1,50000,10,0,0
POL-01047,CUST-88325,32,British Columbia,Whole Life,Monthly,0,101.94,50000,12,0,0
POL-01048,CUST-34526,62,Quebec,Universal Life,Monthly,0,143.16,50000,7,0,0
POL-01049,CUST-21497,57,Saskatchewan,Universal Life,Monthly,0,159.03,50000,9,0,0
POL-01050,CUST-42500,62,British Columbia,Whole Life,Monthly,0,149.71,50000,5,0,0
POL-01051,CUST-27615,42,Quebec,Whole Life,Annual,0,96.85,50000,15,1,0
POL-01052,CUST-26491,52,Alberta,Universal Life,Monthly,0,124.98,50000,4,2,0
POL-01053,CUST-13978,57,British Columbia,Universal Life,Annual,0,141.4,50000,14,0,0
POL-01054,CUST-58791,52,Alberta,Universal Life,Annual,1,176.24,50000,12,0,0
POL-01055,CUST-84152,47,British Columbia,Term Life,Monthly,1,166.66,50000,15,1,0
POL-01056,CUST-17011,52,Quebec,Universal Life,Monthly,0,153.33,50000,10,0,0
POL-01057,CUST-69437,62,Saskatchewan,Universal Life,Annual,0,153.76,50000,6,0,0
POL-01058,CUST-91347,37,British Columbia,Term Life,Annual,0,106.01,50000,5,1,0
POL-01059,CUST-53173,32,Ontario,Critical Illness,Monthly,0,117.54,50000,3,0,0
POL-01060,CUST-27680,47,Quebec,Term Life,Monthly,0,141.34,50000,15,0,0
POL-01061,CUST-70537,47,Saskatchewan,Term Life,Monthly,0,127.04,50000,2,1,0
POL-01062,CUST-29214,47,Ontario,Critical Illness,Annual,0,133.1,50000,13,0,0
POL-01063,CUST-21685,67,British Columbia,Term Life,Monthly,0,159.9,50000,11,1,0
POL-01064,CUST-53611,67,Ontario,Whole Life,Monthly,0,151.65,50000,2,1,0
POL-01065,CUST-11301,27,British Columbia,Term Life,Annual,0,119.97,50000,14,0,0
POL-01066,CUST-38779,67,Saskatchewan,Critical Illness,Monthly,0,159.1,50000,3,0,0
POL-01067,CUST-80578,62,Manitoba,Whole Life,Monthly,0,160.14,50000,3,0,0
POL-01068,CUST-24988,42,Quebec,Universal Life,Monthly,0,102.42,50000,9,1,0
POL-01069,CUST-56454,57,Alberta,Universal Life,Annual,0,156.44,50000,2,0,0
POL-01070,CUST-98708,67,Manitoba,Whole Life,Monthly,0,151.13,50000,2,1,0
POL-01071,CUST-29636,27,Saskatchewan,Critical Illness,Monthly,0,113.74,50000,10,0,0
POL-01072,CUST-35167,52,Ontario,Universal Life,Annual,0,160.17,50000,15,0,0
POL-01073,CUST-73167,52,Manitoba,Whole Life,Monthly,0,145.39,50000,1,1,0
POL-01074,CUST-76556,52,Saskatchewan,Critical Illness,Monthly,0,139.98,50000,10,1,1
POL-01075,CUST-53863,42,Saskatchewan,Whole Life,Annual,0,118.35,50000,10,0,0
POL-01076,CUST-75346,37,British Columbia,Term Life,Monthly,0,111.03,50000,1,0,0
POL-01077,CUST-66793,37,Ontario,Term Life,Annual,0,116.51,50000,3,0,0
POL-01078,CUST-32011,37,Manitoba,Whole Life,Annual,1,147.68,50000,7,0,0
POL-01079,CUST-84074,47,Ontario,Term Life,Monthly,0,141.38,50000,11,1,1
POL-01080,CUST-34991,47,Manitoba,Whole Life,Monthly,0,118.58,50000,4,0,0
POL-01081,CUST-70940,47,British Columbia,Term Life,Monthly,0,147.94,50000,7,0,0
POL-01082,CUST-58120,27,Saskatchewan,Whole Life,Monthly,0,88.53,50000,8,0,0
POL-01083,CUST-58240,42,Saskatchewan,Term Life,Monthly,1,146.65,50000,11,0,0
POL-01084,CUST-87491,67,Saskatchewan,Universal Life,Monthly,0,169.95,50000,4,1,0
POL-01085,CUST-91575,67,Saskatchewan,Term Life,Annual,0,170.72,50000,11,1,1
POL-01086,CUST-76557,67,Quebec,Term Life,Monthly,0,144.76,50000,13,0,0
POL-01087,CUST-63757,62,Quebec,Whole Life,Annual,0,150.83,50000,9,1,0
POL-01088,CUST-37274,52,Quebec,Whole Life,Monthly,0,112.54,50000,11,0,0
POL-01089,CUST-74885,57,Manitoba,Whole Life,Monthly,0,139.49,50000,3,0,0
POL-01090,CUST-13887,67,Manitoba,Whole Life,Monthly,0,158.01,50000,14,1,0
POL-01091,CUST-19200,57,British Columbia,Term Life,Monthly,0,151.17,50000,5,0,1
POL-01092,CUST-64665,62,Ontario,Critical Illness,Monthly,0,147.15,50000,3,0,0
POL-01093,CUST-34568,42,British Columbia,Whole Life,Monthly,0,113.99,50000,9,0,0
POL-01094,CUST-52815,47,British Columbia,Term Life,Annual,0,145.25,50000,6,0,0
POL-01095,CUST-94775,32,Ontario,Universal Life,Monthly,0,127.37,50000,7,0,0
POL-01096,CUST-40949,32,Manitoba,Universal Life,Monthly,0,91.55,50000,13,2,1
POL-01097,CUST-47996,67,British Columbia,Whole Life,Annual,0,177.83,50000,9,2,0
POL-01098,CUST-68158,67,Quebec,Whole Life,Monthly,0,170.25,50000,6,0,0
POL-01099,CUST-76317,27,Saskatchewan,Whole Life,Monthly,0,72.73,50000,13,1,0
POL-01100,CUST-95650,67,British Columbia,Whole Life,Monthly,1,191.11,50000,6,0,0
POL-01101,CUST-38634,37,Alberta,Term Life,Monthly,0,75.27,50000,15,0,0
POL-01102,CUST-91313,27,Manitoba,Term Life,Monthly,0,97.48,50000,15,0,0
POL-01103,CUST-29799,57,Quebec,Critical Illness,Monthly,0,134.68,50000,8,1,0
POL-01104,CUST-69909,57,Saskatchewan,Universal Life,Monthly,0,149.21,50000,12,0,0
POL-01105,CUST-17181,32,Alberta,Whole Life,Monthly,0,133.45,50000,11,0,0
POL-01106,CUST-96334,42,Quebec,Term Life,Monthly,0,139.72,50000,13,1,0
POL-01107,CUST-81012,67,Alberta,Universal Life,Annual,0,156.4,50000,7,0,0
POL-01108,CUST-45605,42,Manitoba,Term Life,Monthly,1,143.49,50000,7,0,1
POL-01109,CUST-91037,47,Saskatchewan,Term Life,Monthly,1,180.12,50000,5,0,0
POL-01110,CUST-19094,27,British Columbia,Term Life,Annual,0,81.54,50000,9,1,0
POL-01111,CUST-42779,42,Alberta,Universal Life,Monthly,0,132.49,50000,10,1,0
POL-01112,CUST-50703,52,Manitoba,Whole Life,Monthly,0,171.43,50000,7,1,1
POL-01113,CUST-69366,57,Ontario,Term Life,Monthly,1,190.71,50000,5,1,0
POL-01114,CUST-69434,42,Saskatchewan,Term Life,Annual,0,134.81,50000,7,1,1
POL-01115,CUST-14739,57,Saskatchewan,Whole Life,Monthly,0,160.42,50000,8,0,0
POL-01116,CUST-82127,57,Alberta,Whole Life,Monthly,0,140.91,50000,2,0,0
POL-01117,CUST-22956,57,Alberta,Universal Life,Annual,0,151.08,50000,10,0,0
POL-01118,CUST-94418,32,Quebec,Term Life,Monthly,0,91.12,50000,13,0,0
POL-01119,CUST-46807,32,British Columbia,Universal Life,Monthly,0,118.08,50000,5,0,0
POL-01120,CUST-56543,52,Saskatchewan,Critical Illness,Monthly,0,125.58,50000,6,0,1
POL-01121,CUST-45191,37,Ontario,Whole Life,Monthly,0,120.01,50000,2,1,0
POL-01122,CUST-43575,62,Alberta,Term Life,Annual,0,170.18,50000,9,0,0
POL-01123,CUST-50516,62,Quebec,Universal Life,Annual,0,150.7,50000,7,0,0
POL-01124,CUST-35349,32,British Columbia,Term Life,Monthly,0,93.95,50000,13,1,0
POL-01125,CUST-91445,47,Manitoba,Term Life,Monthly,0,127.56,50000,14,1,0
POL-01126,CUST-64615,32,Ontario,Term Life,Monthly,0,91.89,50000,12,0,0
POL-01127,CUST-50818,32,Ontario,Critical Illness,Monthly,0,104.48,50000,4,0,0
POL-01128,CUST-72348,27,Quebec,Whole Life,Annual,0,82.6,50000,3,1,0
POL-01129,CUST-15230,27,Ontario,Critical Illness,Monthly,0,83.47,50000,8,0,1
POL-01130,CUST-66915,32,Saskatchewan,Whole Life,Monthly,0,109.16,50000,10,0,0
POL-01131,CUST-25258,57,Saskatchewan,Whole Life,Annual,0,155.01,50000,1,0,0
POL-01132,CUST-27561,42,Ontario,Term Life,Annual,0,117.08,50000,8,0,0
POL-01133,CUST-69285,57,Alberta,Whole Life,Monthly,0,127.84,50000,2,0,0
POL-01134,CUST-50157,42,Quebec,Term Life,Annual,1,169.65,50000,4,1,0
POL-01135,CUST-25937,67,Saskatchewan,Whole Life,Monthly,0,160.22,50000,6,1,0
POL-01136,CUST-16684,52,British Columbia,Term Life,Monthly,0,163.35,50000,1,0,0
POL-01137,CUST-64871,27,Manitoba,Term Life,Monthly,0,92.01,50000,4,1,1
POL-01138,CUST-56834,37,Manitoba,Whole Life,Annual,0,113.23,50000,10,0,1
POL-01139,CUST-31383,32,Alberta,Term Life,Monthly,1,132.42,50000,15,0,0
POL-01140,CUST-29277,67,Quebec,Term Life,Monthly,0,168.52,50000,12,0,0
POL-01141,CUST-76834,37,Manitoba,Critical Illness,Annual,0,153.32,50000,5,1,0
POL-01142,CUST-90024,37,Quebec,Term Life,Monthly,0,107.41,50000,15,1,0
POL-01143,CUST-94320,42,Quebec,Term Life,Monthly,0,135.92,50000,7,0,0
POL-01144,CUST-82738,32,Quebec,Term Life,Monthly,0,103.69,50000,6,0,0
POL-01145,CUST-31341,67,Manitoba,Term Life,Annual,0,179.69,50000,13,0,0
POL-01146,CUST-75830,42,British Columbia,Universal Life,Monthly,0,97.42,50000,6,0,0
POL-01147,CUST-44743,32,Quebec,Term Life,Annual,1,160.94,50000,12,0,0
POL-01148,CUST-20116,52,Quebec,Whole Life,Monthly,0,142.69,50000,3,0,0
POL-01149,CUST-25259,42,Manitoba,Whole Life,Monthly,0,117.39,50000,5,1,0
POL-01150,CUST-50211,57,Saskatchewan,Term Life,Annual,0,158.44,50000,15,0,0
POL-01151,CUST-35227,37,Alberta,Critical Illness,Monthly,0,113.33,50000,4,0,0
POL-01152,CUST-26218,57,Saskatchewan,Critical Illness,Monthly,1,168.83,50000,13,0,0
POL-01153,CUST-79373,32,Alberta,Term Life,Monthly,0,73.52,50000,7,0,0
POL-01154,CUST-13939,47,Alberta,Term Life,Monthly,1,186.51,50000,15,0,0
POL-01155,CUST-95985,52,Ontario,Term Life,Monthly,0,135.93,50000,7,0,0
POL-01156,CUST-46221,62,Alberta,Term Life,Annual,1,184.24,50000,8,1,0
POL-01157,CUST-39470,62,Alberta,Whole Life,Monthly,0,150.18,50000,6,1,0
POL-01158,CUST-38235,27,Alberta,Whole Life,Monthly,0,111.17,50000,4,2,0
POL-01159,CUST-70669,62,Manitoba,Whole Life,Monthly,0,150.72,50000,13,0,0
POL-01160,CUST-92638,62,Quebec,Term Life,Monthly,0,164.33,50000,9,0,0
POL-01161,CUST-34258,37,Alberta,Term Life,Monthly,0,107.58,50000,8,0,0
POL-01162,CUST-93345,57,Ontario,Critical Illness,Annual,0,132.54,50000,6,1,0
POL-01163,CUST-91786,52,Quebec,Critical Illness,Monthly,0,149.42,50000,12,0,0
POL-01164,CUST-94133,27,British Columbia,Term Life,Annual,0,106.84,50000,6,0,1
POL-01165,CUST-65592,52,Alberta,Universal Life,Monthly,0,130.45,50000,4,1,0
POL-01166,CUST-11289,52,Saskatchewan,Whole Life,Monthly,0,138.15,50000,2,0,0
POL-01167,CUST-37935,37,Quebec,Universal Life,Annual,1,147.76,50000,14,1,0
POL-01168,CUST-56699,37,Ontario,Whole Life,Monthly,0,116.94,50000,2,0,1
POL-01169,CUST-81667,67,Quebec,Critical Illness,Monthly,0,189.26,50000,13,0,0
POL-01170,CUST-11641,57,Alberta,Term Life,Annual,1,178.71,50000,6,0,0
POL-01171,CUST-62380,47,Manitoba,Term Life,Annual,0,125.64,50000,1,0,1
POL-01172,CUST-64401,57,Quebec,Critical Illness,Monthly,0,145.5,50000,14,2,1
POL-01173,CUST-13722,27,British Columbia,Term Life,Monthly,0,82.29,50000,12,0,0
POL-01174,CUST-55757,57,Quebec,Term Life,Monthly,1,161.93,50000,11,1,0
POL-01175,CUST-47563,52,Ontario,Universal Life,Annual,0,140.21,50000,9,0,0
POL-01176,CUST-48733,47,Quebec,Universal Life,Monthly,0,135.93,50000,12,1,0
POL-01177,CUST-77108,37,Manitoba,Universal Life,Monthly,0,111.63,50000,2,0,0
POL-01178,CUST-14735,57,Manitoba,Universal Life,Monthly,0,146.85,50000,4,0,0
POL-01179,CUST-77580,37,British Columbia,Universal Life,Monthly,0,100.82,50000,9,0,0
POL-01180,CUST-19438,32,British Columbia,Term Life,Monthly,1,140.63,50000,12,0,0
POL-01181,CUST-73884,47,Quebec,Whole Life,Monthly,0,131.64,50000,9,1,0
POL-01182,CUST-38172,42,Alberta,Universal Life,Monthly,0,126.3,50000,7,0,0
POL-01183,CUST-56856,32,Alberta,Critical Illness,Annual,0,106.48,50000,11,0,0
POL-01184,CUST-31780,42,British Columbia,Term Life,Monthly,1,160.33,50000,1,0,0
POL-01185,CUST-98514,57,British Columbia,Term Life,Monthly,0,163.43,50000,8,0,0
POL-01186,CUST-26094,27,Quebec,Universal Life,Monthly,0,100.47,50000,6,2,0
POL-01187,CUST-46963,57,Manitoba,Term Life,Monthly,0,153.37,50000,8,0,0
POL-01188,CUST-86614,47,Saskatchewan,Term Life,Monthly,0,108.69,50000,2,3,1
POL-01189,CUST-44145,62,Alberta,Universal Life,Monthly,0,169.24,50000,14,0,0
POL-01190,CUST-12563,47,Ontario,Whole Life,Monthly,0,126.03,50000,13,0,0
POL-01191,CUST-28069,52,Manitoba,Term Life,Monthly,0,139.55,50000,15,0,0
POL-01192,CUST-29608,32,Manitoba,Term Life,Monthly,0,87.33,50000,13,0,0
POL-01193,CUST-17206,32,Saskatchewan,Term Life,Monthly,0,127.68,50000,10,1,0
POL-01194,CUST-92532,67,Saskatchewan,Universal Life,Monthly,0,135.91,50000,5,0,0
POL-01195,CUST-84492,27,Saskatchewan,Whole Life,Monthly,0,111.46,50000,2,2,0
POL-01196,CUST-88452,67,British Columbia,Term Life,Monthly,0,170.7,50000,10,0,0
POL-01197,CUST-59542,67,British Columbia,Term Life,Monthly,0,142.74,50000,15,2,0
POL-01198,CUST-41971,52,Ontario,Term Life,Monthly,0,163.04,50000,6,0,0
POL-01199,CUST-87022,32,British Columbia,Term Life,Monthly,0,108.77,50000,15,0,0
POL-01200,CUST-82396,67,Quebec,Term Life,Annual,0,137.3,50000,3,1,1
POL-01201,CUST-75391,57,Ontario,Whole Life,Monthly,0,142.53,50000,5,0,0
POL-01202,CUST-23700,67,Ontario,Term Life,Monthly,1,207.01,50000,10,1,0
POL-01203,CUST-85844,47,Quebec,Term Life,Monthly,0,150.16,50000,8,0,0
POL-01204,CUST-67637,37,Quebec,Whole Life,Monthly,0,106.69,50000,12,1,0
POL-01205,CUST-72964,62,Alberta,Whole Life,Annual,0,124.84,50000,6,0,0
POL-01206,CUST-89485,42,Alberta,Term Life,Monthly,0,138.11,50000,12,0,0
POL-01207,CUST-34039,52,Ontario,Term Life,Monthly,0,144.58,50000,5,0,0
POL-01208,CUST-52476,57,Manitoba,Term Life,Annual,1,155.81,50000,3,1,0
POL-01209,CUST-40541,57,British Columbia,Term Life,Monthly,0,151.71,50000,9,1,1
POL-01210,CUST-25019,62,Manitoba,Universal Life,Monthly,0,161.98,50000,8,4,0
POL-01211,CUST-55848,32,Quebec,Term Life,Monthly,0,98.7,50000,9,0,0
POL-01212,CUST-62091,37,Quebec,Universal Life,Annual,0,101.67,50000,1,0,0
POL-01213,CUST-34172,37,Ontario,Universal Life,Monthly,0,104.28,50000,7,0,0
POL-01214,CUST-77334,62,Manitoba,Term Life,Monthly,0,152.7,50000,2,0,0
POL-01215,CUST-37188,37,British Columbia,Term Life,Monthly,1,150.86,50000,13,0,0
POL-01216,CUST-87905,62,Ontario,Term Life,Monthly,0,166.06,50000,2,0,0
POL-01217,CUST-76312,67,British Columbia,Term Life,Monthly,0,139.83,50000,14,1,1
POL-01218,CUST-44121,52,Ontario,Whole Life,Monthly,0,141.67,50000,1,0,0
POL-01219,CUST-76161,57,Quebec,Term Life,Monthly,0,153.46,50000,10,0,0
POL-01220,CUST-35566,57,Alberta,Universal Life,Monthly,1,184.63,50000,6,0,0
POL-01221,CUST-63729,42,Alberta,Whole Life,Monthly,0,115.74,50000,2,1,1
POL-01222,CUST-71701,62,British Columbia,Universal Life,Monthly,1,208.64,50000,6,1,0
POL-01223,CUST-28118,42,Saskatchewan,Universal Life,Annual,1,171.73,50000,1,0,1
POL-01224,CUST-32487,67,Ontario,Whole Life,Annual,0,161.21,50000,11,1,0
POL-01225,CUST-21250,67,British Columbia,Critical Illness,Annual,0,164.6,50000,14,2,0
POL-01226,CUST-31849,37,Saskatchewan,Critical Illness,Monthly,0,120.86,50000,5,1,0
POL-01227,CUST-72885,32,Manitoba,Term Life,Monthly,0,117.99,50000,7,0,0
POL-01228,CUST-26412,42,Manitoba,Term Life,Monthly,0,110.81,50000,3,0,0
POL-01229,CUST-89723,57,Saskatchewan,Term Life,Annual,0,135.05,50000,8,0,0
POL-01230,CUST-43073,57,Alberta,Term Life,Monthly,1,185.89,50000,15,1,0
POL-01231,CUST-37058,37,British Columbia,Whole Life,Monthly,0,98.12,50000,9,1,0
POL-01232,CUST-49532,37,Ontario,Term Life,Monthly,1,123.26,50000,14,0,0
POL-01233,CUST-67120,62,British Columbia,Whole Life,Annual,1,181.76,50000,12,0,0
POL-01234,CUST-75236,67,Quebec,Universal Life,Annual,1,205.61,50000,2,1,0
POL-01235,CUST-70761,37,British Columbia,Term Life,Annual,0,130.24,50000,1,1,0
POL-01236,CUST-19696,57,Alberta,Whole Life,Monthly,0,139.09,50000,6,0,0
POL-01237,CUST-88576,42,British Columbia,Term Life,Monthly,0,119.11,50000,15,0,0
POL-01238,CUST-48335,32,Manitoba,Universal Life,Annual,0,104.47,50000,3,1,0
POL-01239,CUST-87443,27,British Columbia,Whole Life,Monthly,0,85.82,50000,1,0,0
POL-01240,CUST-69204,62,Alberta,Term Life,Monthly,0,147.87,50000,15,1,0
POL-01241,CUST-16473,57,Saskatchewan,Universal Life,Monthly,0,151.62,50000,3,0,0
POL-01242,CUST-59045,67,British Columbia,Term Life,Monthly,0,151.23,50000,6,1,0
POL-01243,CUST-84865,62,Manitoba,Universal Life,Monthly,1,182.39,50000,12,0,0
POL-01244,CUST-80915,32,Alberta,Whole Life,Monthly,0,100.17,50000,2,2,0
POL-01245,CUST-75298,42,Manitoba,Whole Life,Annual,1,159.47,50000,3,1,0
POL-01246,CUST-90307,57,British Columbia,Universal Life,Annual,0,129.42,50000,11,1,0
POL-01247,CUST-60702,47,Ontario,Critical Illness,Monthly,0,128.03,50000,1,0,0
POL-01248,CUST-29146,47,British Columbia,Universal Life,Monthly,0,114.11,50000,11,1,0
POL-01249,CUST-10252,37,Saskatchewan,Whole Life,Monthly,0,103.39,50000,9,3,0
POL-01250,CUST-91777,47,Saskatchewan,Universal Life,Monthly,0,139.06,50000,4,0,0
POL-01251,CUST-68317,57,Alberta,Whole Life,Monthly,1,181.71,50000,10,0,0
POL-01252,CUST-89682,42,Alberta,Universal Life,Annual,1,175.63,50000,5,0,0
POL-01253,CUST-81419,52,Alberta,Universal Life,Monthly,0,137.73,50000,15,0,0
POL-01254,CUST-42745,57,Ontario,Term Life,Monthly,0,159.22,50000,7,0,0
POL-01255,CUST-25111,52,Alberta,Term Life,Annual,0,148.14,50000,12,0,0
POL-01256,CUST-83198,27,Saskatchewan,Term Life,Annual,0,93.44,50000,5,1,0
POL-01257,CUST-86995,67,Quebec,Term Life,Monthly,0,149.81,50000,13,0,0
POL-01258,CUST-56370,37,Quebec,Term Life,Monthly,0,110.34,50000,5,0,0
POL-01259,CUST-32327,62,Ontario,Term Life,Monthly,0,150.21,50000,8,0,1
POL-01260,CUST-82974,37,Saskatchewan,Whole Life,Monthly,0,104.74,50000,13,1,0
POL-01261,CUST-85560,42,Alberta,Term Life,Monthly,0,122.47,50000,14,1,0
POL-01262,CUST-77320,32,Manitoba,Term Life,Monthly,0,85.21,50000,12,2,0
POL-01263,CUST-57397,37,British Columbia,Universal Life,Monthly,0,101.11,50000,11,0,0
POL-01264,CUST-96615,62,Saskatchewan,Term Life,Monthly,0,144.46,50000,11,1,0
POL-01265,CUST-95110,52,Ontario,Whole Life,Monthly,0,135.55,50000,7,0,0
POL-01266,CUST-29899,47,Quebec,Universal Life,Monthly,0,120.38,50000,11,0,0
POL-01267,CUST-38149,37,British Columbia,Critical Illness,Monthly,1,138.17,50000,9,0,0
POL-01268,CUST-76245,62,Saskatchewan,Whole Life,Monthly,0,158.23,50000,8,0,0
POL-01269,CUST-23876,32,Manitoba,Term Life,Monthly,1,132.25,50000,5,1,0
POL-01270,CUST-11250,52,Manitoba,Term Life,Annual,0,138.66,50000,6,0,0
POL-01271,CUST-56380,42,Saskatchewan,Critical Illness,Monthly,0,107.21,50000,2,1,0
POL-01272,CUST-92956,32,Manitoba,Universal Life,Monthly,0,92.66,50000,11,0,1
POL-01273,CUST-89045,42,Manitoba,Universal Life,Monthly,0,145.09,50000,1,0,0
POL-01274,CUST-27901,42,Ontario,Universal Life,Annual,0,112.23,50000,2,0,0
POL-01275,CUST-30384,62,Alberta,Term Life,Monthly,0,131.32,50000,5,1,0
POL-01276,CUST-43608,32,British Columbia,Whole Life,Monthly,0,106.71,50000,3,2,0
POL-01277,CUST-93362,42,British Columbia,Universal Life,Annual,0,112.1,50000,12,0,0
POL-01278,CUST-85876,62,Alberta,Critical Illness,Monthly,0,159.53,50000,2,2,1
POL-01279,CUST-91596,67,Saskatchewan,Term Life,Monthly,0,164.53,50000,7,0,0
POL-01280,CUST-52988,67,Ontario,Whole Life,Monthly,0,172.2,50000,11,0,0
POL-01281,CUST-17037,32,Manitoba,Term Life,Annual,1,136.4,50000,9,0,0
POL-01282,CUST-69739,57,Manitoba,Critical Illness,Annual,0,144.88,50000,9,0,0
POL-01283,CUST-91123,62,Manitoba,Term Life,Monthly,0,170.38,50000,6,0,1
POL-01284,CUST-42529,52,Ontario,Universal Life,Annual,0,111.98,50000,7,1,0
POL-01285,CUST-31606,42,Saskatchewan,Term Life,Monthly,0,104.69,50000,12,0,1
POL-01286,CUST-59986,42,Saskatchewan,Whole Life,Monthly,0,110.7,50000,8,0,0
POL-01287,CUST-31612,62,Manitoba,Universal Life,Monthly,0,136.29,50000,11,0,0
POL-01288,CUST-86090,27,British Columbia,Term Life,Monthly,1,122.85,50000,13,0,1
POL-01289,CUST-46146,32,Manitoba,Universal Life,Monthly,1,130.66,50000,4,0,1
POL-01290,CUST-90326,62,Ontario,Critical Illness,Monthly,0,168.3,50000,2,0,0
POL-01291,CUST-64289,57,Manitoba,Critical Illness,Annual,1,181.54,50000,7,0,0
POL-01292,CUST-51066,42,Ontario,Term Life,Monthly,0,118.04,50000,6,0,0
POL-01293,CUST-50902,27,Ontario,Universal Life,Monthly,1,124.04,50000,3,0,0
POL-01294,CUST-74812,42,British Columbia,Whole Life,Monthly,0,107.98,50000,12,0,1
POL-01295,CUST-32039,37,Manitoba,Whole Life,Monthly,1,157.29,50000,10,0,0
POL-01296,CUST-52049,47,Manitoba,Whole Life,Monthly,0,144.12,50000,10,0,0
POL-01297,CUST-87768,52,Alberta,Whole Life,Monthly,0,124.05,50000,11,1,0
POL-01298,CUST-94567,47,Alberta,Term Life,Monthly,1,184.04,50000,7,0,1
POL-01299,CUST-13887,37,Quebec,Whole Life,Monthly,0,103.55,50000,8,0,0
POL-01300,CUST-75479,57,Manitoba,Term Life,Monthly,0,138.57,50000,4,0,0
POL-01301,CUST-85719,62,British Columbia,Term Life,Annual,0,162.27,50000,11,0,0
POL-01302,CUST-48814,47,Ontario,Term Life,Monthly,0,136.34,50000,15,0,0
POL-01303,CUST-30964,57,Quebec,Term Life,Monthly,0,146.74,50000,14,0,0
POL-01304,CUST-54829,62,British Columbia,Universal Life,Monthly,0,152.44,50000,7,1,1
POL-01305,CUST-91100,67,Quebec,Whole Life,Monthly,0,179.67,50000,1,0,0
POL-01306,CUST-26481,37,Saskatchewan,Term Life,Monthly,0,104.12,50000,14,0,0
POL-01307,CUST-38501,47,Ontario,Universal Life,Monthly,0,128.77,50000,9,1,0
POL-01308,CUST-94689,57,Quebec,Critical Illness,Monthly,1,202.93,50000,12,0,0
POL-01309,CUST-69540,62,Alberta,Critical Illness,Annual,0,140.56,50000,5,0,0
POL-01310,CUST-32954,62,Saskatchewan,Universal Life,Monthly,0,151.1,50000,13,2,1
POL-01311,CUST-71079,32,Manitoba,Critical Illness,Monthly,0,114.9,50000,13,0,0
POL-01312,CUST-26321,57,Saskatchewan,Whole Life,Monthly,1,188.94,50000,1,1,0
POL-01313,CUST-74806,37,Ontario,Critical Illness,Monthly,0,122.33,50000,9,0,0
POL-01314,CUST-50690,32,Alberta,Critical Illness,Monthly,0,86.73,50000,8,0,0
POL-01315,CUST-89504,67,Alberta,Term Life,Annual,1,204.45,50000,10,0,0
POL-01316,CUST-75353,32,Quebec,Critical Illness,Monthly,0,99.18,50000,4,0,0
POL-01317,CUST-20865,57,Ontario,Universal Life,Annual,0,174.87,50000,2,0,0
POL-01318,CUST-71442,57,Alberta,Universal Life,Monthly,0,157.31,50000,5,1,0
POL-01319,CUST-69396,27,Quebec,Critical Illness,Annual,0,93.33,50000,8,0,0
POL-01320,CUST-32911,62,Saskatchewan,Term Life,Annual,0,160.03,50000,5,0,0
POL-01321,CUST-56494,52,Manitoba,Whole Life,Annual,0,139.25,50000,7,1,0
POL-01322,CUST-33845,42,Manitoba,Whole Life,Monthly,1,163.99,50000,6,0,0
POL-01323,CUST-76527,47,Alberta,Universal Life,Annual,0,119.32,50000,11,0,0
POL-01324,CUST-31207,27,Quebec,Critical Illness,Monthly,0,109.98,50000,7,0,0
POL-01325,CUST-46750,42,British Columbia,Critical Illness,Monthly,0,104.7,50000,3,0,0
POL-01326,CUST-64289,57,Saskatchewan,Universal Life,Monthly,0,150.06,50000,10,0,0
POL-01327,CUST-14269,57,Manitoba,Critical Illness,Monthly,0,137.71,50000,4,0,0
POL-01328,CUST-96138,27,Ontario,Term Life,Monthly,0,94.11,50000,5,0,0
POL-01329,CUST-13758,27,British Columbia,Critical Illness,Monthly,0,105.46,50000,11,1,0
POL-01330,CUST-90046,42,Alberta,Term Life,Monthly,1,135.05,50000,5,0,0
POL-01331,CUST-68618,57,Quebec,Whole Life,Monthly,0,145.57,50000,1,2,1
POL-01332,CUST-55405,47,Manitoba,Term Life,Monthly,0,112.32,50000,6,0,0
POL-01333,CUST-53991,32,Ontario,Whole Life,Annual,0,99.25,50000,6,0,0
POL-01334,CUST-44004,52,Saskatchewan,Term Life,Annual,0,121.29,50000,11,0,0
POL-01335,CUST-74788,57,Saskatchewan,Term Life,Annual,0,149.54,50000,11,0,0
POL-01336,CUST-45615,37,Saskatchewan,Whole Life,Annual,0,106.49,50000,1,0,0
POL-01337,CUST-57370,57,British Columbia,Universal Life,Monthly,0,156.57,50000,12,0,0
POL-01338,CUST-82558,52,Ontario,Term Life,Monthly,0,153.34,50000,12,0,0
POL-01339,CUST-68626,57,Saskatchewan,Universal Life,Monthly,0,147.73,50000,3,0,0
POL-01340,CUST-68552,32,Manitoba,Term Life,Monthly,0,113.32,50000,6,1,0
POL-01341,CUST-61207,57,Alberta,Term Life,Monthly,0,164.19,50000,12,0,0
POL-01342,CUST-13713,62,Quebec,Term Life,Annual,0,145.53,50000,9,0,0
POL-01343,CUST-16115,57,Manitoba,Whole Life,Monthly,0,164.82,50000,6,0,0
POL-01344,CUST-16807,42,Ontario,Universal Life,Annual,0,120.16,50000,12,1,1
POL-01345,CUST-34440,32,Saskatchewan,Whole Life,Monthly,0,90.86,50000,10,0,0
POL-01346,CUST-53321,52,Ontario,Universal Life,Annual,1,177.18,50000,8,0,1
POL-01347,CUST-31595,47,Manitoba,Whole Life,Monthly,1,163.73,50000,1,0,0
POL-01348,CUST-57908,57,Manitoba,Universal Life,Annual,1,165.72,50000,10,1,0
POL-01349,CUST-88796,27,Manitoba,Critical Illness,Monthly,0,80.39,50000,3,0,0
POL-01350,CUST-96453,62,Alberta,Term Life,Monthly,0,176.25,50000,14,0,0
POL-01351,CUST-69158,37,Quebec,Term Life,Monthly,0,114.94,50000,3,0,0
POL-01352,CUST-22696,62,Saskatchewan,Term Life,Monthly,0,174.38,50000,1,0,0
POL-01353,CUST-77014,42,British Columbia,Whole Life,Monthly,0,115.6,50000,6,1,1
POL-01354,CUST-82690,47,British Columbia,Whole Life,Monthly,0,119.98,50000,6,0,0
POL-01355,CUST-80592,32,Saskatchewan,Term Life,Monthly,0,82.4,50000,6,0,0
POL-01356,CUST-90593,27,Alberta,Critical Illness,Annual,0,105.22,50000,14,0,0
POL-01357,CUST-10401,57,Ontario,Critical Illness,Monthly,1,187.53,50000,5,1,0
POL-01358,CUST-43986,67,Manitoba,Term Life,Monthly,0,160.71,50000,13,2,1
POL-01359,CUST-63123,47,Quebec,Term Life,Annual,0,120.09,50000,3,0,0
POL-01360,CUST-24561,47,Alberta,Term Life,Monthly,0,143.12,50000,10,0,0
POL-01361,CUST-45787,67,Quebec,Term Life,Annual,0,163.47,50000,2,0,0
POL-01362,CUST-32167,47,Manitoba,Critical Illness,Monthly,1,162.6,50000,4,0,0
POL-01363,CUST-29557,57,Ontario,Whole Life,Monthly,1,175.39,50000,3,0,0
POL-01364,CUST-69649,37,Alberta,Term Life,Monthly,0,106.71,50000,5,0,0
POL-01365,CUST-69935,62,Manitoba,Whole Life,Monthly,0,163.2,50000,7,0,0
POL-01366,CUST-16281,57,Ontario,Term Life,Monthly,0,130.6,50000,13,0,1
POL-01367,CUST-71458,27,British Columbia,Whole Life,Annual,0,94.57,50000,12,0,0
POL-01368,CUST-89702,27,Alberta,Whole Life,Monthly,0,105.07,50000,11,0,0
POL-01369,CUST-13630,52,British Columbia,Whole Life,Annual,0,137.58,50000,8,0,0
POL-01370,CUST-78094,57,Manitoba,Whole Life,Monthly,0,160.25,50000,5,0,0
POL-01371,CUST-73248,32,Alberta,Critical Illness,Monthly,0,118.69,50000,5,1,0
POL-01372,CUST-81499,27,Saskatchewan,Term Life,Annual,0,104.44,50000,2,0,0
POL-01373,CUST-96709,57,Manitoba,Universal Life,Annual,0,141.15,50000,10,0,0
POL-01374,CUST-76628,37,Quebec,Term Life,Monthly,0,111.17,50000,12,0,0
POL-01375,CUST-42306,27,Saskatchewan,Term Life,Monthly,0,97.75,50000,9,0,1
POL-01376,CUST-21582,62,Alberta,Critical Illness,Monthly,0,150.96,50000,9,0,0
POL-01377,CUST-91424,42,Ontario,Universal Life,Monthly,0,114.56,50000,6,1,0
POL-01378,CUST-75779,67,Saskatchewan,Term Life,Annual,0,158.84,50000,15,0,0
POL-01379,CUST-50158,62,Ontario,Whole Life,Monthly,0,187.12,50000,14,1,1
POL-01380,CUST-63926,67,Manitoba,Universal Life,Monthly,0,162.35,50000,7,1,0
POL-01381,CUST-57933,32,Manitoba,Critical Illness,Monthly,0,115.42,50000,12,1,0
POL-01382,CUST-14586,42,Alberta,Whole Life,Monthly,0,110.17,50000,6,0,0
POL-01383,CUST-32851,42,Ontario,Term Life,Monthly,0,141.02,50000,2,0,1
POL-01384,CUST-35617,62,Saskatchewan,Whole Life,Monthly,0,152.06,50000,5,0,0
POL-01385,CUST-65790,67,Saskatchewan,Term Life,Monthly,0,166.24,50000,13,1,1
POL-01386,CUST-48078,67,Alberta,Term Life,Annual,0,143.61,50000,8,1,0
POL-01387,CUST-48034,52,Quebec,Whole Life,Annual,0,152.0,50000,13,1,0
POL-01388,CUST-58861,62,British Columbia,Universal Life,Monthly,0,172.6,50000,5,0,0
POL-01389,CUST-90110,62,Saskatchewan,Term Life,Monthly,0,142.35,50000,7,0,0
POL-01390,CUST-26247,27,Alberta,Universal Life,Annual,0,107.7,50000,2,0,1
POL-01391,CUST-20229,57,Saskatchewan,Universal Life,Annual,0,131.55,50000,12,0,0
POL-01392,CUST-57449,37,Saskatchewan,Universal Life,Annual,0,119.18,50000,5,0,0
POL-01393,CUST-87060,47,Alberta,Term Life,Monthly,0,126.14,50000,2,1,0
POL-01394,CUST-96183,47,Alberta,Term Life,Monthly,1,180.64,50000,4,0,0
POL-01395,CUST-39936,42,Saskatchewan,Term Life,Annual,0,123.59,50000,10,2,0
POL-01396,CUST-41915,27,Alberta,Term Life,Monthly,0,104.78,50000,13,2,1
POL-01397,CUST-84896,32,Ontario,Term Life,Monthly,1,152.45,50000,15,1,0
POL-01398,CUST-23632,27,Saskatchewan,Term Life,Monthly,1,125.11,50000,4,0,0
POL-01399,CUST-42616,67,Ontario,Term Life,Monthly,0,165.25,50000,9,0,0
POL-01400,CUST-52184,37,Manitoba,Term Life,Monthly,0,98.27,50000,7,0,0
POL-01401,CUST-36626,67,Manitoba,Critical Illness,Monthly,0,162.0,50000,11,1,1
POL-01402,CUST-50551,32,Alberta,Universal Life,Monthly,0,125.72,50000,11,0,0
POL-01403,CUST-98980,47,Saskatchewan,Term Life,Monthly,1,173.67,50000,2,0,0
POL-01404,CUST-92546,32,British Columbia,Critical Illness,Monthly,0,90.06,50000,3,1,0
POL-01405,CUST-44465,32,British Columbia,Term Life,Annual,1,157.18,50000,9,0,0
POL-01406,CUST-51611,62,British Columbia,Whole Life,Monthly,0,161.27,50000,8,0,1
POL-01407,CUST-93212,62,Saskatchewan,Universal Life,Monthly,0,166.57,50000,14,0,0
POL-01408,CUST-31899,62,Alberta,Whole Life,Monthly,0,162.49,50000,13,2,0
POL-01409,CUST-61325,47,Saskatchewan,Term Life,Monthly,0,134.64,50000,1,1,0
POL-01410,CUST-30203,32,Quebec,Term Life,Monthly,0,78.63,50000,9,0,0
POL-01411,CUST-67074,32,Quebec,Whole Life,Monthly,0,115.88,50000,7,0,0
POL-01412,CUST-13109,37,Saskatchewan,Whole Life,Annual,1,119.55,50000,8,0,0
POL-01413,CUST-29206,57,Saskatchewan,Whole Life,Monthly,0,159.79,50000,1,0,0
POL-01414,CUST-76724,52,Saskatchewan,Whole Life,Annual,0,139.79,50000,13,0,0
POL-01415,CUST-72444,42,Alberta,Term Life,Monthly,0,130.63,50000,3,0,1
POL-01416,CUST-34103,57,Quebec,Whole Life,Monthly,0,149.5,50000,15,1,0
POL-01417,CUST-28312,52,Ontario,Term Life,Monthly,0,151.13,50000,14,0,0
POL-01418,CUST-80914,57,Ontario,Critical Illness,Monthly,0,147.79,50000,13,0,0
POL-01419,CUST-98210,47,Saskatchewan,Universal Life,Annual,0,132.97,50000,2,0,0
POL-01420,CUST-59528,27,Saskatchewan,Whole Life,Annual,1,133.46,50000,7,1,1
POL-01421,CUST-74924,37,Quebec,Universal Life,Monthly,0,134.14,50000,1,0,0
POL-01422,CUST-74047,32,Manitoba,Term Life,Monthly,1,144.8,50000,10,0,0
POL-01423,CUST-91115,47,Manitoba,Term Life,Annual,0,113.8,50000,13,0,0
POL-01424,CUST-28286,27,Manitoba,Whole Life,Monthly,0,86.83,50000,8,0,0
POL-01425,CUST-61151,47,Manitoba,Whole Life,Monthly,0,136.78,50000,1,1,0
POL-01426,CUST-23949,62,Manitoba,Universal Life,Monthly,1,206.72,50000,5,1,0
POL-01427,CUST-39963,62,Alberta,Critical Illness,Monthly,0,147.93,50000,3,0,0
POL-01428,CUST-47633,57,Alberta,Term Life,Monthly,0,174.48,50000,7,0,0
POL-01429,CUST-93936,32,Quebec,Term Life,Monthly,0,104.71,50000,6,1,0
POL-01430,CUST-42110,52,Manitoba,Whole Life,Annual,1,178.65,50000,13,2,0
POL-01431,CUST-12342,27,Saskatchewan,Term Life,Monthly,0,78.55,50000,4,0,0
POL-01432,CUST-55552,32,Ontario,Term Life,Monthly,0,115.99,50000,5,0,0
POL-01433,CUST-48260,52,Alberta,Critical Illness,Monthly,0,133.25,50000,4,0,0
POL-01434,CUST-77345,57,Alberta,Universal Life,Annual,0,138.65,50000,14,0,0
POL-01435,CUST-10250,32,British Columbia,Critical Illness,Monthly,0,98.79,50000,5,0,0
POL-01436,CUST-91795,27,Saskatchewan,Term Life,Annual,0,110.19,50000,15,0,0
POL-01437,CUST-76625,37,British Columbia,Term Life,Monthly,1,152.19,50000,10,0,0
POL-01438,CUST-63487,67,Ontario,Whole Life,Monthly,0,154.93,50000,5,0,1
POL-01439,CUST-87388,27,Saskatchewan,Critical Illness,Annual,1,122.24,50000,9,0,0
POL-01440,CUST-30327,62,Saskatchewan,Term Life,Annual,0,173.51,50000,2,1,1
POL-01441,CUST-46006,27,British Columbia,Term Life,Monthly,0,90.76,50000,14,1,0
POL-01442,CUST-36586,57,Alberta,Term Life,Monthly,0,154.32,50000,15,0,0
POL-01443,CUST-34766,57,Alberta,Universal Life,Monthly,0,157.26,50000,5,0,0
POL-01444,CUST-91507,67,Alberta,Universal Life,Monthly,0,124.57,50000,3,1,0
POL-01445,CUST-91346,37,British Columbia,Universal Life,Annual,1,161.77,50000,7,0,0
POL-01446,CUST-28867,47,Ontario,Term Life,Annual,0,119.37,50000,12,0,0
POL-01447,CUST-32456,47,Saskatchewan,Universal Life,Monthly,0,125.27,50000,10,0,0
POL-01448,CUST-18543,32,Ontario,Whole Life,Annual,0,121.07,50000,1,0,0
POL-01449,CUST-23868,52,Ontario,Term Life,Monthly,0,155.96,50000,1,0,0
POL-01450,CUST-92903,57,British Columbia,Term Life,Annual,1,188.51,50000,4,0,1
POL-01451,CUST-27288,52,Quebec,Whole Life,Annual,0,147.34,50000,12,1,1
POL-01452,CUST-12399,27,Ontario,Term Life,Annual,1,140.34,50000,4,0,0
POL-01453,CUST-88713,42,Saskatchewan,Critical Illness,Annual,0,137.76,50000,14,1,0
POL-01454,CUST-77400,57,Saskatchewan,Whole Life,Annual,0,166.29,50000,5,0,0
POL-01455,CUST-74091,32,Manitoba,Term Life,Monthly,0,103.89,50000,14,0,0
POL-01456,CUST-23104,37,Alberta,Universal Life,Monthly,0,102.75,50000,14,0,0
POL-01457,CUST-11706,27,British Columbia,Universal Life,Monthly,0,90.54,50000,11,0,0
POL-01458,CUST-69972,27,Manitoba,Term Life,Annual,0,95.13,50000,3,1,0
POL-01459,CUST-60007,42,Saskatchewan,Whole Life,Monthly,0,119.96,50000,2,1,1
POL-01460,CUST-26779,67,Manitoba,Term Life,Annual,0,153.45,50000,3,1,0
POL-01461,CUST-50832,62,Quebec,Term Life,Monthly,0,161.84,50000,10,1,0
POL-01462,CUST-90742,57,Ontario,Universal Life,Annual,0,128.79,50000,11,0,0
POL-01463,CUST-91403,42,British Columbia,Whole Life,Monthly,0,121.62,50000,15,0,0
POL-01464,CUST-14487,32,British Columbia,Term Life,Annual,0,104.39,50000,15,0,0
POL-01465,CUST-13051,47,Ontario,Term Life,Annual,1,165.98,50000,5,0,0
POL-01466,CUST-37404,32,Quebec,Whole Life,Monthly,0,112.81,50000,6,0,0
POL-01467,CUST-77490,47,Manitoba,Term Life,Monthly,0,138.22,50000,12,0,1
POL-01468,CUST-80472,52,British Columbia,Critical Illness,Monthly,0,165.27,50000,12,0,1
POL-01469,CUST-57110,47,Quebec,Whole Life,Annual,0,123.39,50000,5,0,0
POL-01470,CUST-61057,27,British Columbia,Critical Illness,Annual,0,96.95,50000,1,1,0
POL-01471,CUST-52415,57,Saskatchewan,Term Life,Monthly,0,150.18,50000,2,0,0
POL-01472,CUST-47968,37,British Columbia,Universal Life,Monthly,0,113.62,50000,13,0,1
POL-01473,CUST-21276,37,Alberta,Term Life,Monthly,0,96.42,50000,6,0,0
POL-01474,CUST-49197,57,Manitoba,Term Life,Monthly,0,133.4,50000,11,1,0
POL-01475,CUST-98635,37,Ontario,Term Life,Annual,0,111.68,50000,13,2,0
POL-01476,CUST-55208,37,Ontario,Term Life,Monthly,0,92.69,50000,14,0,0
POL-01477,CUST-63525,52,Manitoba,Critical Illness,Annual,1,169.59,50000,8,0,0
POL-01478,CUST-99537,47,Saskatchewan,Universal Life,Annual,0,121.83,50000,10,2,0
POL-01479,CUST-12567,47,Manitoba,Whole Life,Annual,0,126.02,50000,3,2,0
POL-01480,CUST-70627,42,Manitoba,Whole Life,Monthly,0,134.19,50000,15,0,0
POL-01481,CUST-32877,47,Manitoba,Whole Life,Monthly,0,116.66,50000,14,0,0
POL-01482,CUST-53834,37,Alberta,Whole Life,Annual,0,122.04,50000,6,0,0
POL-01483,CUST-11032,42,Ontario,Universal Life,Monthly,0,113.74,50000,6,1,0
POL-01484,CUST-38966,42,British Columbia,Whole Life,Annual,0,115.24,50000,11,0,0
POL-01485,CUST-58836,67,Ontario,Universal Life,Monthly,0,171.19,50000,7,1,0
POL-01486,CUST-55341,67,Alberta,Term Life,Monthly,0,162.31,50000,11,0,0
POL-01487,CUST-45503,32,Saskatchewan,Critical Illness,Annual,0,91.89,50000,2,1,0
POL-01488,CUST-93034,47,Manitoba,Term Life,Annual,0,125.16,50000,5,0,0
POL-01489,CUST-29562,37,Saskatchewan,Term Life,Monthly,0,90.28,50000,12,0,0
POL-01490,CUST-29707,67,Manitoba,Critical Illness,Annual,0,170.17,50000,14,1,0
POL-01491,CUST-61464,47,Alberta,Term Life,Monthly,0,92.38,50000,1,0,0
POL-01492,CUST-41092,32,Quebec,Term Life,Monthly,0,113.26,50000,12,0,0
POL-01493,CUST-35290,32,Ontario,Term Life,Monthly,0,109.98,50000,2,0,0
POL-01494,CUST-15849,57,Quebec,Whole Life,Monthly,0,166.82,50000,13,0,0
POL-01495,CUST-56967,32,Manitoba,Critical Illness,Monthly,1,163.78,50000,4,0,0
POL-01496,CUST-66630,62,Ontario,Universal Life,Monthly,0,167.83,50000,6,0,1
POL-01497,CUST-61189,57,Saskatchewan,Whole Life,Monthly,0,140.07,50000,11,1,0
POL-01498,CUST-79030,27,Ontario,Critical Illness,Monthly,0,119.67,50000,13,0,0
POL-01499,CUST-69670,32,Manitoba,Whole Life,Monthly,0,88.27,50000,7,1,0
POL-01500,CUST-66881,37,Ontario,Critical Illness,Monthly,0,88.77,50000,5,1,1
POL-01501,CUST-38282,62,Quebec,Term Life,Monthly,1,213.83,50000,15,0,0
POL-01502,CUST-83064,42,Saskatchewan,Whole Life,Monthly,1,162.82,50000,15,0,0
POL-01503,CUST-90114,47,Manitoba,Term Life,Monthly,0,107.09,50000,8,0,0
POL-01504,CUST-79366,57,Manitoba,Term Life,Monthly,0,131.34,50000,1,1,0
POL-01505,CUST-19441,32,Quebec,Universal Life,Annual,0,109.22,50000,15,1,1
POL-01506,CUST-97520,67,Ontario,Term Life,Annual,1,190.16,50000,10,0,0
POL-01507,CUST-59740,52,Quebec,Whole Life,Annual,0,129.89,50000,9,2,0
POL-01508,CUST-50719,42,Manitoba,Universal Life,Annual,0,144.2,50000,2,1,0
POL-01509,CUST-30416,57,British Columbia,Term Life,Monthly,0,173.38,50000,15,0,0
POL-01510,CUST-17566,27,Quebec,Whole Life,Annual,0,95.36,50000,11,0,0
POL-01511,CUST-85382,57,Alberta,Universal Life,Monthly,0,145.79,50000,4,0,0
POL-01512,CUST-58185,32,British Columbia,Critical Illness,Annual,0,113.43,50000,6,2,0
POL-01513,CUST-92330,42,Ontario,Term Life,Annual,0,113.86,50000,6,1,0
POL-01514,CUST-79390,57,Quebec,Critical Illness,Annual,0,120.83,50000,14,1,0
POL-01515,CUST-82865,52,Saskatchewan,Universal Life,Monthly,0,105.46,50000,8,1,0
POL-01516,CUST-46625,67,British Columbia,Universal Life,Monthly,0,164.72,50000,14,0,0
POL-01517,CUST-43700,57,Alberta,Term Life,Monthly,0,158.18,50000,11,0,0
POL-01518,CUST-50430,37,Saskatchewan,Universal Life,Monthly,0,111.79,50000,6,0,0
POL-01519,CUST-10492,37,Alberta,Universal Life,Annual,0,121.32,50000,7,0,0
POL-01520,CUST-76361,42,British Columbia,Term Life,Monthly,1,166.52,50000,13,0,0
POL-01521,CUST-90813,42,British Columbia,Critical Illness,Monthly,0,137.23,50000,8,0,0
POL-01522,CUST-11515,32,Ontario,Critical Illness,Monthly,0,104.84,50000,11,1,0
POL-01523,CUST-90310,52,Saskatchewan,Whole Life,Monthly,0,141.91,50000,2,0,0
POL-01524,CUST-69154,37,Quebec,Universal Life,Monthly,1,146.16,50000,7,0,0
POL-01525,CUST-59818,47,Quebec,Whole Life,Monthly,0,126.5,50000,9,0,0
POL-01526,CUST-73648,27,British Columbia,Universal Life,Monthly,0,74.74,50000,6,0,0
POL-01527,CUST-11927,67,Manitoba,Universal Life,Annual,0,179.66,50000,13,1,0
POL-01528,CUST-97359,47,Manitoba,Term Life,Annual,0,124.99,50000,4,0,0
POL-01529,CUST-88323,37,Alberta,Term Life,Annual,1,141.31,50000,13,1,0
POL-01530,CUST-75694,42,British Columbia,Term Life,Monthly,0,114.1,50000,1,0,0
POL-01531,CUST-39840,52,British Columbia,Critical Illness,Monthly,0,122.52,50000,7,1,0
POL-01532,CUST-21779,47,Alberta,Term Life,Monthly,0,128.57,50000,8,0,0
POL-01533,CUST-37320,62,Ontario,Critical Illness,Monthly,1,197.8,50000,4,0,0
POL-01534,CUST-54846,57,Quebec,Whole Life,Monthly,1,174.14,50000,9,1,0
POL-01535,CUST-98835,62,Alberta,Term Life,Monthly,0,169.05,50000,14,0,0
POL-01536,CUST-46534,47,Manitoba,Critical Illness,Annual,0,125.18,50000,7,0,0
POL-01537,CUST-75644,62,Quebec,Whole Life,Monthly,0,138.21,50000,9,0,0
POL-01538,CUST-46083,27,Quebec,Term Life,Annual,0,110.08,50000,15,0,0
POL-01539,CUST-15647,62,Quebec,Term Life,Monthly,0,158.98,50000,14,1,0
POL-01540,CUST-80657,27,Manitoba,Term Life,Monthly,0,103.96,50000,1,1,0
POL-01541,CUST-40419,37,Quebec,Term Life,Annual,0,122.24,50000,11,0,0
POL-01542,CUST-62298,47,British Columbia,Term Life,Annual,0,118.25,50000,13,1,0
POL-01543,CUST-40008,37,Manitoba,Whole Life,Annual,0,105.34,50000,15,0,0
POL-01544,CUST-75777,47,British Columbia,Term Life,Annual,0,142.01,50000,13,0,0
POL-01545,CUST-83395,42,Manitoba,Term Life,Monthly,1,177.62,50000,2,1,0
POL-01546,CUST-77120,27,Manitoba,Term Life,Annual,0,94.36,50000,12,1,0
POL-01547,CUST-90835,37,British Columbia,Whole Life,Annual,0,104.07,50000,13,1,0
POL-01548,CUST-71949,62,Quebec,Critical Illness,Monthly,0,176.79,50000,8,0,0
POL-01549,CUST-57550,27,British Columbia,Term Life,Monthly,0,86.08,50000,1,0,0
POL-01550,CUST-78198,42,British Columbia,Term Life,Monthly,0,124.55,50000,3,0,0
POL-01551,CUST-71518,27,Alberta,Whole Life,Annual,0,88.47,50000,5,1,0
POL-01552,CUST-29670,62,Manitoba,Critical Illness,Annual,0,159.83,50000,13,1,0
POL-01553,CUST-36455,67,British Columbia,Universal Life,Annual,0,154.25,50000,2,1,0
POL-01554,CUST-18883,37,Manitoba,Universal Life,Monthly,0,107.1,50000,12,1,0
POL-01555,CUST-78751,27,British Columbia,Critical Illness,Monthly,0,86.07,50000,3,0,0
POL-01556,CUST-24513,52,Quebec,Whole Life,Monthly,0,146.55,50000,13,1,0
POL-01557,CUST-17734,42,Saskatchewan,Critical Illness,Monthly,0,122.56,50000,1,0,0
POL-01558,CUST-82786,37,Manitoba,Term Life,Monthly,0,122.16,50000,4,0,0
POL-01559,CUST-14501,62,Ontario,Universal Life,Monthly,0,146.69,50000,2,0,1
POL-01560,CUST-96044,57,Saskatchewan,Critical Illness,Monthly,0,145.1,50000,9,1,1
POL-01561,CUST-29893,37,Saskatchewan,Critical Illness,Monthly,0,119.1,50000,12,1,0
POL-01562,CUST-94313,32,Ontario,Whole Life,Annual,0,112.9,50000,7,1,0
POL-01563,CUST-69123,57,Saskatchewan,Universal Life,Monthly,1,165.25,50000,9,1,0
POL-01564,CUST-11155,27,Saskatchewan,Term Life,Monthly,0,97.41,50000,10,1,0
POL-01565,CUST-80232,52,Quebec,Whole Life,Monthly,0,128.84,50000,7,0,0
POL-01566,CUST-99555,57,Manitoba,Term Life,Annual,0,158.51,50000,12,1,0
POL-01567,CUST-93170,52,Alberta,Whole Life,Annual,0,160.93,50000,5,0,0
POL-01568,CUST-89786,52,Alberta,Universal Life,Monthly,1,142.26,50000,3,0,0
POL-01569,CUST-31744,52,Manitoba,Term Life,Annual,0,130.73,50000,3,1,0
POL-01570,CUST-27896,62,Manitoba,Term Life,Monthly,0,159.77,50000,3,0,0
POL-01571,CUST-38035,67,Manitoba,Term Life,Monthly,1,200.55,50000,1,1,1
POL-01572,CUST-60165,67,Ontario,Universal Life,Monthly,1,211.88,50000,1,0,0
POL-01573,CUST-79967,32,Ontario,Universal Life,Monthly,1,138.55,50000,1,0,0
POL-01574,CUST-98614,62,Saskatchewan,Universal Life,Monthly,0,150.24,50000,3,0,1
POL-01575,CUST-53344,67,Alberta,Term Life,Monthly,0,153.36,50000,10,0,0
POL-01576,CUST-52388,32,British Columbia,Universal Life,Monthly,0,88.34,50000,4,0,0
POL-01577,CUST-86476,62,Quebec,Universal Life,Monthly,0,147.69,50000,9,0,0
POL-01578,CUST-95808,47,Saskatchewan,Term Life,Monthly,0,122.82,50000,2,0,0
POL-01579,CUST-48579,37,Saskatchewan,Term Life,Monthly,0,116.21,50000,13,1,1
POL-01580,CUST-58942,67,Saskatchewan,Whole Life,Monthly,0,163.72,50000,6,0,0
POL-01581,CUST-33401,42,Saskatchewan,Term Life,Monthly,0,112.79,50000,7,1,0
POL-01582,CUST-40992,42,British Columbia,Term Life,Monthly,0,108.49,50000,11,1,1
POL-01583,CUST-78528,27,Manitoba,Term Life,Monthly,0,85.17,50000,15,0,0
POL-01584,CUST-24447,37,British Columbia,Term Life,Monthly,1,139.83,50000,12,0,0
POL-01585,CUST-35838,27,Ontario,Term Life,Monthly,0,84.62,50000,7,0,0
POL-01586,CUST-19366,52,Saskatchewan,Term Life,Monthly,0,146.68,50000,6,0,0
POL-01587,CUST-32808,42,Manitoba,Universal Life,Monthly,0,137.02,50000,6,1,0
POL-01588,CUST-73601,57,Ontario,Whole Life,Monthly,0,133.49,50000,2,0,0
POL-01589,CUST-87212,52,British Columbia,Whole Life,Monthly,0,152.03,50000,6,0,0
POL-01590,CUST-39481,57,British Columbia,Universal Life,Monthly,1,190.92,50000,12,1,0
POL-01591,CUST-90796,67,British Columbia,Whole Life,Monthly,0,167.76,50000,5,0,0
POL-01592,CUST-46695,67,Alberta,Term Life,Annual,0,183.92,50000,6,1,0
POL-01593,CUST-33923,47,Saskatchewan,Term Life,Monthly,0,127.56,50000,2,0,0
POL-01594,CUST-94347,52,Manitoba,Term Life,Monthly,0,143.42,50000,4,0,0
POL-01595,CUST-56255,67,Saskatchewan,Whole Life,Monthly,0,167.08,50000,2,0,0
POL-01596,CUST-27986,67,Quebec,Whole Life,Annual,0,166.19,50000,8,0,0
POL-01597,CUST-29939,62,British Columbia,Term Life,Monthly,0,162.11,50000,5,1,0
POL-01598,CUST-43594,37,British Columbia,Whole Life,Annual,0,112.16,50000,15,0,0
POL-01599,CUST-19774,47,Quebec,Critical Illness,Monthly,0,135.19,50000,9,0,0
POL-01600,CUST-91859,62,British Columbia,Term Life,Monthly,0,148.56,50000,6,1,0
POL-01601,CUST-65672,67,Saskatchewan,Whole Life,Monthly,0,157.94,50000,9,0,0
POL-01602,CUST-94652,67,Alberta,Whole Life,Annual,0,157.51,50000,15,1,0
POL-01603,CUST-31567,32,Quebec,Universal Life,Annual,0,98.22,50000,3,0,0
POL-01604,CUST-82246,57,Quebec,Universal Life,Annual,0,159.76,50000,4,1,1
POL-01605,CUST-70839,67,British Columbia,Universal Life,Monthly,0,160.05,50000,9,0,0
POL-01606,CUST-44482,67,British Columbia,Term Life,Annual,0,173.43,50000,2,1,0
POL-01607,CUST-41491,57,Saskatchewan,Whole Life,Monthly,0,150.79,50000,8,0,0
POL-01608,CUST-21291,52,British Columbia,Universal Life,Monthly,1,168.3,50000,3,0,0
POL-01609,CUST-81928,47,Manitoba,Term Life,Monthly,0,145.31,50000,13,1,0
POL-01610,CUST-81046,67,Manitoba,Critical Illness,Annual,0,174.43,50000,12,0,0
POL-01611,CUST-60445,62,British Columbia,Term Life,Monthly,0,156.62,50000,1,0,0
POL-01612,CUST-85512,62,Quebec,Whole Life,Monthly,0,155.63,50000,9,0,0
POL-01613,CUST-65812,57,Quebec,Whole Life,Monthly,0,148.72,50000,4,1,0
POL-01614,CUST-74335,52,Manitoba,Whole Life,Monthly,0,120.25,50000,9,0,0
POL-01615,CUST-99745,67,Saskatchewan,Universal Life,Monthly,0,155.7,50000,9,1,0
POL-01616,CUST-40364,32,British Columbia,Term Life,Annual,0,108.15,50000,15,1,1
POL-01617,CUST-68828,37,Alberta,Whole Life,Monthly,0,92.6,50000,3,0,0
POL-01618,CUST-68717,27,Ontario,Whole Life,Monthly,0,84.63,50000,8,0,0
POL-01619,CUST-91717,57,Saskatchewan,Critical Illness,Monthly,0,142.89,50000,15,0,0
POL-01620,CUST-73203,37,Alberta,Whole Life,Monthly,0,146.44,50000,2,0,0
POL-01621,CUST-33977,67,British Columbia,Critical Illness,Monthly,0,173.68,50000,4,0,0
POL-01622,CUST-89867,47,Ontario,Critical Illness,Monthly,1,177.77,50000,11,0,0
POL-01623,CUST-83220,52,Quebec,Term Life,Monthly,0,128.94,50000,2,0,0
POL-01624,CUST-22523,27,Alberta,Critical Illness,Monthly,0,97.94,50000,4,0,0
POL-01625,CUST-76370,47,Manitoba,Critical Illness,Annual,1,143.48,50000,15,0,0
POL-01626,CUST-33743,62,Quebec,Term Life,Monthly,0,152.63,50000,9,0,0
POL-01627,CUST-34415,37,Manitoba,Whole Life,Monthly,0,117.66,50000,1,0,0
POL-01628,CUST-46332,27,British Columbia,Term Life,Annual,0,76.59,50000,13,0,0
POL-01629,CUST-38288,52,British Columbia,Whole Life,Monthly,0,143.32,50000,8,1,0
POL-01630,CUST-83047,47,Manitoba,Term Life,Annual,0,135.31,50000,8,0,0
POL-01631,CUST-27558,47,Manitoba,Universal Life,Annual,1,157.37,50000,15,1,0
POL-01632,CUST-90432,42,Saskatchewan,Whole Life,Annual,0,110.58,50000,5,0,0
POL-01633,CUST-14961,57,Ontario,Whole Life,Monthly,0,139.02,50000,6,0,0
POL-01634,CUST-35056,47,Quebec,Term Life,Annual,0,125.44,50000,9,0,0
POL-01635,CUST-50727,42,Saskatchewan,Universal Life,Monthly,0,116.8,50000,4,0,0
POL-01636,CUST-55372,27,Manitoba,Whole Life,Monthly,1,134.72,50000,2,0,1
POL-01637,CUST-89641,62,Manitoba,Whole Life,Annual,1,185.19,50000,3,0,0
POL-01638,CUST-64693,52,Saskatchewan,Term Life,Monthly,0,157.83,50000,5,0,0
POL-01639,CUST-57611,32,British Columbia,Term Life,Annual,0,121.74,50000,2,0,0
POL-01640,CUST-24891,32,Quebec,Whole Life,Monthly,0,105.43,50000,8,0,0
POL-01641,CUST-13844,42,Quebec,Critical Illness,Monthly,1,151.46,50000,15,0,0
POL-01642,CUST-81312,62,Alberta,Term Life,Monthly,0,150.2,50000,4,0,0
POL-01643,CUST-61794,57,Manitoba,Universal Life,Annual,0,151.4,50000,1,0,0
POL-01644,CUST-52380,37,British Columbia,Term Life,Monthly,0,117.5,50000,1,0,0
POL-01645,CUST-55334,32,British Columbia,Universal Life,Annual,1,135.19,50000,3,0,1
POL-01646,CUST-90520,52,Manitoba,Term Life,Monthly,0,133.88,50000,9,1,0
POL-01647,CUST-51145,42,British Columbia,Whole Life,Annual,1,159.83,50000,8,1,0
POL-01648,CUST-59350,47,Quebec,Term Life,Monthly,0,130.43,50000,7,1,0
POL-01649,CUST-56391,52,Saskatchewan,Term Life,Annual,0,131.73,50000,12,0,0
POL-01650,CUST-84974,57,Quebec,Term Life,Monthly,0,148.96,50000,6,1,1
POL-01651,CUST-30192,52,British Columbia,Term Life,Monthly,0,131.34,50000,10,1,0
POL-01652,CUST-14417,52,British Columbia,Whole Life,Annual,0,129.58,50000,15,0,0
POL-01653,CUST-96227,37,British Columbia,Critical Illness,Monthly,0,111.54,50000,3,0,1
POL-01654,CUST-49496,32,Alberta,Whole Life,Monthly,1,130.7,50000,2,0,1
POL-01655,CUST-61919,32,Saskatchewan,Critical Illness,Annual,1,128.8,50000,4,0,0
POL-01656,CUST-47722,62,Manitoba,Whole Life,Annual,0,169.15,50000,3,0,0
POL-01657,CUST-36504,52,British Columbia,Term Life,Annual,0,133.89,50000,13,0,0
POL-01658,CUST-27454,32,Saskatchewan,Term Life,Annual,0,124.72,50000,14,1,0
POL-01659,CUST-70988,62,Manitoba,Whole Life,Annual,0,164.12,50000,9,0,0
POL-01660,CUST-60546,57,Alberta,Term Life,Monthly,0,137.75,50000,2,0,1
POL-01661,CUST-66251,37,Alberta,Critical Illness,Monthly,0,125.52,50000,13,0,0
POL-01662,CUST-77544,42,Ontario,Universal Life,Annual,0,112.0,50000,14,0,0
POL-01663,CUST-36983,62,Quebec,Whole Life,Monthly,0,180.28,50000,7,1,0
POL-01664,CUST-54397,37,British Columbia,Whole Life,Monthly,0,114.31,50000,11,0,0
POL-01665,CUST-64018,52,Saskatchewan,Term Life,Monthly,0,145.11,50000,10,0,0
POL-01666,CUST-84875,37,Saskatchewan,Whole Life,Monthly,1,146.97,50000,8,0,0
POL-01667,CUST-18775,27,Saskatchewan,Term Life,Annual,0,96.79,50000,6,0,0
POL-01668,CUST-36367,32,British Columbia,Term Life,Monthly,1,134.85,50000,5,0,0
POL-01669,CUST-27743,52,Alberta,Term Life,Annual,0,127.49,50000,5,0,0
POL-01670,CUST-36851,57,Saskatchewan,Term Life,Annual,0,151.68,50000,6,0,0
POL-01671,CUST-94135,67,British Columbia,Universal Life,Monthly,0,177.9,50000,12,0,0
POL-01672,CUST-25014,57,Ontario,Term Life,Monthly,0,133.31,50000,13,0,0
POL-01673,CUST-77517,62,Quebec,Term Life,Monthly,0,175.09,50000,2,0,0
POL-01674,CUST-80571,42,Alberta,Critical Illness,Monthly,1,162.81,50000,1,0,0
POL-01675,CUST-77020,62,Quebec,Critical Illness,Monthly,0,151.36,50000,8,0,0
POL-01676,CUST-23319,32,Saskatchewan,Whole Life,Monthly,0,97.14,50000,12,1,1
POL-01677,CUST-17468,57,Quebec,Whole Life,Annual,0,169.97,50000,9,0,0
POL-01678,CUST-23478,67,Manitoba,Universal Life,Monthly,0,176.86,50000,13,0,0
POL-01679,CUST-85246,57,Saskatchewan,Term Life,Monthly,0,161.28,50000,11,0,1
POL-01680,CUST-10632,52,Ontario,Whole Life,Monthly,0,135.59,50000,11,0,0
POL-01681,CUST-74872,62,Quebec,Term Life,Annual,0,163.27,50000,9,0,0
POL-01682,CUST-44943,57,Quebec,Whole Life,Monthly,0,151.79,50000,1,0,0
POL-01683,CUST-95339,27,Quebec,Critical Illness,Monthly,0,91.5,50000,3,0,0
POL-01684,CUST-49320,62,British Columbia,Universal Life,Annual,1,192.91,50000,12,0,0
POL-01685,CUST-51444,62,Alberta,Critical Illness,Monthly,0,169.92,50000,5,0,0
POL-01686,CUST-50599,67,British Columbia,Universal Life,Monthly,1,219.8,50000,11,1,0
POL-01687,CUST-82662,57,Ontario,Whole Life,Monthly,0,144.58,50000,6,0,0
POL-01688,CUST-78954,52,Ontario,Universal Life,Annual,0,122.84,50000,1,0,0
POL-01689,CUST-96249,32,Ontario,Universal Life,Annual,0,122.32,50000,11,0,0
POL-01690,CUST-47322,42,Manitoba,Whole Life,Monthly,1,175.47,50000,14,0,0
POL-01691,CUST-85664,62,Quebec,Term Life,Annual,0,161.4,50000,7,0,0
POL-01692,CUST-10383,42,Saskatchewan,Whole Life,Annual,0,142.11,50000,2,0,0
POL-01693,CUST-65731,67,British Columbia,Term Life,Annual,1,204.53,50000,7,0,0
POL-01694,CUST-64849,67,Quebec,Whole Life,Annual,1,189.69,50000,15,0,0
POL-01695,CUST-14594,42,Quebec,Term Life,Annual,0,104.85,50000,5,0,0
POL-01696,CUST-25410,67,Ontario,Whole Life,Monthly,0,149.74,50000,2,0,0
POL-01697,CUST-97711,32,British Columbia,Term Life,Monthly,0,102.65,50000,12,0,0
POL-01698,CUST-12253,27,Quebec,Term Life,Annual,0,88.01,50000,4,3,0
POL-01699,CUST-55534,62,Saskatchewan,Whole Life,Monthly,0,149.65,50000,1,0,0
POL-01700,CUST-79962,67,Quebec,Term Life,Monthly,0,164.32,50000,11,1,1
POL-01701,CUST-98460,42,Saskatchewan,Critical Illness,Annual,0,130.9,50000,6,0,0
POL-01702,CUST-32124,57,Saskatchewan,Whole Life,Annual,0,141.04,50000,3,1,0
POL-01703,CUST-66237,52,Manitoba,Term Life,Annual,0,130.02,50000,1,3,0
POL-01704,CUST-77975,32,Ontario,Term Life,Annual,0,96.83,50000,3,0,0
POL-01705,CUST-91389,47,Manitoba,Universal Life,Monthly,0,140.65,50000,3,0,0
POL-01706,CUST-67754,32,Saskatchewan,Whole Life,Annual,0,101.76,50000,1,0,0
POL-01707,CUST-30968,67,Alberta,Whole Life,Annual,0,168.96,50000,6,0,0
POL-01708,CUST-89497,37,Manitoba,Term Life,Monthly,0,130.24,50000,13,0,0
POL-01709,CUST-94979,37,Saskatchewan,Universal Life,Monthly,1,180.72,50000,6,0,0
POL-01710,CUST-42233,57,British Columbia,Critical Illness,Annual,0,155.28,50000,1,0,0
POL-01711,CUST-54624,57,Quebec,Term Life,Monthly,0,154.1,50000,14,2,1
POL-01712,CUST-68506,32,Manitoba,Term Life,Monthly,1,123.39,50000,10,0,1
POL-01713,CUST-84821,47,Saskatchewan,Term Life,Monthly,0,134.02,50000,15,0,1
POL-01714,CUST-61139,62,Saskatchewan,Term Life,Monthly,0,157.34,50000,9,0,0
POL-01715,CUST-77420,57,British Columbia,Universal Life,Monthly,1,193.31,50000,8,0,0
POL-01716,CUST-80450,27,Quebec,Critical Illness,Annual,1,123.9,50000,8,1,0
POL-01717,CUST-28688,52,Manitoba,Critical Illness,Monthly,0,141.01,50000,1,0,0
POL-01718,CUST-39639,62,Ontario,Universal Life,Annual,1,198.86,50000,6,3,0
POL-01719,CUST-85992,57,Ontario,Term Life,Monthly,0,170.38,50000,7,0,0
POL-01720,CUST-63953,27,Quebec,Critical Illness,Monthly,0,112.37,50000,5,2,0
POL-01721,CUST-28002,62,Alberta,Term Life,Monthly,0,171.79,50000,13,0,1
POL-01722,CUST-58678,67,British Columbia,Term Life,Annual,0,174.33,50000,15,0,0
POL-01723,CUST-29051,57,Quebec,Universal Life,Annual,0,142.42,50000,8,0,0
POL-01724,CUST-13922,32,Ontario,Term Life,Monthly,0,111.32,50000,12,1,1
POL-01725,CUST-51368,52,Manitoba,Universal Life,Annual,0,129.33,50000,4,1,0
POL-01726,CUST-13060,62,Alberta,Critical Illness,Monthly,0,154.13,50000,14,0,0
POL-01727,CUST-95856,47,Manitoba,Universal Life,Monthly,0,150.94,50000,11,0,0
POL-01728,CUST-91269,47,Saskatchewan,Universal Life,Annual,0,136.06,50000,12,1,0
POL-01729,CUST-29601,67,Alberta,Term Life,Monthly,0,168.32,50000,9,2,0
POL-01730,CUST-67667,67,Manitoba,Term Life,Annual,0,169.87,50000,13,0,0
POL-01731,CUST-44788,47,Saskatchewan,Universal Life,Monthly,0,128.47,50000,9,2,0
POL-01732,CUST-65180,37,Alberta,Whole Life,Annual,0,85.73,50000,15,1,0
POL-01733,CUST-57002,57,Quebec,Critical Illness,Monthly,1,167.43,50000,10,0,0
POL-01734,CUST-76878,42,British Columbia,Term Life,Monthly,1,163.01,50000,7,0,0
POL-01735,CUST-78184,57,Saskatchewan,Term Life,Monthly,0,136.55,50000,4,2,0
POL-01736,CUST-11409,57,Quebec,Term Life,Annual,0,146.31,50000,14,0,0
POL-01737,CUST-86132,62,Saskatchewan,Universal Life,Monthly,0,141.87,50000,1,0,0
POL-01738,CUST-30886,52,British Columbia,Universal Life,Monthly,0,129.98,50000,1,1,0
POL-01739,CUST-67193,42,Ontario,Critical Illness,Monthly,0,120.55,50000,1,0,1
POL-01740,CUST-68510,57,Quebec,Term Life,Monthly,0,158.69,50000,2,1,1
POL-01741,CUST-67035,52,British Columbia,Whole Life,Monthly,1,187.09,50000,4,2,0
POL-01742,CUST-74654,32,British Columbia,Term Life,Annual,0,93.78,50000,8,1,0
POL-01743,CUST-21734,57,Alberta,Term Life,Monthly,0,151.28,50000,5,1,0
POL-01744,CUST-66664,57,Saskatchewan,Term Life,Monthly,0,130.49,50000,7,1,0
POL-01745,CUST-43782,32,Quebec,Whole Life,Monthly,0,103.28,50000,7,0,0
POL-01746,CUST-46990,62,Ontario,Whole Life,Monthly,0,168.04,50000,7,1,0
POL-01747,CUST-23258,57,Quebec,Term Life,Monthly,0,146.8,50000,1,0,0
POL-01748,CUST-62997,62,Ontario,Whole Life,Monthly,0,172.39,50000,9,1,0
POL-01749,CUST-39113,32,Manitoba,Universal Life,Monthly,0,112.64,50000,5,0,0
POL-01750,CUST-72989,32,Manitoba,Term Life,Annual,0,105.5,50000,9,1,0
POL-01751,CUST-52829,27,Ontario,Term Life,Monthly,0,90.6,50000,1,0,0
POL-01752,CUST-46575,57,British Columbia,Universal Life,Monthly,0,141.19,50000,14,0,1
POL-01753,CUST-55864,32,Saskatchewan,Universal Life,Monthly,0,85.1,50000,11,1,0
POL-01754,CUST-60758,67,Quebec,Universal Life,Annual,0,150.06,50000,6,0,0
POL-01755,CUST-70961,52,Manitoba,Term Life,Annual,0,150.54,50000,6,0,0
POL-01756,CUST-17108,27,Ontario,Whole Life,Monthly,0,111.76,50000,5,0,0
POL-01757,CUST-82109,37,Alberta,Critical Illness,Monthly,0,98.63,50000,15,0,0
POL-01758,CUST-25259,47,Saskatchewan,Term Life,Monthly,1,165.42,50000,11,1,0
POL-01759,CUST-30884,62,Saskatchewan,Whole Life,Annual,0,137.71,50000,7,0,0
POL-01760,CUST-79530,52,Saskatchewan,Critical Illness,Monthly,0,126.88,50000,10,1,0
POL-01761,CUST-10340,42,British Columbia,Term Life,Monthly,0,123.72,50000,1,2,0
POL-01762,CUST-44200,42,British Columbia,Universal Life,Monthly,0,114.38,50000,13,0,0
POL-01763,CUST-69759,47,British Columbia,Critical Illness,Monthly,0,106.61,50000,9,0,0
POL-01764,CUST-80022,32,Alberta,Term Life,Monthly,0,123.23,50000,5,0,0
POL-01765,CUST-90386,42,Alberta,Universal Life,Monthly,1,155.01,50000,11,0,1
POL-01766,CUST-70684,62,Alberta,Whole Life,Annual,1,178.35,50000,1,0,0
POL-01767,CUST-31025,67,Saskatchewan,Critical Illness,Annual,0,167.14,50000,8,0,0
POL-01768,CUST-42634,57,Alberta,Critical Illness,Monthly,0,146.63,50000,15,1,0
POL-01769,CUST-12091,37,Alberta,Critical Illness,Monthly,0,116.66,50000,12,0,0
POL-01770,CUST-79375,47,Quebec,Term Life,Annual,0,125.52,50000,1,0,0
POL-01771,CUST-10642,47,Ontario,Universal Life,Annual,0,133.37,50000,9,0,0
POL-01772,CUST-21372,67,Quebec,Critical Illness,Annual,0,176.92,50000,11,1,0
POL-01773,CUST-97545,62,Ontario,Whole Life,Annual,0,140.78,50000,8,0,0
POL-01774,CUST-24452,62,Saskatchewan,Whole Life,Monthly,0,148.28,50000,5,0,0
POL-01775,CUST-35599,32,Ontario,Term Life,Monthly,0,112.67,50000,11,0,0
POL-01776,CUST-46823,47,Ontario,Critical Illness,Monthly,0,122.98,50000,7,1,0
POL-01777,CUST-22394,52,Quebec,Term Life,Monthly,0,137.62,50000,15,1,1
POL-01778,CUST-69021,37,Manitoba,Term Life,Monthly,0,105.96,50000,13,0,0
POL-01779,CUST-37986,52,Manitoba,Critical Illness,Monthly,0,133.7,50000,14,0,0
POL-01780,CUST-36798,57,Manitoba,Critical Illness,Monthly,0,141.68,50000,7,0,1
POL-01781,CUST-61607,52,British Columbia,Critical Illness,Monthly,0,123.5,50000,11,0,0
POL-01782,CUST-39089,32,Quebec,Whole Life,Annual,0,108.11,50000,3,0,0
POL-01783,CUST-29586,67,British Columbia,Term Life,Monthly,0,178.35,50000,12,0,0
POL-01784,CUST-87553,42,Alberta,Whole Life,Monthly,0,118.48,50000,12,1,1
POL-01785,CUST-62210,57,British Columbia,Term Life,Monthly,1,193.99,50000,12,1,0
POL-01786,CUST-90988,47,Saskatchewan,Critical Illness,Monthly,0,123.71,50000,1,0,0
POL-01787,CUST-42233,47,British Columbia,Whole Life,Monthly,0,123.0,50000,7,0,0
POL-01788,CUST-92127,52,Quebec,Whole Life,Monthly,0,143.53,50000,5,0,0
POL-01789,CUST-89984,27,Saskatchewan,Term Life,Monthly,0,98.73,50000,14,1,1
POL-01790,CUST-11978,52,Alberta,Whole Life,Annual,0,137.25,50000,9,0,0
POL-01791,CUST-21347,32,Quebec,Critical Illness,Monthly,1,145.72,50000,10,0,0
POL-01792,CUST-81856,37,British Columbia,Universal Life,Monthly,0,96.16,50000,7,1,0
POL-01793,CUST-36634,47,British Columbia,Term Life,Annual,0,125.95,50000,2,0,0
POL-01794,CUST-78562,32,Quebec,Term Life,Monthly,0,114.18,50000,10,1,1
POL-01795,CUST-49026,37,Saskatchewan,Term Life,Annual,0,123.15,50000,10,0,0
POL-01796,CUST-33232,42,British Columbia,Term Life,Monthly,0,130.63,50000,6,0,0
POL-01797,CUST-29676,42,Ontario,Critical Illness,Monthly,0,132.85,50000,10,0,0
POL-01798,CUST-30396,57,British Columbia,Universal Life,Monthly,0,143.13,50000,6,0,0
POL-01799,CUST-69753,62,Ontario,Term Life,Monthly,1,171.14,50000,10,2,0
POL-01800,CUST-13137,37,Ontario,Universal Life,Annual,0,108.49,50000,6,0,0
POL-01801,CUST-26992,67,Ontario,Term Life,Monthly,1,208.23,50000,12,0,0
POL-01802,CUST-83985,52,Ontario,Term Life,Monthly,1,183.19,50000,14,0,0
POL-01803,CUST-38734,32,Alberta,Whole Life,Monthly,1,131.28,50000,8,0,0
POL-01804,CUST-64676,47,Quebec,Term Life,Annual,1,152.98,50000,1,0,0
POL-01805,CUST-36955,47,Quebec,Whole Life,Monthly,0,119.18,50000,11,0,1
POL-01806,CUST-11425,32,Quebec,Universal Life,Monthly,0,96.08,50000,15,1,1
POL-01807,CUST-50316,42,Alberta,Critical Illness,Annual,0,97.83,50000,11,0,0
POL-01808,CUST-30273,67,Manitoba,Term Life,Monthly,0,159.27,50000,6,1,0
POL-01809,CUST-76261,47,Manitoba,Whole Life,Monthly,0,130.17,50000,9,0,1
POL-01810,CUST-84768,57,Alberta,Term Life,Monthly,0,146.43,50000,6,0,0
POL-01811,CUST-89364,52,British Columbia,Whole Life,Monthly,1,169.64,50000,12,0,0
POL-01812,CUST-64190,62,Manitoba,Term Life,Annual,0,148.33,50000,11,1,0
POL-01813,CUST-17266,62,Quebec,Whole Life,Monthly,0,149.73,50000,10,0,1
POL-01814,CUST-87019,52,British Columbia,Term Life,Annual,0,131.94,50000,6,0,1
POL-01815,CUST-86014,57,Quebec,Critical Illness,Monthly,0,156.07,50000,3,0,0
POL-01816,CUST-23203,62,Ontario,Critical Illness,Monthly,0,156.59,50000,10,1,0
POL-01817,CUST-46691,47,Quebec,Term Life,Monthly,0,167.6,50000,6,0,0
POL-01818,CUST-95732,62,Manitoba,Universal Life,Monthly,0,152.61,50000,14,0,0
POL-01819,CUST-82662,42,Manitoba,Term Life,Monthly,0,125.85,50000,1,2,0
POL-01820,CUST-28668,52,Ontario,Universal Life,Monthly,0,134.88,50000,13,0,0
POL-01821,CUST-66464,57,Saskatchewan,Term Life,Monthly,0,143.59,50000,12,0,0
POL-01822,CUST-37316,57,Manitoba,Term Life,Annual,0,166.35,50000,8,0,0
POL-01823,CUST-88137,57,Ontario,Universal Life,Monthly,0,159.57,50000,15,0,0
POL-01824,CUST-93346,67,Ontario,Whole Life,Monthly,1,179.54,50000,11,0,0
POL-01825,CUST-80419,52,Quebec,Whole Life,Monthly,0,126.33,50000,1,0,0
POL-01826,CUST-38161,57,Alberta,Whole Life,Monthly,1,180.97,50000,6,0,0
POL-01827,CUST-45486,37,Ontario,Term Life,Monthly,0,105.39,50000,13,0,0
POL-01828,CUST-63567,67,Manitoba,Term Life,Annual,0,147.5,50000,12,0,0
POL-01829,CUST-95317,62,Saskatchewan,Whole Life,Monthly,1,192.99,50000,3,0,0
POL-01830,CUST-40968,47,Manitoba,Whole Life,Monthly,0,107.06,50000,3,0,0
POL-01831,CUST-59987,47,Manitoba,Term Life,Monthly,0,131.12,50000,14,1,0
POL-01832,CUST-76570,32,Saskatchewan,Term Life,Monthly,0,111.36,50000,1,1,0
POL-01833,CUST-43512,57,Manitoba,Whole Life,Monthly,0,158.07,50000,15,1,0
POL-01834,CUST-38024,52,British Columbia,Universal Life,Monthly,0,136.87,50000,9,0,0
POL-01835,CUST-45186,27,British Columbia,Universal Life,Monthly,0,111.73,50000,13,1,1
POL-01836,CUST-49715,42,Alberta,Whole Life,Monthly,0,124.58,50000,4,1,0
POL-01837,CUST-18397,62,Alberta,Whole Life,Annual,1,201.75,50000,6,0,1
POL-01838,CUST-17539,27,Manitoba,Whole Life,Monthly,1,119.76,50000,11,0,0
POL-01839,CUST-72924,52,Quebec,Term Life,Monthly,0,156.86,50000,3,0,0
POL-01840,CUST-92883,57,Quebec,Term Life,Monthly,0,147.56,50000,2,0,0
POL-01841,CUST-82520,42,Alberta,Term Life,Monthly,0,139.52,50000,10,2,1
POL-01842,CUST-91541,67,Ontario,Universal Life,Monthly,0,181.9,50000,1,0,0
POL-01843,CUST-85436,67,Alberta,Term Life,Monthly,1,203.69,50000,15,0,0
POL-01844,CUST-82377,67,Saskatchewan,Whole Life,Monthly,0,170.47,50000,11,0,0
POL-01845,CUST-15249,67,British Columbia,Whole Life,Monthly,0,163.44,50000,11,2,1
POL-01846,CUST-88577,42,Ontario,Term Life,Monthly,0,110.77,50000,8,1,0
POL-01847,CUST-50260,42,British Columbia,Universal Life,Annual,0,127.74,50000,10,1,0
POL-01848,CUST-64246,57,Ontario,Universal Life,Annual,0,154.13,50000,15,0,0
POL-01849,CUST-90069,47,Manitoba,Term Life,Annual,0,110.18,50000,1,1,0
POL-01850,CUST-17691,52,Quebec,Universal Life,Monthly,0,137.61,50000,4,0,0
POL-01851,CUST-32838,62,British Columbia,Whole Life,Annual,0,167.02,50000,11,0,0
POL-01852,CUST-16353,57,Saskatchewan,Term Life,Monthly,0,165.19,50000,2,0,0
POL-01853,CUST-47775,47,Ontario,Universal Life,Monthly,0,138.3,50000,4,0,0
POL-01854,CUST-80746,52,Quebec,Universal Life,Annual,1,155.39,50000,1,0,0
POL-01855,CUST-54266,42,Saskatchewan,Term Life,Annual,0,107.95,50000,1,0,0
POL-01856,CUST-56536,62,Saskatchewan,Critical Illness,Monthly,0,152.45,50000,7,1,0
POL-01857,CUST-31081,27,British Columbia,Whole Life,Annual,0,110.39,50000,10,0,0
POL-01858,CUST-34930,27,British Columbia,Whole Life,Monthly,0,86.32,50000,2,0,1
POL-01859,CUST-60168,67,British Columbia,Term Life,Monthly,0,178.3,50000,15,0,0
POL-01860,CUST-13371,67,British Columbia,Term Life,Monthly,1,193.12,50000,12,1,0
POL-01861,CUST-49930,27,Ontario,Whole Life,Monthly,1,134.99,50000,10,0,0
POL-01862,CUST-98562,57,Saskatchewan,Whole Life,Annual,0,136.32,50000,2,0,0
POL-01863,CUST-61306,47,Saskatchewan,Whole Life,Monthly,0,127.27,50000,8,0,0
POL-01864,CUST-18702,32,Ontario,Universal Life,Monthly,0,89.02,50000,14,0,0
POL-01865,CUST-47718,37,Ontario,Term Life,Annual,1,163.92,50000,4,0,0
POL-01866,CUST-42783,67,Saskatchewan,Universal Life,Annual,0,157.26,50000,9,0,0
POL-01867,CUST-72966,42,Saskatchewan,Universal Life,Annual,1,137.03,50000,9,0,0
POL-01868,CUST-71217,47,British Columbia,Universal Life,Annual,1,145.08,50000,11,0,0
POL-01869,CUST-98098,47,Ontario,Universal Life,Annual,0,128.57,50000,14,0,0
POL-01870,CUST-66078,27,Quebec,Critical Illness,Monthly,0,88.1,50000,2,0,0
POL-01871,CUST-31284,57,British Columbia,Term Life,Monthly,1,190.38,50000,1,0,0
POL-01872,CUST-21373,62,Manitoba,Universal Life,Annual,0,153.78,50000,2,0,0
POL-01873,CUST-24195,52,Saskatchewan,Critical Illness,Monthly,0,152.59,50000,5,0,0
POL-01874,CUST-65840,37,Saskatchewan,Whole Life,Monthly,0,106.98,50000,6,0,0
POL-01875,CUST-63753,32,Saskatchewan,Term Life,Monthly,0,114.92,50000,14,0,0
POL-01876,CUST-40275,47,Quebec,Critical Illness,Monthly,0,118.17,50000,8,0,0
POL-01877,CUST-76314,47,British Columbia,Term Life,Monthly,1,146.56,50000,12,0,0
POL-01878,CUST-25354,27,British Columbia,Term Life,Annual,0,83.72,50000,9,0,0
POL-01879,CUST-74301,37,Ontario,Term Life,Monthly,0,98.06,50000,15,0,0
POL-01880,CUST-65535,52,Ontario,Whole Life,Monthly,0,123.71,50000,5,0,0
POL-01881,CUST-25786,57,Ontario,Whole Life,Monthly,1,187.56,50000,11,0,0
POL-01882,CUST-91039,62,Ontario,Whole Life,Monthly,0,153.43,50000,5,0,0
POL-01883,CUST-88232,52,Manitoba,Critical Illness,Monthly,0,140.3,50000,4,0,0
POL-01884,CUST-77636,47,Quebec,Whole Life,Monthly,0,135.93,50000,15,1,1
POL-01885,CUST-69821,47,Manitoba,Whole Life,Monthly,1,144.37,50000,1,0,0
POL-01886,CUST-24622,27,British Columbia,Critical Illness,Monthly,0,100.44,50000,5,0,0
POL-01887,CUST-97053,37,Alberta,Universal Life,Monthly,0,97.14,50000,6,0,0
POL-01888,CUST-25670,37,British Columbia,Term Life,Monthly,0,104.68,50000,3,1,0
POL-01889,CUST-82599,52,Saskatchewan,Term Life,Monthly,0,115.89,50000,12,0,0
POL-01890,CUST-52239,52,Manitoba,Whole Life,Monthly,0,146.45,50000,6,0,0
POL-01891,CUST-70218,37,British Columbia,Universal Life,Monthly,0,91.33,50000,7,2,0
POL-01892,CUST-11901,57,Quebec,Whole Life,Monthly,0,133.2,50000,5,0,0
POL-01893,CUST-38501,27,Ontario,Term Life,Annual,0,80.07,50000,14,0,0
POL-01894,CUST-11867,37,Alberta,Universal Life,Annual,0,110.05,50000,7,1,0
POL-01895,CUST-75527,27,British Columbia,Universal Life,Monthly,0,91.69,50000,12,0,0
POL-01896,CUST-32671,52,British Columbia,Whole Life,Monthly,0,148.34,50000,10,0,0
POL-01897,CUST-38324,42,Ontario,Critical Illness,Monthly,0,119.35,50000,15,0,0
POL-01898,CUST-19602,57,British Columbia,Universal Life,Monthly,1,194.19,50000,10,0,0
POL-01899,CUST-21886,57,Alberta,Universal Life,Monthly,0,152.15,50000,15,1,0
POL-01900,CUST-59204,52,Alberta,Universal Life,Monthly,0,127.25,50000,11,0,0
POL-01901,CUST-40823,42,Ontario,Universal Life,Monthly,1,147.59,50000,1,2,0
POL-01902,CUST-13909,42,Alberta,Whole Life,Annual,0,138.73,50000,3,0,0
POL-01903,CUST-85506,57,Saskatchewan,Whole Life,Annual,0,162.33,50000,12,1,0
POL-01904,CUST-31917,32,Alberta,Universal Life,Annual,0,112.49,50000,1,1,1
POL-01905,CUST-13851,67,Ontario,Whole Life,Annual,1,212.07,50000,3,1,0
POL-01906,CUST-15238,42,Manitoba,Whole Life,Monthly,1,161.18,50000,12,0,0
POL-01907,CUST-46561,37,Manitoba,Term Life,Monthly,0,115.62,50000,6,1,0
POL-01908,CUST-57741,32,Alberta,Universal Life,Monthly,0,103.2,50000,4,0,1
POL-01909,CUST-21543,57,Quebec,Whole Life,Monthly,1,202.99,50000,3,0,1
POL-01910,CUST-41735,37,Saskatchewan,Term Life,Monthly,0,106.02,50000,5,0,0
POL-01911,CUST-41268,32,Alberta,Term Life,Monthly,0,105.48,50000,13,0,0
POL-01912,CUST-17472,52,British Columbia,Term Life,Monthly,0,118.1,50000,7,0,1
POL-01913,CUST-68513,47,Saskatchewan,Critical Illness,Annual,0,112.43,50000,15,0,0
POL-01914,CUST-41892,52,Ontario,Critical Illness,Monthly,0,160.38,50000,11,0,0
POL-01915,CUST-73101,37,Alberta,Whole Life,Monthly,0,119.0,50000,5,0,1
POL-01916,CUST-10058,47,British Columbia,Whole Life,Annual,0,127.05,50000,3,1,0
POL-01917,CUST-13043,42,Ontario,Universal Life,Annual,0,121.54,50000,15,1,0
POL-01918,CUST-84290,37,Quebec,Whole Life,Monthly,0,95.3,50000,14,0,0
POL-01919,CUST-39323,57,Ontario,Critical Illness,Monthly,1,177.46,50000,2,0,0
POL-01920,CUST-42735,27,Saskatchewan,Term Life,Annual,1,111.1,50000,5,0,0
POL-01921,CUST-47633,32,Manitoba,Term Life,Monthly,0,99.06,50000,12,0,1
POL-01922,CUST-69930,52,British Columbia,Whole Life,Monthly,1,181.76,50000,15,0,0
POL-01923,CUST-74064,57,Manitoba,Term Life,Annual,1,188.04,50000,14,0,0
POL-01924,CUST-73788,52,Manitoba,Whole Life,Monthly,0,157.67,50000,5,0,0
POL-01925,CUST-88566,37,British Columbia,Universal Life,Monthly,0,115.14,50000,14,1,0
POL-01926,CUST-59941,57,Alberta,Term Life,Monthly,0,117.86,50000,11,1,0
POL-01927,CUST-32617,57,Manitoba,Whole Life,Monthly,0,171.01,50000,7,0,0
POL-01928,CUST-62995,27,Quebec,Universal Life,Monthly,0,83.51,50000,6,0,0
POL-01929,CUST-36240,32,Alberta,Universal Life,Monthly,1,139.55,50000,13,0,0
POL-01930,CUST-48575,42,Manitoba,Whole Life,Monthly,0,121.82,50000,13,0,0
POL-01931,CUST-12510,67,Ontario,Term Life,Monthly,1,203.49,50000,14,1,1
POL-01932,CUST-46669,27,Ontario,Whole Life,Annual,0,94.18,50000,7,1,0
POL-01933,CUST-63954,47,Quebec,Whole Life,Annual,0,130.39,50000,5,0,0
POL-01934,CUST-37535,47,Quebec,Universal Life,Monthly,1,148.74,50000,14,0,1
POL-01935,CUST-19815,27,Quebec,Whole Life,Annual,0,124.64,50000,5,1,0
POL-01936,CUST-16411,47,Alberta,Term Life,Monthly,0,137.42,50000,12,1,0
POL-01937,CUST-20661,67,Manitoba,Universal Life,Monthly,0,166.22,50000,8,1,0
POL-01938,CUST-41451,32,Ontario,Whole Life,Monthly,0,124.7,50000,9,0,0
POL-01939,CUST-99573,67,British Columbia,Term Life,Monthly,0,152.74,50000,4,0,0
POL-01940,CUST-51625,42,Alberta,Whole Life,Monthly,0,131.02,50000,4,0,0
POL-01941,CUST-91815,52,British Columbia,Critical Illness,Monthly,0,131.94,50000,10,1,0
POL-01942,CUST-22035,62,Manitoba,Universal Life,Monthly,0,161.43,50000,4,0,0
POL-01943,CUST-97415,67,Manitoba,Term Life,Monthly,0,170.69,50000,11,1,0
POL-01944,CUST-91723,32,British Columbia,Universal Life,Monthly,0,74.56,50000,15,0,0
POL-01945,CUST-17860,62,Quebec,Term Life,Monthly,0,139.42,50000,2,0,0
POL-01946,CUST-10754,42,Saskatchewan,Whole Life,Monthly,0,139.64,50000,14,0,0
POL-01947,CUST-67897,32,British Columbia,Whole Life,Monthly,0,99.57,50000,3,0,0
POL-01948,CUST-30140,47,Saskatchewan,Term Life,Monthly,1,188.62,50000,3,0,0
POL-01949,CUST-67691,37,Alberta,Term Life,Annual,1,162.32,50000,13,1,1
POL-01950,CUST-71182,67,Saskatchewan,Critical Illness,Annual,0,162.96,50000,4,1,0
POL-01951,CUST-15741,67,Saskatchewan,Term Life,Annual,0,161.9,50000,10,1,0
POL-01952,CUST-84111,47,Alberta,Universal Life,Monthly,0,149.38,50000,2,0,0
POL-01953,CUST-87977,27,Quebec,Universal Life,Monthly,0,118.84,50000,2,1,0
POL-01954,CUST-52636,62,Saskatchewan,Whole Life,Annual,0,153.16,50000,4,1,0
POL-01955,CUST-93750,67,Saskatchewan,Term Life,Monthly,1,219.06,50000,8,0,0
POL-01956,CUST-62974,27,Saskatchewan,Term Life,Monthly,0,105.96,50000,5,0,0
POL-01957,CUST-75750,52,Ontario,Term Life,Monthly,1,188.03,50000,4,1,0
POL-01958,CUST-34569,37,Alberta,Whole Life,Monthly,0,112.81,50000,13,1,1
POL-01959,CUST-66935,27,Saskatchewan,Critical Illness,Monthly,0,85.53,50000,3,0,0
POL-01960,CUST-95889,62,Ontario,Critical Illness,Monthly,0,143.95,50000,2,2,0
POL-01961,CUST-79832,42,Ontario,Term Life,Monthly,0,104.95,50000,2,0,0
POL-01962,CUST-67974,57,Manitoba,Term Life,Monthly,0,170.53,50000,14,0,0
POL-01963,CUST-46553,37,Ontario,Term Life,Monthly,0,111.73,50000,8,0,0
POL-01964,CUST-21831,52,Alberta,Critical Illness,Annual,0,124.86,50000,15,1,0
POL-01965,CUST-40817,42,Quebec,Term Life,Monthly,1,167.63,50000,13,0,0
POL-01966,CUST-76277,52,Alberta,Term Life,Monthly,0,132.85,50000,5,1,1
POL-01967,CUST-57402,32,Quebec,Whole Life,Monthly,1,129.79,50000,12,0,1
POL-01968,CUST-21499,47,Saskatchewan,Whole Life,Monthly,0,154.42,50000,7,1,1
POL-01969,CUST-31164,32,Manitoba,Term Life,Annual,0,86.63,50000,9,0,0
POL-01970,CUST-46301,42,Ontario,Universal Life,Monthly,0,123.42,50000,8,1,0
POL-01971,CUST-14148,42,British Columbia,Term Life,Monthly,0,113.51,50000,12,1,0
POL-01972,CUST-54209,52,Saskatchewan,Term Life,Monthly,0,129.59,50000,4,1,0
POL-01973,CUST-92227,52,Quebec,Term Life,Monthly,0,121.03,50000,1,0,1
POL-01974,CUST-75016,57,Manitoba,Term Life,Monthly,0,148.32,50000,11,2,0
POL-01975,CUST-94241,37,British Columbia,Critical Illness,Annual,1,136.11,50000,15,0,0
POL-01976,CUST-99668,27,British Columbia,Whole Life,Monthly,0,100.7,50000,9,0,0
POL-01977,CUST-14872,27,Manitoba,Universal Life,Annual,0,93.04,50000,2,0,0
POL-01978,CUST-43433,62,Saskatchewan,Term Life,Monthly,0,152.85,50000,2,0,0
POL-01979,CUST-28167,52,Quebec,Universal Life,Monthly,0,128.18,50000,9,0,0
POL-01980,CUST-70815,42,British Columbia,Critical Illness,Annual,0,137.77,50000,14,1,0
POL-01981,CUST-13150,32,Saskatchewan,Term Life,Monthly,0,111.43,50000,10,0,0
POL-01982,CUST-70514,67,Manitoba,Critical Illness,Annual,1,192.42,50000,5,2,0
POL-01983,CUST-44771,37,Saskatchewan,Whole Life,Monthly,1,130.29,50000,10,2,0
POL-01984,CUST-26576,37,British Columbia,Universal Life,Monthly,0,88.94,50000,3,1,0
POL-01985,CUST-28770,52,Ontario,Term Life,Monthly,1,187.25,50000,8,1,0
POL-01986,CUST-67855,62,Saskatchewan,Whole Life,Monthly,0,167.51,50000,15,0,1
POL-01987,CUST-52675,67,British Columbia,Whole Life,Annual,0,178.16,50000,10,1,0
POL-01988,CUST-89146,67,Quebec,Critical Illness,Monthly,0,164.16,50000,2,0,0
POL-01989,CUST-98045,62,Saskatchewan,Critical Illness,Monthly,1,201.27,50000,4,0,0
POL-01990,CUST-60015,62,Alberta,Term Life,Annual,0,168.93,50000,1,1,1
POL-01991,CUST-71988,37,Alberta,Critical Illness,Monthly,0,110.76,50000,7,1,0
POL-01992,CUST-53179,32,Quebec,Critical Illness,Annual,0,98.3,50000,4,1,0
POL-01993,CUST-45280,57,Manitoba,Whole Life,Annual,0,135.88,50000,15,2,1
POL-01994,CUST-68278,37,Alberta,Term Life,Monthly,1,151.71,50000,5,0,0
POL-01995,CUST-11164,42,Manitoba,Term Life,Monthly,0,127.31,50000,1,2,0
POL-01996,CUST-82615,57,Quebec,Term Life,Annual,0,142.72,50000,7,0,0
POL-01997,CUST-71608,47,British Columbia,Term Life,Monthly,1,161.14,50000,12,1,0
POL-01998,CUST-30274,32,Manitoba,Critical Illness,Monthly,0,99.99,50000,11,0,0
POL-01999,CUST-10337,57,Saskatchewan,Term Life,Annual,1,192.09,50000,15,0,0
POL-02000,CUST-24679,27,Ontario,Universal Life,Monthly,1,112.11,50000,6,0,0
POL-02001,CUST-73144,37,Saskatchewan,Whole Life,Annual,0,98.34,50000,8,1,0
POL-02002,CUST-68610,27,Manitoba,Whole Life,Monthly,0,80.57,50000,9,0,0
POL-02003,CUST-69876,27,Saskatchewan,Term Life,Annual,1,126.82,50000,1,0,0
POL-02004,CUST-13112,42,Ontario,Whole Life,Monthly,1,159.38,50000,1,0,0
POL-02005,CUST-11474,62,Alberta,Whole Life,Monthly,0,143.77,50000,12,0,0
POL-02006,CUST-84273,37,Saskatchewan,Whole Life,Annual,0,122.51,50000,6,2,0
POL-02007,CUST-50941,67,Manitoba,Term Life,Monthly,0,183.15,50000,11,0,0
POL-02008,CUST-37186,32,Alberta,Universal Life,Monthly,0,107.57,50000,15,0,0
POL-02009,CUST-17140,37,Alberta,Term Life,Annual,0,125.07,50000,4,1,0
POL-02010,CUST-19988,27,Quebec,Whole Life,Annual,0,82.62,50000,12,0,0
POL-02011,CUST-76606,62,Alberta,Whole Life,Annual,0,145.9,50000,4,1,0
POL-02012,CUST-78819,42,British Columbia,Term Life,Monthly,0,126.78,50000,12,1,0
POL-02013,CUST-35348,42,Alberta,Universal Life,Monthly,1,155.14,50000,3,0,0
POL-02014,CUST-30060,37,Manitoba,Term Life,Monthly,0,100.88,50000,5,2,0
POL-02015,CUST-37061,62,Manitoba,Critical Illness,Monthly,0,173.7,50000,8,0,0
POL-02016,CUST-46127,42,Ontario,Critical Illness,Monthly,0,124.19,50000,8,0,0
POL-02017,CUST-86355,52,British Columbia,Term Life,Monthly,0,147.03,50000,1,0,0
POL-02018,CUST-47247,67,Alberta,Term Life,Monthly,1,192.51,50000,13,0,0
POL-02019,CUST-79476,47,Ontario,Term Life,Monthly,0,149.76,50000,1,0,0
POL-02020,CUST-83820,42,Manitoba,Critical Illness,Monthly,0,118.73,50000,14,0,0
POL-02021,CUST-63725,67,Ontario,Whole Life,Monthly,1,212.83,50000,4,0,0
POL-02022,CUST-33797,67,Alberta,Term Life,Monthly,0,158.61,50000,11,0,0
POL-02023,CUST-98798,62,Alberta,Whole Life,Annual,0,158.62,50000,11,0,0
POL-02024,CUST-66987,52,British Columbia,Term Life,Annual,0,145.29,50000,7,0,0
POL-02025,CUST-72457,52,Manitoba,Whole Life,Monthly,0,162.54,50000,9,2,0
POL-02026,CUST-99876,47,Manitoba,Whole Life,Annual,0,124.32,50000,2,0,0
POL-02027,CUST-64996,47,Quebec,Term Life,Annual,0,132.03,50000,14,1,0
POL-02028,CUST-63941,67,Manitoba,Universal Life,Monthly,0,172.7,50000,2,1,0
POL-02029,CUST-84616,47,Ontario,Term Life,Monthly,0,112.62,50000,10,0,0
POL-02030,CUST-22687,32,Ontario,Whole Life,Monthly,0,76.51,50000,1,0,0
POL-02031,CUST-96670,32,Alberta,Whole Life,Monthly,0,90.65,50000,12,1,1
POL-02032,CUST-35493,42,Ontario,Critical Illness,Monthly,0,132.21,50000,6,0,0
POL-02033,CUST-97266,27,Manitoba,Whole Life,Monthly,0,114.2,50000,8,0,0
POL-02034,CUST-58160,52,Manitoba,Critical Illness,Annual,1,162.52,50000,1,0,1
POL-02035,CUST-89225,62,Alberta,Term Life,Monthly,1,177.0,50000,4,1,0
POL-02036,CUST-39006,37,Quebec,Critical Illness,Monthly,0,130.02,50000,7,0,0
POL-02037,CUST-78299,27,Saskatchewan,Term Life,Annual,0,86.81,50000,11,0,0
POL-02038,CUST-56489,27,Alberta,Universal Life,Annual,0,89.14,50000,9,0,0
POL-02039,CUST-68200,47,Ontario,Term Life,Annual,0,147.11,50000,4,2,0
POL-02040,CUST-58889,62,Quebec,Critical Illness,Annual,0,172.14,50000,9,0,0
POL-02041,CUST-98784,52,British Columbia,Critical Illness,Annual,0,149.81,50000,4,0,0
POL-02042,CUST-76197,47,Quebec,Whole Life,Monthly,0,109.06,50000,9,0,0
POL-02043,CUST-32675,57,Ontario,Whole Life,Annual,0,132.5,50000,9,0,0
POL-02044,CUST-66064,42,Saskatchewan,Whole Life,Monthly,0,134.05,50000,4,0,0
POL-02045,CUST-42946,37,Saskatchewan,Term Life,Monthly,1,150.41,50000,4,0,0
POL-02046,CUST-72814,42,Alberta,Universal Life,Monthly,0,111.27,50000,8,0,0
POL-02047,CUST-53135,57,Manitoba,Universal Life,Monthly,0,143.47,50000,9,0,0
POL-02048,CUST-29647,57,Ontario,Whole Life,Monthly,0,160.93,50000,15,1,1
POL-02049,CUST-30129,62,Alberta,Term Life,Monthly,0,174.93,50000,8,1,0
POL-02050,CUST-48088,57,Manitoba,Critical Illness,Monthly,0,147.53,50000,7,0,0
POL-02051,CUST-53427,37,Saskatchewan,Term Life,Monthly,0,103.36,50000,8,0,0
POL-02052,CUST-84260,27,Alberta,Whole Life,Monthly,0,90.29,50000,14,0,0
POL-02053,CUST-67441,52,Manitoba,Term Life,Annual,0,154.72,50000,5,0,0
POL-02054,CUST-77699,67,Saskatchewan,Term Life,Monthly,0,181.48,50000,6,0,0
POL-02055,CUST-23394,37,British Columbia,Term Life,Monthly,0,113.93,50000,6,0,0
POL-02056,CUST-26383,42,Manitoba,Term Life,Monthly,0,114.25,50000,10,0,0
POL-02057,CUST-13329,67,Saskatchewan,Whole Life,Annual,1,213.59,50000,11,0,0
POL-02058,CUST-15756,62,Manitoba,Whole Life,Monthly,0,176.08,50000,8,0,0
POL-02059,CUST-23147,42,Alberta,Universal Life,Monthly,0,103.16,50000,4,0,0
POL-02060,CUST-68784,42,Alberta,Universal Life,Monthly,0,117.81,50000,11,0,0
POL-02061,CUST-51123,37,Saskatchewan,Term Life,Annual,0,125.47,50000,5,4,0
POL-02062,CUST-49966,47,British Columbia,Term Life,Annual,0,130.48,50000,14,0,0
POL-02063,CUST-76554,32,Ontario,Whole Life,Annual,0,96.74,50000,10,0,0
POL-02064,CUST-46942,32,Alberta,Universal Life,Annual,0,104.82,50000,7,0,0
POL-02065,CUST-10593,42,Manitoba,Whole Life,Monthly,0,125.05,50000,4,2,0
POL-02066,CUST-12251,32,Saskatchewan,Term Life,Monthly,1,124.08,50000,12,1,0
POL-02067,CUST-26151,37,Ontario,Universal Life,Monthly,0,112.69,50000,10,0,0
POL-02068,CUST-44348,32,Saskatchewan,Term Life,Monthly,1,142.01,50000,14,0,0
POL-02069,CUST-89450,57,British Columbia,Whole Life,Annual,1,176.71,50000,11,1,0
POL-02070,CUST-26083,52,Ontario,Term Life,Annual,1,164.25,50000,12,0,1
POL-02071,CUST-76136,57,Saskatchewan,Universal Life,Monthly,0,141.15,50000,2,0,0
POL-02072,CUST-13091,67,Manitoba,Whole Life,Monthly,1,188.95,50000,1,1,1
POL-02073,CUST-19784,27,British Columbia,Universal Life,Monthly,0,103.81,50000,10,0,0
POL-02074,CUST-45900,52,Saskatchewan,Term Life,Monthly,1,161.8,50000,1,1,0
POL-02075,CUST-67297,62,Manitoba,Whole Life,Monthly,0,158.87,50000,14,1,0
POL-02076,CUST-84232,57,Ontario,Term Life,Monthly,0,143.11,50000,14,1,0
POL-02077,CUST-76640,62,Saskatchewan,Universal Life,Monthly,0,148.13,50000,9,1,0
POL-02078,CUST-90222,42,British Columbia,Term Life,Monthly,0,137.06,50000,11,1,0
POL-02079,CUST-49016,47,British Columbia,Term Life,Monthly,0,128.03,50000,7,0,0
POL-02080,CUST-31436,42,Alberta,Universal Life,Annual,0,112.57,50000,15,0,0
POL-02081,CUST-47851,52,Manitoba,Term Life,Monthly,0,129.42,50000,1,0,0
POL-02082,CUST-34747,67,British Columbia,Term Life,Monthly,0,169.67,50000,5,0,0
POL-02083,CUST-41980,42,Quebec,Universal Life,Monthly,0,130.52,50000,11,0,0
POL-02084,CUST-18871,52,British Columbia,Universal Life,Annual,0,153.85,50000,12,0,0
POL-02085,CUST-79082,57,Quebec,Critical Illness,Monthly,0,145.59,50000,4,0,0
POL-02086,CUST-91835,52,British Columbia,Term Life,Annual,0,135.87,50000,13,1,0
POL-02087,CUST-18612,42,Manitoba,Whole Life,Monthly,0,122.17,50000,7,0,0
POL-02088,CUST-15869,32,Manitoba,Universal Life,Monthly,0,104.61,50000,13,0,0
POL-02089,CUST-82287,42,Quebec,Term Life,Monthly,0,111.34,50000,5,0,0
POL-02090,CUST-94353,62,Manitoba,Universal Life,Annual,0,174.15,50000,11,0,0
POL-02091,CUST-11452,62,Manitoba,Term Life,Annual,1,191.87,50000,4,0,0
POL-02092,CUST-67729,52,Saskatchewan,Critical Illness,Annual,0,145.02,50000,3,2,0
POL-02093,CUST-47330,32,Ontario,Whole Life,Annual,0,107.69,50000,11,0,0
POL-02094,CUST-80784,62,British Columbia,Whole Life,Monthly,0,161.45,50000,11,0,0
POL-02095,CUST-56428,47,Saskatchewan,Whole Life,Monthly,1,152.55,50000,5,0,0
POL-02096,CUST-29798,57,Manitoba,Term Life,Monthly,0,147.52,50000,10,0,0
POL-02097,CUST-36133,32,Alberta,Term Life,Monthly,0,129.97,50000,15,0,1
POL-02098,CUST-64675,47,Manitoba,Universal Life,Monthly,0,148.65,50000,6,0,0
POL-02099,CUST-33273,37,Alberta,Whole Life,Annual,0,113.48,50000,8,0,1
POL-02100,CUST-19791,62,British Columbia,Whole Life,Annual,0,152.2,50000,4,1,0
POL-02101,CUST-57914,27,Quebec,Term Life,Annual,1,101.99,50000,8,0,0
POL-02102,CUST-69279,62,Alberta,Universal Life,Monthly,1,185.63,50000,14,1,0
POL-02103,CUST-81877,57,Quebec,Term Life,Annual,0,146.66,50000,10,0,0
POL-02104,CUST-64031,37,Saskatchewan,Term Life,Annual,0,107.79,50000,3,0,0
POL-02105,CUST-46212,27,Ontario,Critical Illness,Annual,0,90.63,50000,12,1,0
POL-02106,CUST-84149,67,Quebec,Whole Life,Monthly,1,208.07,50000,7,0,0
POL-02107,CUST-51159,42,Quebec,Whole Life,Monthly,1,143.6,50000,1,0,0
POL-02108,CUST-68041,37,Saskatchewan,Critical Illness,Annual,0,114.87,50000,10,0,0
POL-02109,CUST-91171,37,Manitoba,Term Life,Annual,0,110.28,50000,5,0,0
POL-02110,CUST-97436,67,Alberta,Critical Illness,Monthly,0,155.01,50000,15,0,0
POL-02111,CUST-49947,62,Ontario,Universal Life,Monthly,0,176.69,50000,15,0,0
POL-02112,CUST-54129,62,Ontario,Whole Life,Monthly,0,165.57,50000,11,0,0
POL-02113,CUST-88272,47,British Columbia,Term Life,Monthly,0,120.16,50000,10,1,1
POL-02114,CUST-59671,42,Ontario,Term Life,Annual,0,126.81,50000,5,0,0
POL-02115,CUST-77869,67,Alberta,Whole Life,Monthly,0,148.93,50000,2,0,0
POL-02116,CUST-16826,27,Saskatchewan,Term Life,Monthly,1,120.64,50000,1,0,1
POL-02117,CUST-84146,52,British Columbia,Term Life,Monthly,0,154.53,50000,7,0,0
POL-02118,CUST-19742,52,Alberta,Whole Life,Monthly,0,142.82,50000,5,0,0
POL-02119,CUST-44999,57,Alberta,Universal Life,Monthly,0,150.85,50000,15,1,0
POL-02120,CUST-25614,42,British Columbia,Term Life,Monthly,0,132.44,50000,5,0,0
POL-02121,CUST-93566,32,British Columbia,Universal Life,Monthly,0,109.94,50000,4,1,0
POL-02122,CUST-20655,67,Alberta,Critical Illness,Annual,1,197.41,50000,13,0,0
POL-02123,CUST-59115,67,British Columbia,Universal Life,Annual,0,176.84,50000,13,1,0
POL-02124,CUST-22357,27,British Columbia,Universal Life,Annual,0,73.33,50000,6,0,0
POL-02125,CUST-11683,42,Manitoba,Universal Life,Monthly,0,112.59,50000,2,0,0
POL-02126,CUST-33442,47,Manitoba,Term Life,Annual,0,128.44,50000,2,0,0
POL-02127,CUST-17006,47,Manitoba,Term Life,Monthly,1,171.17,50000,8,0,1
POL-02128,CUST-35060,52,British Columbia,Critical Illness,Monthly,0,134.7,50000,14,1,0
POL-02129,CUST-24459,32,Alberta,Universal Life,Monthly,0,81.19,50000,6,0,0
POL-02130,CUST-72600,57,Alberta,Universal Life,Monthly,0,124.51,50000,1,1,0
POL-02131,CUST-25418,67,British Columbia,Critical Illness,Monthly,1,199.78,50000,6,0,1
POL-02132,CUST-53778,37,Quebec,Term Life,Annual,0,105.87,50000,1,0,0
POL-02133,CUST-10041,52,Saskatchewan,Term Life,Annual,0,127.68,50000,7,0,0
POL-02134,CUST-93433,27,Saskatchewan,Whole Life,Monthly,0,80.67,50000,8,0,0
POL-02135,CUST-49778,52,Ontario,Term Life,Monthly,0,140.21,50000,11,1,0
POL-02136,CUST-40863,47,Ontario,Whole Life,Annual,0,145.23,50000,2,1,0
POL-02137,CUST-39207,52,British Columbia,Universal Life,Monthly,1,175.21,50000,8,0,0
POL-02138,CUST-15707,42,Quebec,Whole Life,Monthly,0,136.39,50000,3,0,0
POL-02139,CUST-33308,62,Quebec,Term Life,Annual,0,152.11,50000,7,0,0
POL-02140,CUST-85976,47,Saskatchewan,Universal Life,Monthly,0,134.92,50000,15,0,0
POL-02141,CUST-44761,52,Saskatchewan,Term Life,Annual,0,154.82,50000,12,0,1
POL-02142,CUST-85839,52,Manitoba,Critical Illness,Monthly,0,136.71,50000,13,0,0
POL-02143,CUST-26092,27,Quebec,Term Life,Annual,0,93.91,50000,1,0,0
POL-02144,CUST-42695,67,Quebec,Critical Illness,Monthly,0,161.11,50000,12,0,0
POL-02145,CUST-66864,62,British Columbia,Whole Life,Annual,0,163.71,50000,13,0,0
POL-02146,CUST-16336,27,Saskatchewan,Whole Life,Monthly,1,139.43,50000,11,1,1
POL-02147,CUST-41796,62,Alberta,Whole Life,Annual,0,160.82,50000,12,0,0
POL-02148,CUST-89277,52,Saskatchewan,Term Life,Annual,0,135.85,50000,1,0,0
POL-02149,CUST-54509,32,Quebec,Whole Life,Monthly,0,84.6,50000,12,0,0
POL-02150,CUST-94017,57,Alberta,Universal Life,Monthly,0,147.02,50000,13,0,1
POL-02151,CUST-22807,27,Ontario,Universal Life,Monthly,0,91.3,50000,4,1,0
POL-02152,CUST-99744,32,Alberta,Term Life,Monthly,0,105.43,50000,8,0,0
POL-02153,CUST-89055,57,Quebec,Universal Life,Monthly,1,184.0,50000,7,0,0
POL-02154,CUST-45194,37,Quebec,Critical Illness,Monthly,0,130.47,50000,2,0,0
POL-02155,CUST-60613,32,Ontario,Universal Life,Monthly,0,94.24,50000,2,1,1
POL-02156,CUST-21441,27,Saskatchewan,Whole Life,Annual,0,74.7,50000,5,0,0
POL-02157,CUST-24146,67,Alberta,Term Life,Monthly,0,151.89,50000,2,0,0
POL-02158,CUST-44000,52,British Columbia,Critical Illness,Monthly,0,131.0,50000,8,0,0
POL-02159,CUST-39473,67,Manitoba,Term Life,Monthly,0,178.58,50000,1,0,1
POL-02160,CUST-62700,62,Alberta,Term Life,Monthly,0,141.03,50000,1,0,0
POL-02161,CUST-91390,32,Manitoba,Universal Life,Monthly,1,123.63,50000,10,1,0
POL-02162,CUST-13894,62,British Columbia,Term Life,Annual,0,161.57,50000,4,0,1
POL-02163,CUST-85389,42,Manitoba,Universal Life,Monthly,0,130.79,50000,6,1,1
POL-02164,CUST-34679,67,Manitoba,Term Life,Monthly,0,147.01,50000,6,0,0
POL-02165,CUST-68630,67,Saskatchewan,Universal Life,Monthly,0,144.34,50000,8,0,0
POL-02166,CUST-94774,47,British Columbia,Critical Illness,Monthly,1,155.16,50000,7,0,1
POL-02167,CUST-76025,67,Saskatchewan,Critical Illness,Annual,0,173.49,50000,2,0,0
POL-02168,CUST-13976,27,Manitoba,Critical Illness,Monthly,0,95.32,50000,1,1,0
POL-02169,CUST-63365,42,British Columbia,Critical Illness,Monthly,0,111.6,50000,7,0,1
POL-02170,CUST-23585,27,Ontario,Term Life,Monthly,0,102.47,50000,9,0,0
POL-02171,CUST-32830,47,Manitoba,Critical Illness,Monthly,0,131.09,50000,12,0,0
POL-02172,CUST-62291,67,British Columbia,Critical Illness,Monthly,1,199.31,50000,3,0,0
POL-02173,CUST-62431,47,Ontario,Whole Life,Monthly,0,110.23,50000,2,0,0
POL-02174,CUST-96195,32,Alberta,Whole Life,Annual,0,93.35,50000,9,0,0
POL-02175,CUST-35556,37,Manitoba,Term Life,Monthly,0,135.08,50000,14,0,0
POL-02176,CUST-94627,27,Ontario,Whole Life,Monthly,0,89.56,50000,4,0,0
POL-02177,CUST-49214,52,Manitoba,Universal Life,Annual,0,127.12,50000,2,0,0
POL-02178,CUST-33176,42,Quebec,Whole Life,Monthly,0,116.01,50000,7,1,0
POL-02179,CUST-66077,37,British Columbia,Whole Life,Monthly,0,113.03,50000,9,1,0
POL-02180,CUST-65237,62,Saskatchewan,Whole Life,Annual,0,167.2,50000,10,0,0
POL-02181,CUST-90845,32,Quebec,Term Life,Annual,1,145.05,50000,2,0,0
POL-02182,CUST-96849,52,Saskatchewan,Critical Illness,Annual,0,130.48,50000,10,0,0
POL-02183,CUST-69800,47,Saskatchewan,Term Life,Annual,0,144.86,50000,6,1,0
POL-02184,CUST-66670,57,Alberta,Term Life,Monthly,0,157.38,50000,1,0,0
POL-02185,CUST-35837,67,Ontario,Term Life,Annual,0,160.26,50000,14,0,0
POL-02186,CUST-29940,32,British Columbia,Critical Illness,Monthly,0,101.06,50000,9,1,0
POL-02187,CUST-63458,32,Quebec,Critical Illness,Monthly,0,109.81,50000,5,1,0
POL-02188,CUST-72427,27,Ontario,Term Life,Annual,0,106.5,50000,13,0,0
POL-02189,CUST-43103,47,British Columbia,Term Life,Annual,0,111.38,50000,12,1,0
POL-02190,CUST-56010,47,Saskatchewan,Whole Life,Annual,0,130.45,50000,4,0,0
POL-02191,CUST-61721,37,Alberta,Term Life,Monthly,1,146.23,50000,15,1,0
POL-02192,CUST-54439,52,Ontario,Universal Life,Annual,0,131.75,50000,8,2,0
POL-02193,CUST-14127,62,Quebec,Term Life,Monthly,0,149.69,50000,4,0,0
POL-02194,CUST-53953,52,Alberta,Whole Life,Annual,0,151.25,50000,7,0,0
POL-02195,CUST-29238,62,Ontario,Term Life,Monthly,0,163.02,50000,3,0,0
POL-02196,CUST-20127,37,Quebec,Whole Life,Monthly,0,136.88,50000,13,0,0
POL-02197,CUST-52168,37,Alberta,Whole Life,Annual,0,104.76,50000,5,0,0
POL-02198,CUST-81048,42,Ontario,Term Life,Monthly,0,122.25,50000,7,1,0
POL-02199,CUST-81726,27,British Columbia,Term Life,Monthly,0,97.32,50000,2,0,0
POL-02200,CUST-41225,57,Ontario,Term Life,Annual,0,158.35,50000,15,2,0
POL-02201,CUST-61127,42,Alberta,Term Life,Monthly,0,136.9,50000,5,0,0
POL-02202,CUST-26627,67,Saskatchewan,Critical Illness,Monthly,0,166.72,50000,10,0,0
POL-02203,CUST-35253,27,Saskatchewan,Term Life,Monthly,0,80.46,50000,6,0,0
POL-02204,CUST-49676,42,British Columbia,Term Life,Monthly,0,112.07,50000,9,0,1
POL-02205,CUST-45084,67,British Columbia,Term Life,Monthly,0,167.31,50000,9,0,0
POL-02206,CUST-67873,52,Ontario,Universal Life,Monthly,0,152.07,50000,5,0,0
POL-02207,CUST-77083,47,Quebec,Critical Illness,Monthly,0,112.24,50000,7,0,0
POL-02208,CUST-59809,57,Manitoba,Universal Life,Monthly,0,133.56,50000,9,2,0
POL-02209,CUST-12595,47,Alberta,Whole Life,Monthly,1,173.69,50000,4,0,0
POL-02210,CUST-83718,37,Alberta,Universal Life,Monthly,0,96.08,50000,2,0,0
POL-02211,CUST-50958,37,Saskatchewan,Whole Life,Monthly,0,98.1,50000,3,0,0
POL-02212,CUST-85897,52,Manitoba,Critical Illness,Annual,0,152.24,50000,7,1,0
POL-02213,CUST-34640,32,Saskatchewan,Universal Life,Monthly,0,99.94,50000,4,0,0
POL-02214,CUST-65852,37,Manitoba,Term Life,Monthly,0,108.03,50000,5,0,0
POL-02215,CUST-32028,57,Saskatchewan,Whole Life,Monthly,0,164.02,50000,11,0,0
POL-02216,CUST-59653,27,Alberta,Term Life,Monthly,1,115.84,50000,11,0,0
POL-02217,CUST-85307,47,Alberta,Term Life,Annual,1,149.43,50000,15,0,0
POL-02218,CUST-61005,42,Saskatchewan,Universal Life,Monthly,1,175.15,50000,12,0,1
POL-02219,CUST-99835,32,Saskatchewan,Term Life,Monthly,0,105.4,50000,7,0,0
POL-02220,CUST-45379,57,British Columbia,Universal Life,Annual,0,155.76,50000,14,1,0
POL-02221,CUST-21413,42,Manitoba,Critical Illness,Monthly,0,116.87,50000,14,0,0
POL-02222,CUST-52233,52,Manitoba,Whole Life,Annual,0,137.32,50000,4,0,0
POL-02223,CUST-84962,32,Manitoba,Term Life,Monthly,0,94.15,50000,3,1,0
POL-02224,CUST-57403,37,British Columbia,Whole Life,Monthly,0,115.42,50000,14,0,0
POL-02225,CUST-65021,32,Saskatchewan,Universal Life,Annual,0,112.58,50000,14,0,0
POL-02226,CUST-82077,52,British Columbia,Term Life,Monthly,0,140.95,50000,13,0,0
POL-02227,CUST-33641,62,Quebec,Term Life,Monthly,0,169.33,50000,7,1,0
POL-02228,CUST-77127,27,Alberta,Whole Life,Annual,0,101.55,50000,13,0,0
POL-02229,CUST-95844,27,Alberta,Critical Illness,Monthly,0,81.02,50000,12,1,0
POL-02230,CUST-27602,42,Ontario,Term Life,Annual,0,118.86,50000,12,0,0
POL-02231,CUST-26660,42,Manitoba,Term Life,Monthly,0,115.22,50000,10,0,0
POL-02232,CUST-98003,67,Ontario,Critical Illness,Monthly,0,174.64,50000,5,0,0
POL-02233,CUST-97461,37,Alberta,Term Life,Annual,1,152.14,50000,12,1,0
POL-02234,CUST-96880,67,Saskatchewan,Term Life,Monthly,0,167.13,50000,14,0,0
POL-02235,CUST-87162,67,Quebec,Whole Life,Monthly,0,177.76,50000,14,1,0
POL-02236,CUST-35129,32,Saskatchewan,Term Life,Annual,0,80.21,50000,9,0,0
POL-02237,CUST-60475,32,Alberta,Term Life,Monthly,1,130.36,50000,1,0,0
POL-02238,CUST-99895,67,British Columbia,Whole Life,Monthly,0,159.38,50000,12,0,0
POL-02239,CUST-73231,27,Manitoba,Universal Life,Annual,0,96.62,50000,4,0,0
POL-02240,CUST-57259,42,Ontario,Whole Life,Monthly,0,127.23,50000,4,0,0
POL-02241,CUST-64724,67,British Columbia,Term Life,Monthly,0,165.58,50000,2,0,0
POL-02242,CUST-30405,47,Alberta,Whole Life,Annual,0,113.82,50000,3,0,0
POL-02243,CUST-41600,47,Manitoba,Whole Life,Monthly,0,134.48,50000,8,0,0
POL-02244,CUST-74844,37,British Columbia,Universal Life,Annual,0,113.14,50000,5,0,0
POL-02245,CUST-96748,37,Manitoba,Universal Life,Annual,0,93.98,50000,6,0,0
POL-02246,CUST-14315,67,British Columbia,Universal Life,Monthly,0,162.06,50000,8,0,0
POL-02247,CUST-47310,47,British Columbia,Critical Illness,Monthly,0,134.09,50000,8,0,0
POL-02248,CUST-71886,32,Ontario,Universal Life,Annual,0,122.44,50000,7,0,0
POL-02249,CUST-51831,52,Manitoba,Term Life,Annual,0,125.53,50000,7,2,1
POL-02250,CUST-85149,42,Manitoba,Critical Illness,Monthly,0,130.08,50000,14,1,0
POL-02251,CUST-68111,57,Ontario,Critical Illness,Monthly,0,134.68,50000,5,2,0
POL-02252,CUST-41548,37,Quebec,Term Life,Monthly,0,96.35,50000,1,0,0
POL-02253,CUST-78840,67,Manitoba,Term Life,Annual,1,186.06,50000,13,0,0
POL-02254,CUST-40115,32,Ontario,Whole Life,Annual,0,109.86,50000,2,0,0
POL-02255,CUST-47155,52,Saskatchewan,Whole Life,Annual,0,140.16,50000,12,0,0
POL-02256,CUST-34517,27,Ontario,Universal Life,Monthly,0,89.82,50000,5,0,0
POL-02257,CUST-99877,42,Saskatchewan,Whole Life,Annual,0,126.09,50000,13,0,0
POL-02258,CUST-46674,57,Quebec,Term Life,Monthly,0,148.09,50000,3,2,0
POL-02259,CUST-95839,57,Alberta,Term Life,Monthly,0,148.93,50000,3,0,0
POL-02260,CUST-61608,27,Manitoba,Critical Illness,Monthly,0,89.96,50000,7,1,0
POL-02261,CUST-21283,62,Quebec,Term Life,Monthly,0,144.27,50000,7,1,0
POL-02262,CUST-78584,37,Saskatchewan,Universal Life,Monthly,0,131.9,50000,11,0,0
POL-02263,CUST-27575,32,Manitoba,Term Life,Monthly,1,154.41,50000,10,0,0
POL-02264,CUST-89794,32,Alberta,Whole Life,Monthly,0,121.68,50000,15,0,0
POL-02265,CUST-96829,27,Ontario,Whole Life,Annual,1,122.13,50000,11,0,0
POL-02266,CUST-59369,52,Alberta,Term Life,Monthly,0,130.42,50000,4,1,0
POL-02267,CUST-45877,57,Quebec,Universal Life,Monthly,0,142.63,50000,2,0,0
POL-02268,CUST-52748,32,Ontario,Universal Life,Monthly,0,115.49,50000,4,0,0
POL-02269,CUST-79790,67,Quebec,Term Life,Monthly,0,165.6,50000,15,0,1
POL-02270,CUST-43721,52,Saskatchewan,Term Life,Monthly,0,132.08,50000,12,0,1
POL-02271,CUST-14543,42,Ontario,Universal Life,Monthly,0,124.97,50000,12,0,0
POL-02272,CUST-63580,62,Ontario,Universal Life,Monthly,0,147.76,50000,5,0,0
POL-02273,CUST-76557,32,Quebec,Whole Life,Monthly,0,86.34,50000,8,2,0
POL-02274,CUST-23037,47,Saskatchewan,Universal Life,Annual,0,131.15,50000,11,1,0
POL-02275,CUST-42357,47,Saskatchewan,Term Life,Monthly,0,123.41,50000,15,0,0
POL-02276,CUST-52025,42,Alberta,Term Life,Annual,0,120.44,50000,9,0,1
POL-02277,CUST-65178,57,Ontario,Universal Life,Monthly,0,115.38,50000,1,0,0
POL-02278,CUST-55790,37,British Columbia,Universal Life,Annual,0,100.9,50000,13,0,0
POL-02279,CUST-77942,32,Saskatchewan,Universal Life,Monthly,0,102.06,50000,15,0,0
POL-02280,CUST-66635,42,Ontario,Term Life,Monthly,1,137.4,50000,1,0,0
POL-02281,CUST-74220,32,Manitoba,Whole Life,Monthly,0,84.81,50000,6,0,0
POL-02282,CUST-16166,52,British Columbia,Universal Life,Monthly,0,139.07,50000,15,0,0
POL-02283,CUST-92753,67,Manitoba,Term Life,Annual,0,174.02,50000,15,0,0
POL-02284,CUST-48670,52,Quebec,Whole Life,Monthly,0,127.9,50000,15,0,0
POL-02285,CUST-48121,47,British Columbia,Whole Life,Monthly,0,126.45,50000,15,0,0
POL-02286,CUST-78558,32,Alberta,Term Life,Annual,0,99.73,50000,1,0,1
POL-02287,CUST-47388,52,Saskatchewan,Term Life,Annual,1,154.85,50000,3,0,1
POL-02288,CUST-80562,57,Quebec,Term Life,Monthly,0,161.81,50000,8,0,0
POL-02289,CUST-84233,62,British Columbia,Critical Illness,Monthly,0,154.4,50000,10,1,0
POL-02290,CUST-58888,62,British Columbia,Term Life,Annual,0,154.53,50000,7,0,0
POL-02291,CUST-60906,32,Saskatchewan,Term Life,Annual,0,107.08,50000,5,1,0
POL-02292,CUST-88469,32,Quebec,Term Life,Annual,1,118.88,50000,4,0,0
POL-02293,CUST-77241,57,Ontario,Term Life,Annual,0,158.64,50000,10,0,0
POL-02294,CUST-77928,62,British Columbia,Term Life,Monthly,1,204.21,50000,15,0,0
POL-02295,CUST-72937,62,British Columbia,Whole Life,Monthly,0,158.29,50000,13,1,0
POL-02296,CUST-81755,27,Alberta,Term Life,Monthly,0,99.15,50000,3,0,0
POL-02297,CUST-79274,52,Quebec,Term Life,Monthly,0,134.69,50000,3,0,0
POL-02298,CUST-81366,57,Alberta,Term Life,Annual,0,157.96,50000,4,1,0
POL-02299,CUST-46508,47,Alberta,Whole Life,Monthly,0,119.72,50000,11,0,0
POL-02300,CUST-75572,32,Quebec,Term Life,Monthly,0,102.21,50000,1,1,1
POL-02301,CUST-56410,62,Saskatchewan,Whole Life,Monthly,0,156.93,50000,11,2,0
POL-02302,CUST-87060,47,Quebec,Universal Life,Monthly,0,129.14,50000,9,0,0
POL-02303,CUST-54413,57,Manitoba,Universal Life,Monthly,0,160.43,50000,10,0,0
POL-02304,CUST-18718,37,Manitoba,Term Life,Monthly,0,137.86,50000,13,1,0
POL-02305,CUST-83336,57,Manitoba,Critical Illness,Annual,0,146.28,50000,9,0,0
POL-02306,CUST-55337,47,British Columbia,Universal Life,Monthly,0,135.24,50000,10,0,0
POL-02307,CUST-13737,37,Ontario,Term Life,Monthly,0,101.97,50000,8,0,0
POL-02308,CUST-84288,62,Manitoba,Whole Life,Monthly,0,168.98,50000,10,0,0
POL-02309,CUST-14535,27,Ontario,Universal Life,Monthly,0,87.39,50000,6,1,0
POL-02310,CUST-19837,42,Saskatchewan,Term Life,Annual,0,158.34,50000,1,0,0
POL-02311,CUST-73934,52,Saskatchewan,Term Life,Monthly,1,153.55,50000,1,0,0
POL-02312,CUST-23967,42,Alberta,Whole Life,Annual,0,146.37,50000,11,0,0
POL-02313,CUST-34242,57,Manitoba,Term Life,Monthly,0,159.49,50000,10,0,0
POL-02314,CUST-46144,47,British Columbia,Critical Illness,Monthly,0,116.13,50000,7,0,0
POL-02315,CUST-97698,47,Manitoba,Term Life,Monthly,0,157.43,50000,12,1,0
POL-02316,CUST-60764,42,British Columbia,Term Life,Annual,0,109.46,50000,8,0,0
POL-02317,CUST-97393,62,British Columbia,Term Life,Annual,0,152.83,50000,4,1,0
POL-02318,CUST-75150,32,Quebec,Term Life,Monthly,0,87.04,50000,9,1,0
POL-02319,CUST-35946,27,Manitoba,Critical Illness,Monthly,1,126.84,50000,6,0,0
POL-02320,CUST-60473,52,Saskatchewan,Universal Life,Monthly,1,172.97,50000,15,0,0
POL-02321,CUST-40172,37,Alberta,Critical Illness,Monthly,0,121.56,50000,11,0,0
POL-02322,CUST-29496,27,Alberta,Whole Life,Monthly,0,122.86,50000,12,2,0
POL-02323,CUST-58033,47,Manitoba,Whole Life,Annual,1,158.44,50000,11,0,0
POL-02324,CUST-86309,37,Alberta,Term Life,Monthly,0,78.57,50000,11,0,1
POL-02325,CUST-81048,52,British Columbia,Term Life,Annual,0,146.38,50000,12,0,0
POL-02326,CUST-33848,52,Saskatchewan,Critical Illness,Annual,1,167.0,50000,7,0,0
POL-02327,CUST-33281,52,British Columbia,Whole Life,Monthly,0,160.42,50000,13,0,1
POL-02328,CUST-87221,57,British Columbia,Whole Life,Monthly,0,147.18,50000,1,0,0
POL-02329,CUST-66889,27,Ontario,Whole Life,Annual,1,119.49,50000,10,0,0
POL-02330,CUST-54555,57,Manitoba,Universal Life,Monthly,0,135.44,50000,9,0,0
POL-02331,CUST-84064,32,Ontario,Term Life,Monthly,1,145.07,50000,1,0,0
POL-02332,CUST-13642,47,Manitoba,Universal Life,Annual,0,126.3,50000,10,0,1
POL-02333,CUST-77791,67,Quebec,Universal Life,Monthly,0,183.21,50000,1,0,0
POL-02334,CUST-53159,67,Alberta,Universal Life,Annual,0,163.07,50000,11,0,0
POL-02335,CUST-53705,32,Manitoba,Term Life,Monthly,0,119.58,50000,8,0,0
POL-02336,CUST-68864,57,Quebec,Term Life,Monthly,1,166.04,50000,10,0,0
POL-02337,CUST-30254,62,Saskatchewan,Whole Life,Monthly,0,135.74,50000,10,1,0
POL-02338,CUST-89195,52,Manitoba,Critical Illness,Monthly,0,148.55,50000,5,0,0
POL-02339,CUST-17583,27,Ontario,Critical Illness,Monthly,0,88.03,50000,10,0,0
POL-02340,CUST-62391,57,Alberta,Whole Life,Monthly,0,144.44,50000,4,1,0
POL-02341,CUST-52829,32,British Columbia,Term Life,Monthly,1,125.45,50000,12,0,0
POL-02342,CUST-99228,27,Alberta,Term Life,Monthly,1,115.57,50000,2,0,0
POL-02343,CUST-68531,37,Quebec,Whole Life,Monthly,0,119.23,50000,3,0,0
POL-02344,CUST-44266,47,British Columbia,Term Life,Monthly,1,164.37,50000,11,1,0
POL-02345,CUST-47903,32,Quebec,Whole Life,Monthly,0,89.88,50000,1,1,0
POL-02346,CUST-32113,27,Alberta,Universal Life,Monthly,1,138.09,50000,15,0,0
POL-02347,CUST-14593,27,Saskatchewan,Term Life,Monthly,0,107.7,50000,1,0,0
POL-02348,CUST-49902,62,Saskatchewan,Term Life,Monthly,0,155.29,50000,8,1,0
POL-02349,CUST-11923,52,Alberta,Term Life,Monthly,0,150.64,50000,15,0,0
POL-02350,CUST-69257,67,Alberta,Term Life,Monthly,0,153.58,50000,11,2,1
POL-02351,CUST-91165,32,Alberta,Universal Life,Annual,1,144.53,50000,10,0,0
POL-02352,CUST-18548,42,Saskatchewan,Term Life,Monthly,0,122.54,50000,11,0,0
POL-02353,CUST-97443,57,British Columbia,Term Life,Monthly,1,173.1,50000,11,0,0
POL-02354,CUST-18100,52,Ontario,Term Life,Annual,0,163.24,50000,3,0,0
POL-02355,CUST-52777,62,Manitoba,Term Life,Monthly,0,159.39,50000,5,0,0
POL-02356,CUST-66186,67,Quebec,Universal Life,Monthly,0,158.51,50000,3,0,0
POL-02357,CUST-67667,37,Manitoba,Whole Life,Monthly,0,111.84,50000,4,3,1
POL-02358,CUST-44544,27,Ontario,Whole Life,Monthly,1,118.16,50000,4,0,0
POL-02359,CUST-14009,67,Saskatchewan,Whole Life,Monthly,0,151.72,50000,10,0,0
POL-02360,CUST-80489,37,Alberta,Term Life,Monthly,0,106.21,50000,14,0,0
POL-02361,CUST-51651,42,Quebec,Whole Life,Monthly,0,116.02,50000,9,0,0
POL-02362,CUST-33732,27,Alberta,Term Life,Monthly,1,118.95,50000,1,0,1
POL-02363,CUST-50572,47,Manitoba,Critical Illness,Monthly,1,179.61,50000,11,0,0
POL-02364,CUST-49009,32,Saskatchewan,Term Life,Monthly,1,128.41,50000,9,1,0
POL-02365,CUST-63678,37,Ontario,Whole Life,Monthly,0,100.41,50000,12,0,0
POL-02366,CUST-56351,57,Quebec,Term Life,Monthly,1,168.37,50000,6,1,0
POL-02367,CUST-63950,47,British Columbia,Universal Life,Monthly,0,114.22,50000,7,0,0
POL-02368,CUST-94810,27,Manitoba,Term Life,Monthly,1,140.93,50000,10,0,0
POL-02369,CUST-93001,57,Manitoba,Critical Illness,Monthly,0,150.7,50000,11,0,0
POL-02370,CUST-10660,47,Ontario,Term Life,Monthly,0,137.88,50000,4,0,0
POL-02371,CUST-67969,42,Manitoba,Universal Life,Annual,0,132.82,50000,9,0,0
POL-02372,CUST-29529,62,British Columbia,Universal Life,Annual,0,152.6,50000,15,1,1
POL-02373,CUST-16134,57,British Columbia,Term Life,Monthly,0,165.27,50000,1,0,0
POL-02374,CUST-18282,27,British Columbia,Term Life,Monthly,0,86.08,50000,5,0,0
POL-02375,CUST-67440,37,Manitoba,Term Life,Monthly,0,98.45,50000,9,0,1
POL-02376,CUST-99217,67,Alberta,Universal Life,Annual,1,205.08,50000,14,1,0
POL-02377,CUST-80268,57,Saskatchewan,Critical Illness,Monthly,0,149.33,50000,15,1,0
POL-02378,CUST-21898,57,Ontario,Term Life,Monthly,0,149.32,50000,9,0,0
POL-02379,CUST-28924,32,Alberta,Term Life,Annual,0,114.78,50000,9,3,0
POL-02380,CUST-84086,27,Quebec,Term Life,Monthly,0,94.87,50000,7,0,0
POL-02381,CUST-64617,67,Saskatchewan,Term Life,Annual,0,169.36,50000,7,0,0
POL-02382,CUST-56805,47,British Columbia,Whole Life,Monthly,0,145.92,50000,12,0,1
POL-02383,CUST-26498,57,Alberta,Term Life,Monthly,0,150.8,50000,9,0,0
POL-02384,CUST-80418,37,Alberta,Term Life,Annual,0,117.53,50000,9,0,0
POL-02385,CUST-85045,52,Alberta,Critical Illness,Monthly,0,121.59,50000,13,0,0
POL-02386,CUST-37153,52,Quebec,Universal Life,Monthly,0,183.23,50000,3,1,1
POL-02387,CUST-99844,37,Saskatchewan,Universal Life,Annual,0,92.51,50000,15,1,1
POL-02388,CUST-52791,27,Alberta,Term Life,Annual,0,87.13,50000,11,0,0
POL-02389,CUST-13501,32,Quebec,Critical Illness,Monthly,0,95.77,50000,9,1,0
POL-02390,CUST-98008,37,Alberta,Whole Life,Annual,0,136.9,50000,9,0,0
POL-02391,CUST-27490,52,Ontario,Whole Life,Monthly,0,131.39,50000,9,3,0
POL-02392,CUST-18567,27,Quebec,Term Life,Monthly,1,133.9,50000,9,0,0
POL-02393,CUST-50784,32,Manitoba,Critical Illness,Annual,0,95.85,50000,6,0,0
POL-02394,CUST-65858,27,Alberta,Whole Life,Monthly,0,81.12,50000,12,0,0
POL-02395,CUST-66604,27,Ontario,Universal Life,Annual,1,135.44,50000,4,1,0
POL-02396,CUST-96248,47,Saskatchewan,Universal Life,Monthly,0,120.97,50000,10,1,0
POL-02397,CUST-51620,52,British Columbia,Universal Life,Monthly,0,141.09,50000,8,0,0
POL-02398,CUST-21400,27,British Columbia,Universal Life,Monthly,0,101.12,50000,6,0,0
POL-02399,CUST-50851,32,Alberta,Critical Illness,Monthly,0,125.48,50000,13,0,0
POL-02400,CUST-85602,37,Ontario,Term Life,Annual,0,96.45,50000,5,0,0
POL-02401,CUST-11049,57,Ontario,Term Life,Monthly,0,145.77,50000,10,1,0
POL-02402,CUST-34850,52,Quebec,Universal Life,Monthly,1,172.26,50000,4,0,0
POL-02403,CUST-70875,52,Quebec,Whole Life,Monthly,0,138.61,50000,4,0,0
POL-02404,CUST-28059,57,Saskatchewan,Whole Life,Monthly,0,178.43,50000,9,1,0
POL-02405,CUST-53816,67,Quebec,Universal Life,Monthly,1,198.52,50000,15,0,0
POL-02406,CUST-24984,37,British Columbia,Whole Life,Monthly,0,81.35,50000,5,0,1
POL-02407,CUST-21383,32,Ontario,Universal Life,Monthly,0,100.22,50000,2,3,0
POL-02408,CUST-76205,32,British Columbia,Term Life,Monthly,1,136.18,50000,2,0,1
POL-02409,CUST-80087,52,British Columbia,Critical Illness,Monthly,0,135.71,50000,8,0,0
POL-02410,CUST-13222,62,Saskatchewan,Term Life,Monthly,0,147.98,50000,12,0,0
POL-02411,CUST-58242,52,Quebec,Whole Life,Monthly,0,122.74,50000,11,0,0
POL-02412,CUST-47845,42,Saskatchewan,Critical Illness,Monthly,0,146.51,50000,4,0,0
POL-02413,CUST-43110,42,Manitoba,Term Life,Monthly,0,124.42,50000,13,0,0
POL-02414,CUST-72723,27,Ontario,Term Life,Monthly,0,91.29,50000,3,0,0
POL-02415,CUST-67384,42,Manitoba,Term Life,Monthly,0,146.13,50000,9,0,0
POL-02416,CUST-22566,52,Alberta,Whole Life,Annual,0,128.18,50000,13,1,0
POL-02417,CUST-97495,27,British Columbia,Whole Life,Monthly,1,135.83,50000,13,0,0
POL-02418,CUST-30166,47,Ontario,Term Life,Annual,0,114.61,50000,11,0,0
POL-02419,CUST-59267,67,Alberta,Critical Illness,Monthly,1,209.61,50000,5,0,0
POL-02420,CUST-23722,62,Saskatchewan,Term Life,Monthly,0,142.99,50000,12,0,0
POL-02421,CUST-64090,62,Alberta,Whole Life,Annual,1,197.25,50000,6,1,1
POL-02422,CUST-12349,67,British Columbia,Whole Life,Monthly,1,224.04,50000,6,0,0
POL-02423,CUST-34236,52,Quebec,Term Life,Monthly,0,139.72,50000,8,1,0
POL-02424,CUST-51085,32,Alberta,Term Life,Monthly,0,76.29,50000,10,0,0
POL-02425,CUST-18864,52,Saskatchewan,Critical Illness,Monthly,0,139.03,50000,4,0,1
POL-02426,CUST-54707,67,Quebec,Universal Life,Monthly,0,171.37,50000,14,0,0
POL-02427,CUST-62284,57,Alberta,Term Life,Annual,0,158.41,50000,14,0,0
POL-02428,CUST-95112,32,Quebec,Universal Life,Monthly,0,120.28,50000,5,0,1
POL-02429,CUST-43742,47,Ontario,Whole Life,Monthly,1,182.89,50000,4,0,0
POL-02430,CUST-75526,52,Quebec,Term Life,Monthly,1,172.03,50000,2,1,0
POL-02431,CUST-33798,52,Quebec,Universal Life,Monthly,0,130.69,50000,7,0,0
POL-02432,CUST-97312,52,Quebec,Whole Life,Annual,0,125.18,50000,3,1,0
POL-02433,CUST-96819,57,Ontario,Term Life,Monthly,0,141.12,50000,14,1,0
POL-02434,CUST-78120,37,British Columbia,Critical Illness,Annual,0,117.32,50000,14,2,0
POL-02435,CUST-29202,27,Quebec,Term Life,Monthly,1,112.42,50000,13,0,1
POL-02436,CUST-98087,57,Saskatchewan,Term Life,Monthly,0,136.48,50000,5,0,1
POL-02437,CUST-45925,42,Ontario,Term Life,Monthly,0,127.35,50000,11,0,0
POL-02438,CUST-32338,67,Ontario,Universal Life,Annual,0,157.84,50000,8,0,0
POL-02439,CUST-46174,52,Manitoba,Universal Life,Monthly,0,143.04,50000,5,0,0
POL-02440,CUST-25083,57,Quebec,Critical Illness,Monthly,1,172.83,50000,9,0,1
POL-02441,CUST-42269,62,Saskatchewan,Term Life,Annual,0,160.05,50000,3,0,0
POL-02442,CUST-45217,37,Alberta,Universal Life,Monthly,0,102.34,50000,15,1,0
POL-02443,CUST-99726,37,British Columbia,Whole Life,Monthly,0,88.78,50000,3,0,1
POL-02444,CUST-54259,42,Ontario,Term Life,Annual,0,132.07,50000,5,3,1
POL-02445,CUST-76716,52,Manitoba,Term Life,Monthly,0,130.25,50000,4,0,0
POL-02446,CUST-84218,42,Ontario,Universal Life,Monthly,0,117.62,50000,8,0,0
POL-02447,CUST-95013,37,Alberta,Term Life,Monthly,0,103.31,50000,11,2,1
POL-02448,CUST-58729,47,Manitoba,Whole Life,Annual,0,136.13,50000,15,0,0
POL-02449,CUST-62629,62,Ontario,Whole Life,Monthly,1,195.6,50000,6,0,1
POL-02450,CUST-95721,67,Ontario,Term Life,Annual,1,207.11,50000,4,0,0
POL-02451,CUST-71282,37,Ontario,Critical Illness,Monthly,0,105.01,50000,1,0,0
POL-02452,CUST-35966,42,Quebec,Universal Life,Monthly,0,120.0,50000,9,0,1
POL-02453,CUST-63503,52,Ontario,Whole Life,Monthly,1,178.6,50000,15,0,1
POL-02454,CUST-62101,62,Quebec,Universal Life,Annual,0,175.14,50000,1,1,0
POL-02455,CUST-62746,37,Ontario,Whole Life,Monthly,1,150.28,50000,15,1,1
POL-02456,CUST-68648,32,Ontario,Universal Life,Monthly,0,90.56,50000,4,0,0
POL-02457,CUST-48821,27,Ontario,Term Life,Monthly,0,96.81,50000,14,0,0
POL-02458,CUST-24027,52,Alberta,Whole Life,Annual,0,136.62,50000,2,0,0
POL-02459,CUST-42828,37,British Columbia,Term Life,Monthly,1,122.62,50000,14,0,1
POL-02460,CUST-80695,57,Ontario,Whole Life,Monthly,0,125.46,50000,5,0,0
POL-02461,CUST-99995,32,Saskatchewan,Whole Life,Monthly,0,101.8,50000,5,0,0
POL-02462,CUST-67545,27,Quebec,Term Life,Monthly,1,128.81,50000,4,0,0
POL-02463,CUST-80001,62,Alberta,Critical Illness,Annual,1,188.06,50000,3,0,0
POL-02464,CUST-27271,57,Ontario,Term Life,Monthly,0,158.21,50000,12,1,0
POL-02465,CUST-80612,67,British Columbia,Term Life,Annual,0,154.38,50000,2,0,0
POL-02466,CUST-47215,47,Quebec,Term Life,Annual,0,112.97,50000,7,0,0
POL-02467,CUST-73244,27,Quebec,Whole Life,Monthly,0,83.69,50000,15,0,0
POL-02468,CUST-67667,62,Ontario,Term Life,Annual,0,149.28,50000,7,0,0
POL-02469,CUST-78457,62,Ontario,Whole Life,Annual,0,155.9,50000,13,1,0
POL-02470,CUST-76004,57,Manitoba,Universal Life,Annual,1,173.03,50000,11,0,0
POL-02471,CUST-68151,42,Manitoba,Term Life,Monthly,1,129.9,50000,12,0,0
POL-02472,CUST-47562,67,Saskatchewan,Critical Illness,Monthly,1,169.77,50000,15,0,0
POL-02473,CUST-83239,57,Quebec,Term Life,Annual,0,149.08,50000,2,1,0
POL-02474,CUST-75023,42,Ontario,Whole Life,Monthly,0,107.05,50000,5,1,0
POL-02475,CUST-22433,57,Manitoba,Term Life,Annual,0,123.54,50000,5,0,0
POL-02476,CUST-33460,27,Alberta,Universal Life,Monthly,0,101.1,50000,2,0,0
POL-02477,CUST-34211,57,Alberta,Universal Life,Monthly,0,166.14,50000,2,1,0
POL-02478,CUST-37449,37,British Columbia,Term Life,Annual,0,110.47,50000,2,0,0
POL-02479,CUST-73257,32,Manitoba,Term Life,Monthly,0,105.82,50000,15,0,0
POL-02480,CUST-11059,42,Saskatchewan,Term Life,Monthly,0,123.92,50000,13,0,0
POL-02481,CUST-33462,32,Ontario,Term Life,Annual,0,74.84,50000,9,0,0
POL-02482,CUST-53879,47,British Columbia,Critical Illness,Annual,0,140.26,50000,13,0,0
POL-02483,CUST-26035,57,Alberta,Whole Life,Monthly,0,162.48,50000,6,0,0
POL-02484,CUST-26950,57,Manitoba,Whole Life,Annual,0,169.64,50000,8,0,0
POL-02485,CUST-48778,27,Quebec,Critical Illness,Annual,0,88.35,50000,14,0,0
POL-02486,CUST-64183,57,Manitoba,Universal Life,Annual,0,133.98,50000,3,0,0
POL-02487,CUST-40118,42,Quebec,Universal Life,Monthly,0,136.9,50000,3,1,0
POL-02488,CUST-96908,32,Quebec,Term Life,Monthly,0,108.59,50000,8,1,0
POL-02489,CUST-47718,67,Alberta,Term Life,Annual,0,176.1,50000,4,0,0
POL-02490,CUST-99967,47,Ontario,Term Life,Annual,0,121.84,50000,11,0,0
POL-02491,CUST-60682,57,Saskatchewan,Term Life,Monthly,0,150.86,50000,10,0,0
POL-02492,CUST-43696,62,Manitoba,Term Life,Monthly,0,143.96,50000,5,0,0
POL-02493,CUST-20261,62,Alberta,Term Life,Monthly,0,156.54,50000,2,0,0
POL-02494,CUST-76025,57,Saskatchewan,Term Life,Annual,1,178.43,50000,2,1,0
POL-02495,CUST-58466,27,Saskatchewan,Whole Life,Annual,0,121.72,50000,7,0,0
POL-02496,CUST-96462,32,Ontario,Term Life,Monthly,0,109.18,50000,5,0,0
POL-02497,CUST-97048,67,Ontario,Term Life,Monthly,1,174.78,50000,1,1,0
POL-02498,CUST-57107,27,British Columbia,Term Life,Monthly,0,93.58,50000,11,0,0
POL-02499,CUST-32152,37,Quebec,Whole Life,Annual,0,116.02,50000,15,1,0
POL-02500,CUST-40053,37,Manitoba,Universal Life,Monthly,0,105.91,50000,15,0,0
POL-02501,CUST-16417,37,Alberta,Universal Life,Monthly,1,133.37,50000,2,0,0
POL-02502,CUST-24020,37,Quebec,Term Life,Monthly,0,119.53,50000,3,0,0
POL-02503,CUST-47166,52,Saskatchewan,Term Life,Annual,0,127.06,50000,7,1,1
POL-02504,CUST-25845,27,Quebec,Term Life,Monthly,0,100.51,50000,14,1,0
POL-02505,CUST-87102,67,British Columbia,Term Life,Monthly,0,153.05,50000,9,2,0
POL-02506,CUST-86867,67,Alberta,Term Life,Monthly,0,159.19,50000,7,1,0
POL-02507,CUST-25792,27,Saskatchewan,Critical Illness,Annual,0,105.07,50000,14,0,0
POL-02508,CUST-33309,37,Saskatchewan,Term Life,Monthly,0,117.47,50000,10,0,0
POL-02509,CUST-84472,57,Ontario,Term Life,Monthly,0,147.98,50000,15,0,0
POL-02510,CUST-34359,42,Ontario,Universal Life,Monthly,0,120.24,50000,13,0,0
POL-02511,CUST-33436,67,Manitoba,Whole Life,Monthly,1,201.69,50000,15,0,0
POL-02512,CUST-77198,67,Manitoba,Term Life,Annual,0,156.1,50000,9,0,0
POL-02513,CUST-46145,52,Alberta,Term Life,Annual,0,120.4,50000,6,0,0
POL-02514,CUST-85311,52,Alberta,Critical Illness,Monthly,0,145.43,50000,1,0,0
POL-02515,CUST-57625,37,British Columbia,Term Life,Annual,0,129.96,50000,11,0,0
POL-02516,CUST-28759,42,Saskatchewan,Whole Life,Monthly,0,127.85,50000,4,1,0
POL-02517,CUST-23784,42,Alberta,Universal Life,Annual,0,123.65,50000,1,0,0
POL-02518,CUST-71975,62,British Columbia,Term Life,Monthly,0,142.1,50000,13,0,0
POL-02519,CUST-50296,62,Ontario,Universal Life,Monthly,0,167.13,50000,7,0,0
POL-02520,CUST-50193,27,British Columbia,Term Life,Annual,1,134.38,50000,9,0,0
POL-02521,CUST-71208,42,Alberta,Term Life,Annual,1,164.72,50000,12,0,0
POL-02522,CUST-34906,62,Ontario,Term Life,Annual,0,169.01,50000,5,1,0
POL-02523,CUST-99908,62,Manitoba,Critical Illness,Monthly,0,175.63,50000,13,0,0
POL-02524,CUST-56820,42,Ontario,Term Life,Annual,1,142.22,50000,9,0,0
POL-02525,CUST-87399,47,Saskatchewan,Term Life,Monthly,0,114.13,50000,9,0,0
POL-02526,CUST-79973,32,Alberta,Critical Illness,Monthly,0,104.38,50000,5,0,0
POL-02527,CUST-64700,67,Saskatchewan,Term Life,Monthly,0,154.53,50000,12,1,0
POL-02528,CUST-18954,57,Saskatchewan,Critical Illness,Monthly,0,134.45,50000,4,0,0
POL-02529,CUST-76288,62,Quebec,Universal Life,Monthly,0,171.24,50000,10,1,1
POL-02530,CUST-16401,62,Ontario,Whole Life,Annual,0,144.49,50000,13,1,0
POL-02531,CUST-76368,37,Ontario,Universal Life,Monthly,0,111.47,50000,2,1,1
POL-02532,CUST-92055,67,Ontario,Universal Life,Monthly,0,146.02,50000,7,2,1
POL-02533,CUST-57932,27,Quebec,Term Life,Monthly,0,94.36,50000,11,1,0
POL-02534,CUST-96705,37,Alberta,Critical Illness,Annual,0,125.79,50000,5,0,0
POL-02535,CUST-66463,52,Saskatchewan,Critical Illness,Monthly,0,153.16,50000,1,0,0
POL-02536,CUST-57570,32,Ontario,Critical Illness,Annual,0,115.14,50000,7,0,0
POL-02537,CUST-57887,27,Quebec,Whole Life,Monthly,0,92.66,50000,8,0,0
POL-02538,CUST-22925,67,Manitoba,Whole Life,Monthly,0,178.94,50000,14,0,0
POL-02539,CUST-15979,57,Alberta,Whole Life,Annual,0,152.76,50000,13,0,0
POL-02540,CUST-17070,62,Ontario,Term Life,Monthly,1,186.33,50000,3,0,0
POL-02541,CUST-90570,47,Ontario,Whole Life,Annual,0,134.18,50000,5,0,0
POL-02542,CUST-24039,52,Manitoba,Whole Life,Monthly,1,184.23,50000,3,0,0
POL-02543,CUST-67325,67,Manitoba,Universal Life,Monthly,0,149.67,50000,14,1,0
POL-02544,CUST-35436,67,British Columbia,Term Life,Monthly,0,152.87,50000,6,1,0
POL-02545,CUST-44475,52,Ontario,Whole Life,Annual,0,136.88,50000,14,0,0
POL-02546,CUST-71546,47,Manitoba,Whole Life,Monthly,1,149.94,50000,1,0,1
POL-02547,CUST-88466,57,Saskatchewan,Whole Life,Monthly,0,132.77,50000,9,0,0
POL-02548,CUST-19921,47,British Columbia,Critical Illness,Monthly,0,124.55,50000,2,0,1
POL-02549,CUST-57217,57,British Columbia,Universal Life,Annual,0,159.5,50000,9,0,1
POL-02550,CUST-22324,42,British Columbia,Term Life,Annual,0,132.28,50000,1,0,0
POL-02551,CUST-28133,27,Ontario,Term Life,Annual,0,97.45,50000,3,0,1
POL-02552,CUST-74172,67,Manitoba,Universal Life,Monthly,1,202.76,50000,3,1,0
POL-02553,CUST-12677,27,Ontario,Whole Life,Monthly,0,118.65,50000,11,0,0
POL-02554,CUST-33166,57,Saskatchewan,Universal Life,Annual,1,176.13,50000,10,0,0
POL-02555,CUST-60185,52,British Columbia,Term Life,Annual,0,141.49,50000,9,0,0
POL-02556,CUST-29444,67,Quebec,Term Life,Annual,1,193.53,50000,3,1,0
POL-02557,CUST-44674,42,Alberta,Term Life,Annual,1,140.15,50000,4,0,0
POL-02558,CUST-62437,27,British Columbia,Universal Life,Annual,0,107.82,50000,6,0,0
POL-02559,CUST-91133,27,Manitoba,Critical Illness,Monthly,1,124.94,50000,15,1,0
POL-02560,CUST-17090,57,Alberta,Critical Illness,Monthly,1,190.94,50000,11,1,0
POL-02561,CUST-55678,62,Ontario,Whole Life,Annual,0,153.65,50000,1,0,0
POL-02562,CUST-66618,32,Quebec,Universal Life,Monthly,0,117.56,50000,1,1,0
POL-02563,CUST-53091,37,Quebec,Term Life,Monthly,0,99.63,50000,6,0,0
POL-02564,CUST-11730,37,Ontario,Whole Life,Monthly,0,125.57,50000,4,0,0
POL-02565,CUST-78488,42,Ontario,Critical Illness,Monthly,0,131.33,50000,7,0,1
POL-02566,CUST-30972,62,Manitoba,Term Life,Annual,0,135.06,50000,15,0,0
POL-02567,CUST-18889,32,Alberta,Critical Illness,Annual,0,96.4,50000,3,1,0
POL-02568,CUST-50544,27,Alberta,Term Life,Monthly,0,105.85,50000,9,1,1
POL-02569,CUST-27195,37,Ontario,Term Life,Monthly,0,131.25,50000,8,0,0
POL-02570,CUST-66784,57,Saskatchewan,Whole Life,Monthly,0,156.19,50000,10,0,0
POL-02571,CUST-58557,47,Alberta,Critical Illness,Annual,1,159.84,50000,9,1,0
POL-02572,CUST-28346,57,Ontario,Term Life,Monthly,0,135.98,50000,8,0,0
POL-02573,CUST-92690,57,Quebec,Universal Life,Monthly,0,154.4,50000,5,0,0
POL-02574,CUST-89126,42,Quebec,Term Life,Monthly,0,115.49,50000,15,1,0
POL-02575,CUST-38315,52,Ontario,Universal Life,Monthly,1,169.0,50000,5,0,0
POL-02576,CUST-92711,57,Ontario,Whole Life,Monthly,0,144.91,50000,3,0,0
POL-02577,CUST-39337,47,Quebec,Term Life,Monthly,0,140.18,50000,2,1,0
POL-02578,CUST-53264,62,Saskatchewan,Universal Life,Monthly,0,178.28,50000,2,1,0
POL-02579,CUST-60918,37,Alberta,Universal Life,Monthly,0,123.92,50000,6,0,0
POL-02580,CUST-34516,67,Saskatchewan,Whole Life,Monthly,0,165.71,50000,13,0,0
POL-02581,CUST-64075,62,Alberta,Term Life,Monthly,0,145.81,50000,3,0,0
POL-02582,CUST-19943,52,Saskatchewan,Term Life,Monthly,0,146.61,50000,1,1,0
POL-02583,CUST-64449,37,Alberta,Critical Illness,Annual,0,131.59,50000,8,0,0
POL-02584,CUST-94481,62,British Columbia,Universal Life,Monthly,1,203.64,50000,9,0,0
POL-02585,CUST-39135,57,Alberta,Universal Life,Annual,0,150.09,50000,9,0,0
POL-02586,CUST-22021,52,Manitoba,Universal Life,Monthly,1,167.73,50000,1,0,1
POL-02587,CUST-62099,62,Manitoba,Universal Life,Annual,0,160.74,50000,4,0,0
POL-02588,CUST-36881,62,Alberta,Term Life,Monthly,0,170.45,50000,6,0,0
POL-02589,CUST-76880,47,Manitoba,Whole Life,Monthly,0,132.39,50000,12,3,0
POL-02590,CUST-39605,37,Manitoba,Universal Life,Monthly,0,110.36,50000,10,1,1
POL-02591,CUST-15633,57,Quebec,Term Life,Monthly,0,139.35,50000,13,0,0
POL-02592,CUST-34151,52,Saskatchewan,Term Life,Monthly,0,169.67,50000,9,0,0
POL-02593,CUST-84456,52,Ontario,Whole Life,Annual,0,127.91,50000,7,0,0
POL-02594,CUST-10185,42,Alberta,Critical Illness,Monthly,0,108.8,50000,9,1,0
POL-02595,CUST-89741,67,British Columbia,Universal Life,Annual,0,167.57,50000,6,0,0
POL-02596,CUST-28638,37,Saskatchewan,Term Life,Monthly,1,144.18,50000,3,0,0
POL-02597,CUST-34565,57,Alberta,Critical Illness,Monthly,0,159.88,50000,9,0,0
POL-02598,CUST-77365,67,Manitoba,Term Life,Annual,0,178.29,50000,5,1,0
POL-02599,CUST-93990,37,Saskatchewan,Term Life,Monthly,0,97.03,50000,4,0,0
POL-02600,CUST-28485,27,Saskatchewan,Critical Illness,Monthly,0,84.53,50000,11,1,0
POL-02601,CUST-92121,67,Manitoba,Universal Life,Monthly,1,190.1,50000,1,0,0
POL-02602,CUST-78765,27,Quebec,Critical Illness,Annual,0,103.01,50000,1,0,1
POL-02603,CUST-12414,27,Manitoba,Universal Life,Monthly,1,133.74,50000,6,1,0
POL-02604,CUST-47429,42,Quebec,Universal Life,Monthly,0,116.14,50000,9,0,0
POL-02605,CUST-32796,57,Alberta,Term Life,Monthly,0,150.2,50000,13,0,0
POL-02606,CUST-17291,37,Alberta,Term Life,Monthly,0,98.08,50000,8,0,0
POL-02607,CUST-93139,47,Ontario,Critical Illness,Monthly,0,120.69,50000,4,2,0
POL-02608,CUST-84427,57,British Columbia,Critical Illness,Monthly,0,132.0,50000,6,0,0
POL-02609,CUST-88657,42,Ontario,Term Life,Annual,0,122.35,50000,6,1,0
POL-02610,CUST-67163,37,Manitoba,Term Life,Monthly,1,148.3,50000,6,0,0
POL-02611,CUST-75606,37,Saskatchewan,Term Life,Monthly,0,99.79,50000,11,1,0
POL-02612,CUST-65090,62,Quebec,Term Life,Annual,0,161.65,50000,12,0,1
POL-02613,CUST-14186,52,Manitoba,Critical Illness,Annual,0,151.29,50000,11,1,0
POL-02614,CUST-23519,52,Quebec,Term Life,Monthly,0,126.23,50000,6,0,0
POL-02615,CUST-89942,52,British Columbia,Whole Life,Monthly,0,134.68,50000,5,0,0
POL-02616,CUST-66100,62,Manitoba,Critical Illness,Monthly,0,162.76,50000,2,0,0
POL-02617,CUST-39150,47,British Columbia,Whole Life,Annual,0,129.52,50000,12,0,0
POL-02618,CUST-81688,47,Saskatchewan,Whole Life,Monthly,0,113.14,50000,15,2,1
POL-02619,CUST-57542,52,Quebec,Term Life,Monthly,0,133.31,50000,1,0,0
POL-02620,CUST-99672,67,Saskatchewan,Term Life,Monthly,1,194.91,50000,2,0,0
POL-02621,CUST-54788,52,Saskatchewan,Term Life,Monthly,0,136.55,50000,4,0,0
POL-02622,CUST-70374,67,Saskatchewan,Term Life,Monthly,1,199.07,50000,12,0,0
POL-02623,CUST-98454,47,British Columbia,Term Life,Annual,0,148.39,50000,4,0,0
POL-02624,CUST-48895,52,Saskatchewan,Term Life,Monthly,0,136.1,50000,1,2,1
POL-02625,CUST-93532,52,Ontario,Term Life,Monthly,1,152.98,50000,6,1,0
POL-02626,CUST-83697,37,Manitoba,Term Life,Annual,0,112.69,50000,6,0,0
POL-02627,CUST-13226,42,Ontario,Critical Illness,Monthly,0,141.57,50000,6,0,0
POL-02628,CUST-14534,52,Manitoba,Term Life,Monthly,0,136.59,50000,8,1,0
POL-02629,CUST-18297,42,British Columbia,Term Life,Monthly,0,115.34,50000,4,0,0
POL-02630,CUST-47735,57,British Columbia,Critical Illness,Annual,0,143.94,50000,1,0,0
POL-02631,CUST-82999,37,Alberta,Term Life,Monthly,0,118.61,50000,2,0,0
POL-02632,CUST-75897,62,Manitoba,Whole Life,Annual,1,187.89,50000,12,0,0
POL-02633,CUST-76423,47,Saskatchewan,Universal Life,Monthly,0,111.41,50000,10,0,0
POL-02634,CUST-42349,47,Ontario,Whole Life,Monthly,0,121.54,50000,4,1,0
POL-02635,CUST-14020,57,Ontario,Term Life,Monthly,0,146.82,50000,15,0,0
POL-02636,CUST-15302,32,Manitoba,Universal Life,Monthly,0,109.03,50000,9,0,0
POL-02637,CUST-22408,42,Manitoba,Universal Life,Monthly,0,113.61,50000,12,1,1
POL-02638,CUST-19984,37,British Columbia,Term Life,Annual,0,108.05,50000,12,1,0
POL-02639,CUST-95180,52,Quebec,Term Life,Monthly,0,139.14,50000,5,0,0
POL-02640,CUST-25046,47,British Columbia,Term Life,Monthly,0,120.27,50000,9,1,0
POL-02641,CUST-38774,27,Quebec,Universal Life,Annual,0,92.5,50000,9,0,0
POL-02642,CUST-84814,57,Quebec,Term Life,Monthly,0,153.21,50000,7,0,0
POL-02643,CUST-28704,27,Ontario,Term Life,Monthly,0,79.36,50000,10,1,0
POL-02644,CUST-74874,52,Saskatchewan,Whole Life,Monthly,0,142.28,50000,6,0,0
POL-02645,CUST-51880,57,British Columbia,Critical Illness,Monthly,0,134.52,50000,2,0,0
POL-02646,CUST-78747,67,Saskatchewan,Term Life,Annual,0,152.76,50000,1,0,0
POL-02647,CUST-37092,57,Quebec,Term Life,Annual,0,139.65,50000,7,0,0
POL-02648,CUST-91838,62,Quebec,Whole Life,Monthly,0,172.99,50000,14,0,0
POL-02649,CUST-75808,37,Ontario,Universal Life,Annual,1,126.02,50000,4,0,0
POL-02650,CUST-37234,52,Saskatchewan,Whole Life,Monthly,0,133.03,50000,9,1,0
POL-02651,CUST-69921,47,Saskatchewan,Critical Illness,Annual,0,129.28,50000,3,0,0
POL-02652,CUST-76876,42,Manitoba,Term Life,Annual,1,169.61,50000,10,0,0
POL-02653,CUST-98766,42,Quebec,Term Life,Monthly,1,178.98,50000,3,0,0
POL-02654,CUST-42811,37,Quebec,Term Life,Monthly,0,106.54,50000,7,0,1
POL-02655,CUST-97944,57,Manitoba,Term Life,Annual,1,189.07,50000,13,1,0
POL-02656,CUST-80710,37,Saskatchewan,Whole Life,Monthly,0,110.47,50000,6,1,0
POL-02657,CUST-49363,52,Manitoba,Universal Life,Monthly,0,137.39,50000,15,0,0
POL-02658,CUST-72629,62,Ontario,Term Life,Monthly,0,159.88,50000,1,0,0
POL-02659,CUST-60853,57,Alberta,Universal Life,Monthly,1,163.57,50000,2,0,0
POL-02660,CUST-99080,37,British Columbia,Term Life,Monthly,0,111.03,50000,3,2,0
POL-02661,CUST-15521,42,Saskatchewan,Whole Life,Monthly,0,126.01,50000,4,0,0
POL-02662,CUST-78135,57,Manitoba,Term Life,Annual,0,137.28,50000,7,1,0
POL-02663,CUST-84989,32,Manitoba,Whole Life,Monthly,0,108.09,50000,14,1,0
POL-02664,CUST-10531,57,British Columbia,Term Life,Monthly,0,126.86,50000,4,0,0
POL-02665,CUST-55857,47,Manitoba,Critical Illness,Monthly,0,130.72,50000,6,0,0
POL-02666,CUST-72982,37,Quebec,Critical Illness,Monthly,0,127.71,50000,1,0,0
POL-02667,CUST-86482,52,Saskatchewan,Universal Life,Monthly,0,135.98,50000,11,0,0
POL-02668,CUST-19147,37,Alberta,Critical Illness,Monthly,0,99.86,50000,9,0,0
POL-02669,CUST-35011,62,Ontario,Term Life,Monthly,0,139.5,50000,1,1,0
POL-02670,CUST-59148,27,Manitoba,Whole Life,Monthly,0,98.29,50000,7,0,0
POL-02671,CUST-67855,57,Ontario,Term Life,Monthly,1,193.74,50000,4,0,0
POL-02672,CUST-24158,42,Manitoba,Critical Illness,Monthly,0,119.93,50000,7,0,0
POL-02673,CUST-84173,47,Manitoba,Term Life,Annual,0,124.04,50000,5,0,0
POL-02674,CUST-54525,47,Manitoba,Term Life,Monthly,0,106.43,50000,12,0,0
POL-02675,CUST-46130,67,Ontario,Universal Life,Annual,1,202.09,50000,1,1,0
POL-02676,CUST-81335,32,Ontario,Term Life,Monthly,0,94.33,50000,9,1,0
POL-02677,CUST-56142,67,Manitoba,Universal Life,Monthly,0,158.02,50000,12,0,0
POL-02678,CUST-36019,42,Quebec,Term Life,Monthly,0,140.0,50000,1,0,1
POL-02679,CUST-49231,37,Quebec,Universal Life,Monthly,0,89.98,50000,14,1,0
POL-02680,CUST-23741,67,Manitoba,Critical Illness,Monthly,0,145.59,50000,12,2,0
POL-02681,CUST-85874,57,Quebec,Whole Life,Annual,0,150.38,50000,5,0,0
POL-02682,CUST-38304,42,Saskatchewan,Term Life,Annual,1,150.98,50000,8,0,0
POL-02683,CUST-41478,57,Alberta,Term Life,Monthly,1,176.37,50000,11,0,0
POL-02684,CUST-25628,62,Ontario,Term Life,Annual,0,159.87,50000,8,0,0
POL-02685,CUST-43591,27,British Columbia,Term Life,Monthly,1,131.67,50000,12,0,0
POL-02686,CUST-26520,52,Quebec,Whole Life,Monthly,0,126.92,50000,14,1,0
POL-02687,CUST-14162,67,British Columbia,Term Life,Annual,0,158.5,50000,6,0,0
POL-02688,CUST-72749,32,Quebec,Term Life,Monthly,0,103.19,50000,2,0,0
POL-02689,CUST-43913,52,British Columbia,Term Life,Monthly,0,140.6,50000,7,1,1
POL-02690,CUST-73388,37,Ontario,Critical Illness,Monthly,0,117.4,50000,9,1,0
POL-02691,CUST-30079,47,Saskatchewan,Term Life,Monthly,0,122.6,50000,12,2,0
POL-02692,CUST-57622,57,Manitoba,Term Life,Monthly,0,151.76,50000,5,1,0
POL-02693,CUST-28876,37,Saskatchewan,Whole Life,Monthly,0,123.0,50000,14,0,0
POL-02694,CUST-32699,32,Saskatchewan,Term Life,Monthly,0,103.16,50000,1,1,0
POL-02695,CUST-97226,57,Saskatchewan,Critical Illness,Annual,0,146.37,50000,9,0,0
POL-02696,CUST-57667,57,Alberta,Term Life,Annual,0,144.77,50000,7,0,0
POL-02697,CUST-10530,62,Quebec,Universal Life,Monthly,0,149.19,50000,11,0,1
POL-02698,CUST-95367,47,Alberta,Whole Life,Monthly,0,118.34,50000,5,0,0
POL-02699,CUST-84022,47,Manitoba,Universal Life,Monthly,0,126.02,50000,14,0,0
POL-02700,CUST-44531,42,Saskatchewan,Universal Life,Monthly,0,126.01,50000,1,0,0
POL-02701,CUST-31654,37,Quebec,Universal Life,Monthly,0,100.93,50000,13,0,0
POL-02702,CUST-48120,32,Ontario,Whole Life,Monthly,1,136.7,50000,8,1,0
POL-02703,CUST-79604,37,Manitoba,Whole Life,Annual,1,144.3,50000,8,2,0
POL-02704,CUST-54483,37,Quebec,Universal Life,Monthly,0,132.93,50000,5,0,0
POL-02705,CUST-25661,27,Quebec,Whole Life,Monthly,0,102.27,50000,6,0,1
POL-02706,CUST-26056,62,Manitoba,Whole Life,Monthly,1,200.08,50000,7,1,0
POL-02707,CUST-99353,62,Saskatchewan,Term Life,Annual,0,167.64,50000,5,0,0
POL-02708,CUST-32023,57,British Columbia,Term Life,Monthly,0,141.05,50000,1,0,1
POL-02709,CUST-62098,67,British Columbia,Term Life,Annual,0,182.12,50000,7,0,0
POL-02710,CUST-72184,27,Ontario,Term Life,Annual,1,130.51,50000,7,0,0
POL-02711,CUST-23915,67,Saskatchewan,Whole Life,Monthly,0,165.06,50000,11,0,0
POL-02712,CUST-24541,52,British Columbia,Term Life,Monthly,0,124.02,50000,8,1,1
POL-02713,CUST-38089,27,British Columbia,Whole Life,Monthly,1,123.78,50000,9,0,1
POL-02714,CUST-64405,62,Alberta,Universal Life,Monthly,0,135.41,50000,7,0,0
POL-02715,CUST-86113,47,Saskatchewan,Whole Life,Monthly,0,126.62,50000,7,0,0
POL-02716,CUST-44729,52,British Columbia,Universal Life,Monthly,1,166.68,50000,11,0,1
POL-02717,CUST-35652,52,Ontario,Term Life,Annual,0,133.82,50000,11,0,0
POL-02718,CUST-37565,32,Saskatchewan,Term Life,Monthly,1,120.97,50000,15,1,0
POL-02719,CUST-79622,52,Alberta,Universal Life,Monthly,1,182.04,50000,8,0,0
POL-02720,CUST-59476,62,Ontario,Universal Life,Monthly,0,163.71,50000,1,1,0
POL-02721,CUST-65760,37,Ontario,Universal Life,Monthly,0,131.88,50000,9,0,0
POL-02722,CUST-30311,57,Quebec,Universal Life,Monthly,0,167.54,50000,6,0,0
POL-02723,CUST-67761,67,Manitoba,Universal Life,Monthly,1,202.47,50000,2,1,0
POL-02724,CUST-37869,37,Manitoba,Universal Life,Monthly,1,158.88,50000,13,0,0
POL-02725,CUST-89735,52,British Columbia,Universal Life,Monthly,1,176.74,50000,10,0,0
POL-02726,CUST-57207,62,Quebec,Universal Life,Monthly,0,151.47,50000,10,1,1
POL-02727,CUST-24009,62,Quebec,Term Life,Annual,0,153.26,50000,10,0,0
POL-02728,CUST-69155,37,Alberta,Term Life,Monthly,0,119.27,50000,15,0,1
POL-02729,CUST-12465,57,Manitoba,Term Life,Annual,0,196.66,50000,11,0,0
POL-02730,CUST-85270,57,Saskatchewan,Whole Life,Monthly,0,161.6,50000,11,0,1
POL-02731,CUST-46587,57,Alberta,Universal Life,Annual,1,185.56,50000,12,0,0
POL-02732,CUST-84218,42,British Columbia,Term Life,Monthly,0,126.41,50000,11,0,0
POL-02733,CUST-94589,57,Ontario,Term Life,Monthly,0,153.3,50000,11,0,0
POL-02734,CUST-54796,62,Manitoba,Universal Life,Monthly,0,155.52,50000,2,1,0
POL-02735,CUST-20003,37,British Columbia,Term Life,Annual,0,120.68,50000,7,0,0
POL-02736,CUST-16679,67,Manitoba,Universal Life,Monthly,0,163.73,50000,5,0,0
POL-02737,CUST-38685,62,British Columbia,Term Life,Monthly,1,179.46,50000,14,0,0
POL-02738,CUST-26925,47,Ontario,Term Life,Annual,1,170.38,50000,9,0,0
POL-02739,CUST-74237,47,Quebec,Whole Life,Monthly,0,136.98,50000,8,0,0
POL-02740,CUST-10042,47,Ontario,Term Life,Monthly,0,127.85,50000,8,0,0
POL-02741,CUST-74238,42,Alberta,Term Life,Annual,0,124.32,50000,11,0,0
POL-02742,CUST-26703,57,Saskatchewan,Term Life,Monthly,0,159.13,50000,12,1,0
POL-02743,CUST-21283,42,British Columbia,Term Life,Annual,0,119.98,50000,4,0,0
POL-02744,CUST-12766,57,Quebec,Term Life,Annual,0,142.24,50000,15,0,0
POL-02745,CUST-82636,42,Manitoba,Universal Life,Annual,0,112.09,50000,12,0,0
POL-02746,CUST-74325,32,Quebec,Term Life,Annual,0,99.55,50000,4,1,0
POL-02747,CUST-90676,27,British Columbia,Term Life,Monthly,0,112.02,50000,10,0,0
POL-02748,CUST-59153,42,British Columbia,Term Life,Monthly,0,118.22,50000,7,0,0
POL-02749,CUST-63627,57,Manitoba,Critical Illness,Monthly,0,151.91,50000,6,0,0
POL-02750,CUST-13215,42,Alberta,Universal Life,Annual,0,116.71,50000,14,0,0
POL-02751,CUST-11930,37,British Columbia,Critical Illness,Monthly,1,141.68,50000,5,1,1
POL-02752,CUST-65587,62,Quebec,Critical Illness,Annual,0,146.05,50000,13,0,0
POL-02753,CUST-56044,27,Saskatchewan,Term Life,Monthly,0,94.8,50000,10,0,0
POL-02754,CUST-83272,62,Alberta,Universal Life,Monthly,0,150.39,50000,13,1,0
POL-02755,CUST-59614,52,Saskatchewan,Term Life,Monthly,0,153.88,50000,12,0,0
POL-02756,CUST-12568,62,Quebec,Critical Illness,Monthly,0,155.31,50000,10,0,0
POL-02757,CUST-68054,37,Saskatchewan,Whole Life,Monthly,0,111.07,50000,3,0,0
POL-02758,CUST-21434,67,Quebec,Term Life,Monthly,0,163.44,50000,15,0,0
POL-02759,CUST-89778,47,Quebec,Critical Illness,Monthly,1,169.05,50000,10,1,0
POL-02760,CUST-52407,67,Ontario,Universal Life,Monthly,0,183.49,50000,6,1,1
POL-02761,CUST-49818,57,Ontario,Critical Illness,Annual,0,135.12,50000,4,1,0
POL-02762,CUST-13807,37,Saskatchewan,Term Life,Monthly,0,114.93,50000,2,0,0
POL-02763,CUST-37492,27,Alberta,Term Life,Monthly,1,109.77,50000,5,1,1
POL-02764,CUST-11914,37,British Columbia,Term Life,Monthly,0,126.28,50000,2,0,0
POL-02765,CUST-19786,67,Alberta,Whole Life,Monthly,1,199.3,50000,14,1,0
POL-02766,CUST-62416,52,Saskatchewan,Whole Life,Monthly,0,120.66,50000,7,1,0
POL-02767,CUST-53675,27,Manitoba,Term Life,Monthly,0,78.29,50000,10,0,0
POL-02768,CUST-60631,32,Quebec,Universal Life,Monthly,0,112.37,50000,13,0,0
POL-02769,CUST-82622,57,Saskatchewan,Term Life,Monthly,0,127.62,50000,15,0,0
POL-02770,CUST-82597,57,Saskatchewan,Universal Life,Monthly,0,150.94,50000,7,0,0
POL-02771,CUST-89354,57,Alberta,Critical Illness,Annual,0,142.46,50000,1,1,0
POL-02772,CUST-17010,47,Quebec,Whole Life,Monthly,0,127.26,50000,10,0,0
POL-02773,CUST-16748,37,Saskatchewan,Term Life,Monthly,0,103.51,50000,15,0,0
POL-02774,CUST-90746,67,Alberta,Term Life,Monthly,0,154.17,50000,6,0,0
POL-02775,CUST-88339,37,Quebec,Term Life,Annual,0,105.75,50000,2,0,0
POL-02776,CUST-11676,42,Manitoba,Universal Life,Monthly,0,127.46,50000,11,0,0
POL-02777,CUST-12693,52,Ontario,Whole Life,Annual,0,135.09,50000,10,0,0
POL-02778,CUST-37122,57,Ontario,Term Life,Annual,0,152.65,50000,3,0,0
POL-02779,CUST-59415,47,British Columbia,Critical Illness,Annual,1,161.69,50000,1,2,1
POL-02780,CUST-14380,47,Alberta,Universal Life,Annual,0,136.93,50000,8,0,0
POL-02781,CUST-50351,52,Alberta,Universal Life,Monthly,0,143.58,50000,3,0,0
POL-02782,CUST-31983,47,Alberta,Whole Life,Annual,0,123.11,50000,3,0,0
POL-02783,CUST-92852,32,Ontario,Critical Illness,Annual,0,91.16,50000,5,0,0
POL-02784,CUST-83364,32,Manitoba,Term Life,Monthly,0,114.07,50000,8,0,1
POL-02785,CUST-57131,42,British Columbia,Term Life,Monthly,0,110.84,50000,13,1,0
POL-02786,CUST-21262,52,Quebec,Critical Illness,Annual,1,179.61,50000,7,0,0
POL-02787,CUST-33788,62,Quebec,Critical Illness,Monthly,0,156.97,50000,13,0,0
POL-02788,CUST-28168,32,Ontario,Whole Life,Annual,0,97.04,50000,10,0,0
POL-02789,CUST-87293,27,Saskatchewan,Term Life,Monthly,0,98.75,50000,6,0,0
POL-02790,CUST-65022,57,Manitoba,Term Life,Annual,1,199.01,50000,8,0,0
POL-02791,CUST-40977,32,Saskatchewan,Universal Life,Monthly,0,110.11,50000,3,0,0
POL-02792,CUST-11949,32,Alberta,Universal Life,Annual,0,104.15,50000,15,0,0
POL-02793,CUST-84770,47,Quebec,Term Life,Monthly,0,149.06,50000,5,0,0
POL-02794,CUST-64217,42,Saskatchewan,Term Life,Annual,0,100.51,50000,14,0,1
POL-02795,CUST-31668,62,Saskatchewan,Universal Life,Monthly,0,143.25,50000,10,1,0
POL-02796,CUST-90492,42,Ontario,Universal Life,Monthly,0,115.03,50000,5,0,0
POL-02797,CUST-78029,42,Ontario,Whole Life,Monthly,1,172.63,50000,8,1,0
POL-02798,CUST-16259,27,Manitoba,Whole Life,Monthly,1,139.91,50000,2,0,1
POL-02799,CUST-10681,42,Quebec,Critical Illness,Annual,0,100.0,50000,10,0,0
POL-02800,CUST-10531,37,Quebec,Term Life,Monthly,1,141.36,50000,1,0,0
POL-02801,CUST-34332,52,Saskatchewan,Whole Life,Monthly,0,122.71,50000,10,0,0
POL-02802,CUST-46535,47,Manitoba,Whole Life,Annual,0,129.11,50000,3,1,0
POL-02803,CUST-93632,67,Alberta,Whole Life,Monthly,1,211.42,50000,2,0,0
POL-02804,CUST-86414,67,Ontario,Critical Illness,Monthly,0,177.31,50000,4,0,0
POL-02805,CUST-99805,57,Alberta,Whole Life,Monthly,0,150.82,50000,2,1,0
POL-02806,CUST-94166,52,British Columbia,Whole Life,Monthly,0,133.5,50000,14,1,0
POL-02807,CUST-10396,32,British Columbia,Term Life,Annual,0,101.46,50000,15,1,0
POL-02808,CUST-82104,62,Quebec,Universal Life,Monthly,1,199.8,50000,14,0,0
POL-02809,CUST-93103,37,British Columbia,Term Life,Monthly,0,139.77,50000,11,0,0
POL-02810,CUST-68439,67,Alberta,Term Life,Monthly,0,151.38,50000,4,0,1
POL-02811,CUST-96660,47,Alberta,Whole Life,Annual,0,148.67,50000,12,0,0
POL-02812,CUST-48389,57,Saskatchewan,Whole Life,Monthly,0,150.53,50000,12,0,0
POL-02813,CUST-80950,37,Quebec,Critical Illness,Annual,0,121.44,50000,4,0,0
POL-02814,CUST-81006,37,Alberta,Universal Life,Monthly,1,148.82,50000,13,0,0
POL-02815,CUST-30424,32,Alberta,Universal Life,Monthly,0,119.45,50000,15,0,0
POL-02816,CUST-78101,42,Ontario,Term Life,Annual,1,159.56,50000,6,0,0
POL-02817,CUST-52770,37,British Columbia,Whole Life,Monthly,0,103.81,50000,9,2,0
POL-02818,CUST-26526,67,Ontario,Critical Illness,Monthly,0,171.0,50000,14,0,0
POL-02819,CUST-19664,62,Manitoba,Whole Life,Monthly,0,170.12,50000,4,3,1
POL-02820,CUST-74419,47,Saskatchewan,Universal Life,Annual,0,129.6,50000,15,0,0
POL-02821,CUST-83139,32,British Columbia,Whole Life,Monthly,1,112.71,50000,5,1,0
POL-02822,CUST-81331,57,Quebec,Term Life,Monthly,0,146.22,50000,15,0,0
POL-02823,CUST-97304,47,Alberta,Whole Life,Monthly,0,130.78,50000,4,2,0
POL-02824,CUST-91077,37,Saskatchewan,Term Life,Annual,1,146.06,50000,12,0,0
POL-02825,CUST-26667,42,Saskatchewan,Term Life,Monthly,0,114.65,50000,8,1,0
POL-02826,CUST-75664,42,Quebec,Term Life,Monthly,0,136.48,50000,6,0,0
POL-02827,CUST-29921,47,Manitoba,Term Life,Monthly,0,101.12,50000,7,0,0
POL-02828,CUST-75914,32,British Columbia,Term Life,Monthly,0,103.73,50000,4,0,0
POL-02829,CUST-48820,42,Quebec,Critical Illness,Monthly,0,121.9,50000,11,2,0
POL-02830,CUST-91144,42,Quebec,Term Life,Annual,0,145.74,50000,15,0,0
POL-02831,CUST-21194,27,British Columbia,Universal Life,Monthly,0,93.43,50000,9,0,0
POL-02832,CUST-27484,52,Manitoba,Whole Life,Monthly,0,143.95,50000,5,0,0
POL-02833,CUST-65846,42,Manitoba,Term Life,Monthly,0,122.1,50000,11,1,0
POL-02834,CUST-59502,62,Quebec,Term Life,Monthly,0,157.73,50000,7,2,1
POL-02835,CUST-87378,37,Quebec,Critical Illness,Monthly,0,132.76,50000,14,0,0
POL-02836,CUST-90414,67,Ontario,Whole Life,Monthly,0,152.26,50000,4,1,0
POL-02837,CUST-33560,67,Ontario,Critical Illness,Monthly,0,157.59,50000,8,1,0
POL-02838,CUST-66847,52,British Columbia,Term Life,Annual,0,147.65,50000,8,0,0
POL-02839,CUST-78205,62,Manitoba,Universal Life,Monthly,0,159.68,50000,14,0,0
POL-02840,CUST-93819,67,Alberta,Universal Life,Monthly,0,162.2,50000,2,0,0
POL-02841,CUST-41921,52,Quebec,Critical Illness,Annual,0,137.75,50000,10,0,0
POL-02842,CUST-14538,62,Manitoba,Term Life,Monthly,1,202.57,50000,13,0,0
POL-02843,CUST-41608,32,Manitoba,Critical Illness,Monthly,0,108.42,50000,6,0,0
POL-02844,CUST-29255,37,British Columbia,Term Life,Monthly,1,138.04,50000,8,0,1
POL-02845,CUST-14288,67,British Columbia,Universal Life,Annual,1,203.45,50000,5,0,0
POL-02846,CUST-29920,67,Ontario,Whole Life,Monthly,0,165.0,50000,7,2,0
POL-02847,CUST-27426,37,British Columbia,Whole Life,Monthly,1,152.25,50000,15,1,0
POL-02848,CUST-17067,67,Alberta,Term Life,Monthly,0,161.75,50000,6,0,0
POL-02849,CUST-79192,47,Quebec,Universal Life,Monthly,0,115.1,50000,4,0,0
POL-02850,CUST-66044,67,Manitoba,Term Life,Monthly,1,208.67,50000,9,1,0
POL-02851,CUST-23852,27,Manitoba,Whole Life,Monthly,0,100.18,50000,8,1,1
POL-02852,CUST-46130,67,Manitoba,Whole Life,Annual,0,182.58,50000,12,0,0
POL-02853,CUST-85411,42,Quebec,Universal Life,Annual,0,104.81,50000,1,0,1
POL-02854,CUST-31821,37,British Columbia,Whole Life,Monthly,0,110.76,50000,14,0,0
POL-02855,CUST-31262,32,Quebec,Universal Life,Monthly,0,99.84,50000,11,0,0
POL-02856,CUST-75495,47,Saskatchewan,Whole Life,Monthly,0,124.85,50000,13,1,1
POL-02857,CUST-45824,62,Ontario,Universal Life,Monthly,1,173.11,50000,7,0,0
POL-02858,CUST-70854,42,Manitoba,Universal Life,Monthly,0,107.8,50000,7,1,0
POL-02859,CUST-27382,67,Quebec,Universal Life,Monthly,0,168.85,50000,6,1,0
POL-02860,CUST-13529,27,Manitoba,Universal Life,Annual,0,87.6,50000,13,0,0
POL-02861,CUST-58349,27,Manitoba,Whole Life,Monthly,0,83.68,50000,2,0,0
POL-02862,CUST-49554,52,Ontario,Term Life,Monthly,1,190.76,50000,8,0,1
POL-02863,CUST-86123,52,British Columbia,Universal Life,Annual,0,167.08,50000,4,0,0
POL-02864,CUST-74819,32,Alberta,Term Life,Monthly,0,101.92,50000,10,0,0
POL-02865,CUST-40370,62,Manitoba,Term Life,Annual,1,173.57,50000,15,0,0
POL-02866,CUST-19303,32,Alberta,Universal Life,Annual,0,107.36,50000,11,0,0
POL-02867,CUST-58785,47,Manitoba,Whole Life,Monthly,0,104.58,50000,1,0,0
POL-02868,CUST-81544,47,Ontario,Whole Life,Monthly,1,148.4,50000,6,0,0
POL-02869,CUST-37158,47,Saskatchewan,Critical Illness,Monthly,0,134.56,50000,1,0,0
POL-02870,CUST-65443,27,Alberta,Term Life,Annual,0,77.0,50000,8,0,0
POL-02871,CUST-12954,37,Ontario,Term Life,Monthly,0,108.05,50000,3,0,0
POL-02872,CUST-74631,52,Manitoba,Term Life,Annual,0,120.8,50000,11,0,0
POL-02873,CUST-85298,47,Alberta,Term Life,Monthly,0,130.28,50000,9,0,0
POL-02874,CUST-32535,52,British Columbia,Universal Life,Annual,0,152.08,50000,5,0,0
POL-02875,CUST-70261,32,Alberta,Universal Life,Monthly,0,95.25,50000,13,1,0
POL-02876,CUST-77292,47,British Columbia,Whole Life,Annual,1,164.37,50000,12,0,0
POL-02877,CUST-31483,62,British Columbia,Term Life,Monthly,0,146.81,50000,10,0,0
POL-02878,CUST-25632,42,Manitoba,Whole Life,Monthly,0,111.65,50000,6,0,0
POL-02879,CUST-44550,62,Ontario,Term Life,Annual,0,146.62,50000,5,1,0
POL-02880,CUST-87429,47,Alberta,Universal Life,Monthly,0,139.03,50000,9,1,0
POL-02881,CUST-43137,42,Alberta,Whole Life,Monthly,0,103.64,50000,12,0,0
POL-02882,CUST-28539,67,Alberta,Term Life,Annual,0,161.62,50000,13,0,0
POL-02883,CUST-35746,57,Ontario,Universal Life,Annual,1,187.52,50000,12,0,1
POL-02884,CUST-34140,32,British Columbia,Universal Life,Monthly,0,113.52,50000,1,0,0
POL-02885,CUST-57921,47,Ontario,Term Life,Monthly,1,169.89,50000,15,0,0
POL-02886,CUST-70376,32,British Columbia,Whole Life,Monthly,1,136.73,50000,4,0,0
POL-02887,CUST-34727,42,Alberta,Whole Life,Monthly,0,113.77,50000,1,0,0
POL-02888,CUST-40018,67,Saskatchewan,Term Life,Monthly,0,176.7,50000,9,0,0
POL-02889,CUST-53956,62,Alberta,Term Life,Monthly,0,146.19,50000,7,0,0
POL-02890,CUST-37814,57,Alberta,Universal Life,Monthly,0,137.37,50000,2,1,1
POL-02891,CUST-50785,52,Alberta,Critical Illness,Monthly,1,189.83,50000,4,0,0
POL-02892,CUST-15629,52,Saskatchewan,Whole Life,Annual,0,142.92,50000,4,0,1
POL-02893,CUST-44239,52,Ontario,Whole Life,Monthly,0,143.35,50000,7,0,0
POL-02894,CUST-83808,27,Ontario,Whole Life,Monthly,1,135.78,50000,12,0,0
POL-02895,CUST-49431,47,Saskatchewan,Whole Life,Annual,1,163.46,50000,11,0,1
POL-02896,CUST-51342,52,Alberta,Term Life,Annual,0,121.35,50000,1,0,1
POL-02897,CUST-64211,52,Saskatchewan,Term Life,Monthly,1,176.61,50000,3,0,0
POL-02898,CUST-45374,62,British Columbia,Critical Illness,Annual,0,156.38,50000,10,0,0
POL-02899,CUST-47943,52,Ontario,Universal Life,Monthly,0,128.29,50000,13,0,0
POL-02900,CUST-32098,52,Manitoba,Critical Illness,Monthly,0,125.53,50000,1,0,0
POL-02901,CUST-78213,52,Manitoba,Term Life,Monthly,0,138.04,50000,6,0,0
POL-02902,CUST-59969,32,Saskatchewan,Whole Life,Monthly,0,86.31,50000,2,1,1
POL-02903,CUST-11493,32,Alberta,Whole Life,Monthly,0,100.88,50000,8,0,0
POL-02904,CUST-60361,52,Saskatchewan,Term Life,Monthly,0,135.43,50000,6,1,0
POL-02905,CUST-42425,42,Manitoba,Term Life,Annual,1,154.17,50000,3,0,0
POL-02906,CUST-10211,52,Ontario,Universal Life,Monthly,0,143.43,50000,15,1,0
POL-02907,CUST-55695,47,Saskatchewan,Universal Life,Monthly,0,137.06,50000,12,0,0
POL-02908,CUST-17704,32,Alberta,Whole Life,Monthly,0,94.06,50000,9,0,1
POL-02909,CUST-27349,42,Saskatchewan,Term Life,Monthly,0,131.04,50000,12,0,0
POL-02910,CUST-65162,42,Ontario,Whole Life,Annual,0,117.97,50000,5,0,0
POL-02911,CUST-56282,42,Quebec,Term Life,Monthly,0,141.64,50000,15,0,0
POL-02912,CUST-35557,62,Alberta,Term Life,Annual,0,149.57,50000,7,0,0
POL-02913,CUST-88072,37,Ontario,Whole Life,Annual,1,127.26,50000,6,0,0
POL-02914,CUST-98541,47,Quebec,Term Life,Monthly,0,139.6,50000,9,0,0
POL-02915,CUST-18430,27,Manitoba,Critical Illness,Monthly,0,98.71,50000,9,0,0
POL-02916,CUST-32372,32,Alberta,Whole Life,Monthly,1,152.02,50000,10,1,0
POL-02917,CUST-10401,32,British Columbia,Term Life,Annual,1,141.32,50000,13,0,0
POL-02918,CUST-23684,57,Saskatchewan,Term Life,Monthly,0,175.68,50000,5,0,0
POL-02919,CUST-42795,42,Alberta,Universal Life,Monthly,1,153.33,50000,11,0,1
POL-02920,CUST-14017,62,Quebec,Term Life,Monthly,0,169.16,50000,3,0,0
POL-02921,CUST-92598,67,Saskatchewan,Term Life,Monthly,0,159.29,50000,4,0,0
POL-02922,CUST-71786,47,Alberta,Whole Life,Monthly,0,135.5,50000,8,0,0
POL-02923,CUST-17457,57,Alberta,Term Life,Monthly,0,155.74,50000,8,1,0
POL-02924,CUST-36155,47,Quebec,Whole Life,Monthly,0,139.59,50000,10,0,0
POL-02925,CUST-74299,67,Alberta,Whole Life,Monthly,0,174.92,50000,3,0,0
POL-02926,CUST-34656,62,Ontario,Term Life,Annual,0,117.76,50000,13,0,0
POL-02927,CUST-52803,42,Quebec,Universal Life,Annual,1,154.78,50000,9,0,0
POL-02928,CUST-19939,37,Ontario,Whole Life,Monthly,0,104.7,50000,9,0,0
POL-02929,CUST-87723,57,Manitoba,Whole Life,Annual,0,143.07,50000,12,1,0
POL-02930,CUST-14722,27,Quebec,Term Life,Annual,0,90.2,50000,11,1,0
POL-02931,CUST-18659,67,Ontario,Whole Life,Monthly,1,212.33,50000,7,0,0
POL-02932,CUST-30732,67,British Columbia,Term Life,Annual,0,168.03,50000,8,1,0
POL-02933,CUST-42882,47,Ontario,Whole Life,Annual,1,158.51,50000,4,2,0
POL-02934,CUST-45695,37,Saskatchewan,Term Life,Monthly,0,93.98,50000,9,0,0
POL-02935,CUST-72241,27,Quebec,Critical Illness,Monthly,0,112.0,50000,4,0,0
POL-02936,CUST-69584,62,Manitoba,Term Life,Monthly,1,183.83,50000,10,0,0
POL-02937,CUST-10361,32,British Columbia,Critical Illness,Monthly,0,101.03,50000,7,1,1
POL-02938,CUST-19107,47,Alberta,Critical Illness,Annual,0,155.27,50000,4,0,0
POL-02939,CUST-38589,62,British Columbia,Whole Life,Monthly,0,149.16,50000,8,0,0
POL-02940,CUST-42954,62,Alberta,Term Life,Monthly,1,188.29,50000,15,0,0
POL-02941,CUST-79522,52,Saskatchewan,Term Life,Annual,0,141.39,50000,9,1,1
POL-02942,CUST-99316,52,British Columbia,Critical Illness,Monthly,0,119.33,50000,6,0,0
POL-02943,CUST-32612,57,Quebec,Whole Life,Monthly,0,126.94,50000,7,0,0
POL-02944,CUST-71300,47,British Columbia,Whole Life,Annual,0,123.82,50000,10,0,0
POL-02945,CUST-34717,37,British Columbia,Term Life,Monthly,0,106.24,50000,3,0,0
POL-02946,CUST-99926,37,Manitoba,Universal Life,Monthly,0,113.21,50000,9,0,0
POL-02947,CUST-66050,42,British Columbia,Term Life,Monthly,0,108.86,50000,1,0,0
POL-02948,CUST-17146,47,Quebec,Term Life,Annual,1,169.81,50000,13,1,0
POL-02949,CUST-18417,27,Saskatchewan,Term Life,Monthly,0,67.72,50000,10,0,0
POL-02950,CUST-46438,67,Saskatchewan,Whole Life,Monthly,0,164.76,50000,2,0,0
POL-02951,CUST-49948,27,Alberta,Critical Illness,Monthly,0,97.92,50000,7,0,1
POL-02952,CUST-30720,32,Quebec,Universal Life,Annual,0,106.54,50000,14,0,0
POL-02953,CUST-17242,67,Alberta,Term Life,Monthly,0,163.65,50000,15,0,0
POL-02954,CUST-94739,37,Saskatchewan,Term Life,Monthly,0,103.68,50000,3,0,0
POL-02955,CUST-71818,42,Ontario,Universal Life,Annual,0,118.3,50000,5,1,0
POL-02956,CUST-91474,32,Manitoba,Whole Life,Annual,1,152.41,50000,3,1,0
POL-02957,CUST-35811,62,Alberta,Term Life,Monthly,0,149.41,50000,6,1,0
POL-02958,CUST-61210,32,Alberta,Term Life,Monthly,0,114.34,50000,13,0,0
POL-02959,CUST-67245,27,British Columbia,Whole Life,Monthly,1,142.25,50000,11,2,1
POL-02960,CUST-37641,32,Saskatchewan,Critical Illness,Monthly,0,81.77,50000,4,1,0
POL-02961,CUST-67982,62,Quebec,Universal Life,Monthly,0,155.06,50000,5,0,0
POL-02962,CUST-59036,42,Saskatchewan,Term Life,Annual,0,108.87,50000,10,1,0
POL-02963,CUST-87123,37,Alberta,Universal Life,Monthly,0,93.58,50000,9,1,0
POL-02964,CUST-88400,37,Ontario,Term Life,Annual,0,121.1,50000,7,0,0
POL-02965,CUST-93547,42,British Columbia,Critical Illness,Monthly,0,126.28,50000,7,0,0
POL-02966,CUST-61647,57,Ontario,Term Life,Annual,0,150.76,50000,15,0,0
POL-02967,CUST-15012,42,British Columbia,Term Life,Monthly,0,107.57,50000,8,1,0
POL-02968,CUST-78872,57,British Columbia,Whole Life,Monthly,1,185.13,50000,12,0,0
POL-02969,CUST-47148,37,Ontario,Term Life,Monthly,0,95.87,50000,15,0,0
POL-02970,CUST-71898,37,British Columbia,Term Life,Monthly,0,112.53,50000,6,1,0
POL-02971,CUST-70041,42,Manitoba,Whole Life,Monthly,1,147.66,50000,12,0,0
POL-02972,CUST-18778,47,Ontario,Universal Life,Monthly,0,142.21,50000,13,0,0
POL-02973,CUST-27248,67,Alberta,Universal Life,Annual,1,196.24,50000,4,0,0
POL-02974,CUST-78207,67,Saskatchewan,Term Life,Monthly,1,203.37,50000,4,1,0
POL-02975,CUST-60005,57,Ontario,Term Life,Monthly,0,150.4,50000,3,0,0
POL-02976,CUST-28772,27,Quebec,Whole Life,Monthly,1,127.69,50000,10,0,0
POL-02977,CUST-86689,52,Ontario,Whole Life,Annual,0,139.86,50000,12,0,0
POL-02978,CUST-88348,32,Quebec,Term Life,Monthly,0,106.25,50000,12,0,0
POL-02979,CUST-30051,42,Quebec,Critical Illness,Monthly,0,109.84,50000,6,1,0
POL-02980,CUST-37868,62,Saskatchewan,Critical Illness,Monthly,0,161.44,50000,11,0,0
POL-02981,CUST-27434,57,Ontario,Term Life,Monthly,0,157.97,50000,1,0,1
POL-02982,CUST-60782,52,British Columbia,Universal Life,Monthly,0,143.37,50000,10,1,0
POL-02983,CUST-79120,27,Alberta,Whole Life,Monthly,0,89.35,50000,8,0,1
POL-02984,CUST-35716,57,Ontario,Term Life,Monthly,0,149.69,50000,13,0,1
POL-02985,CUST-11633,37,Alberta,Whole Life,Annual,1,142.23,50000,15,1,0
POL-02986,CUST-10767,57,British Columbia,Term Life,Monthly,1,181.18,50000,9,0,0
POL-02987,CUST-33699,52,Alberta,Term Life,Monthly,0,124.35,50000,10,0,0
POL-02988,CUST-80211,27,Ontario,Critical Illness,Monthly,0,110.16,50000,14,0,0
POL-02989,CUST-42613,57,Alberta,Whole Life,Annual,0,170.83,50000,6,1,0
POL-02990,CUST-74337,57,Ontario,Term Life,Monthly,0,139.15,50000,3,1,0
POL-02991,CUST-91617,57,Quebec,Whole Life,Monthly,0,157.03,50000,8,0,0
POL-02992,CUST-93127,47,Quebec,Critical Illness,Annual,0,147.09,50000,6,0,0
POL-02993,CUST-37940,47,British Columbia,Whole Life,Monthly,1,153.11,50000,10,0,0
POL-02994,CUST-61524,37,Ontario,Critical Illness,Monthly,0,85.7,50000,12,0,0
POL-02995,CUST-75557,62,Ontario,Critical Illness,Monthly,1,209.8,50000,8,2,1
POL-02996,CUST-26933,27,Manitoba,Term Life,Monthly,1,128.48,50000,5,1,0
POL-02997,CUST-72614,67,Ontario,Universal Life,Monthly,0,159.37,50000,9,0,0
POL-02998,CUST-25375,67,British Columbia,Universal Life,Monthly,0,166.17,50000,7,0,0
POL-02999,CUST-60850,37,Saskatchewan,Universal Life,Monthly,0,107.17,50000,3,1,1
POL-03000,CUST-45036,52,Alberta,Term Life,Monthly,1,209.11,50000,12,0,0
POL-03001,CUST-44457,42,Quebec,Term Life,Annual,0,114.23,50000,5,0,0
POL-03002,CUST-39758,32,Ontario,Term Life,Monthly,0,106.53,50000,9,0,1
POL-03003,CUST-54021,37,British Columbia,Whole Life,Annual,1,162.11,50000,14,0,0
POL-03004,CUST-46721,32,Quebec,Universal Life,Monthly,0,118.05,50000,3,0,0
POL-03005,CUST-33469,57,Alberta,Universal Life,Annual,0,160.75,50000,7,2,0
POL-03006,CUST-30246,67,Quebec,Whole Life,Annual,0,160.49,50000,3,2,1
POL-03007,CUST-53842,47,Ontario,Term Life,Monthly,0,127.77,50000,7,0,0
POL-03008,CUST-98977,67,Alberta,Term Life,Monthly,1,174.51,50000,5,1,0
POL-03009,CUST-68575,42,Alberta,Universal Life,Monthly,0,119.71,50000,14,0,0
POL-03010,CUST-17713,37,Quebec,Whole Life,Monthly,0,111.99,50000,5,1,0
POL-03011,CUST-16500,57,British Columbia,Universal Life,Monthly,0,156.5,50000,10,1,1
POL-03012,CUST-76523,52,Saskatchewan,Term Life,Annual,0,160.15,50000,3,0,0
POL-03013,CUST-59136,42,Quebec,Whole Life,Monthly,0,129.14,50000,7,0,0
POL-03014,CUST-61086,32,Quebec,Critical Illness,Monthly,1,150.45,50000,13,1,0
POL-03015,CUST-43481,52,British Columbia,Term Life,Monthly,0,138.39,50000,11,1,0
POL-03016,CUST-60005,57,Quebec,Term Life,Monthly,0,163.01,50000,5,0,0
POL-03017,CUST-62707,32,Saskatchewan,Universal Life,Monthly,1,137.73,50000,15,0,0
POL-03018,CUST-65199,37,Alberta,Whole Life,Monthly,1,160.29,50000,13,2,1
POL-03019,CUST-94897,27,British Columbia,Critical Illness,Annual,0,103.25,50000,7,0,0
POL-03020,CUST-91363,57,British Columbia,Critical Illness,Monthly,1,187.31,50000,15,0,0
POL-03021,CUST-85190,57,Manitoba,Universal Life,Monthly,0,129.11,50000,3,1,0
POL-03022,CUST-70762,52,Quebec,Term Life,Monthly,0,151.72,50000,5,0,0
POL-03023,CUST-71733,32,Manitoba,Whole Life,Monthly,0,107.14,50000,14,0,0
POL-03024,CUST-34377,57,Ontario,Critical Illness,Monthly,0,156.03,50000,15,1,0
POL-03025,CUST-87739,47,British Columbia,Whole Life,Monthly,0,133.36,50000,13,1,1
POL-03026,CUST-34231,27,Alberta,Critical Illness,Monthly,1,134.43,50000,3,0,0
POL-03027,CUST-21121,37,British Columbia,Universal Life,Annual,0,127.21,50000,4,0,0
POL-03028,CUST-84528,32,Saskatchewan,Term Life,Monthly,0,96.91,50000,10,1,0
POL-03029,CUST-47186,32,Ontario,Whole Life,Monthly,1,143.21,50000,1,0,0
POL-03030,CUST-53026,32,Manitoba,Universal Life,Annual,0,93.27,50000,15,0,0
POL-03031,CUST-66722,27,Quebec,Term Life,Annual,0,100.52,50000,15,0,0
POL-03032,CUST-73437,32,Alberta,Term Life,Monthly,0,105.62,50000,13,0,0
POL-03033,CUST-17176,42,British Columbia,Universal Life,Annual,0,113.03,50000,15,1,0
POL-03034,CUST-43831,47,British Columbia,Term Life,Annual,0,130.72,50000,4,1,0
POL-03035,CUST-80708,52,Saskatchewan,Term Life,Monthly,0,131.78,50000,14,2,0
POL-03036,CUST-76435,62,Quebec,Universal Life,Monthly,0,152.06,50000,4,0,0
POL-03037,CUST-66632,32,Ontario,Universal Life,Monthly,0,106.86,50000,2,2,1
POL-03038,CUST-48168,57,Alberta,Whole Life,Monthly,0,150.82,50000,4,2,0
POL-03039,CUST-41928,62,British Columbia,Critical Illness,Annual,0,133.55,50000,12,0,0
POL-03040,CUST-54383,47,Ontario,Critical Illness,Monthly,0,134.05,50000,15,0,0
POL-03041,CUST-26335,62,Manitoba,Whole Life,Monthly,0,152.96,50000,10,0,0
POL-03042,CUST-93558,32,Saskatchewan,Term Life,Monthly,1,132.63,50000,4,2,1
POL-03043,CUST-26996,57,Quebec,Universal Life,Monthly,0,134.07,50000,10,0,0
POL-03044,CUST-54537,32,Manitoba,Term Life,Annual,0,102.06,50000,8,0,0
POL-03045,CUST-78124,52,Quebec,Universal Life,Monthly,0,132.32,50000,8,0,0
POL-03046,CUST-30234,57,Saskatchewan,Whole Life,Monthly,0,162.88,50000,6,1,0
POL-03047,CUST-98940,52,Manitoba,Term Life,Monthly,0,117.61,50000,3,0,0
POL-03048,CUST-57827,57,Ontario,Whole Life,Annual,0,136.03,50000,6,0,0
POL-03049,CUST-24208,62,Saskatchewan,Whole Life,Monthly,1,179.22,50000,14,1,0
POL-03050,CUST-10768,62,British Columbia,Critical Illness,Monthly,0,159.7,50000,7,0,0
POL-03051,CUST-38036,52,Saskatchewan,Term Life,Monthly,0,152.68,50000,1,2,0
POL-03052,CUST-35104,57,Alberta,Critical Illness,Monthly,0,153.64,50000,6,0,0
POL-03053,CUST-14474,62,Ontario,Term Life,Monthly,0,143.46,50000,7,0,0
POL-03054,CUST-64373,57,Quebec,Universal Life,Monthly,0,142.45,50000,9,0,0
POL-03055,CUST-56534,27,Ontario,Critical Illness,Monthly,0,83.89,50000,10,0,0
POL-03056,CUST-16385,62,Manitoba,Term Life,Annual,0,162.69,50000,7,0,0
POL-03057,CUST-84684,32,Ontario,Term Life,Monthly,0,97.21,50000,3,0,0
POL-03058,CUST-50985,67,Alberta,Universal Life,Monthly,0,148.65,50000,7,0,0
POL-03059,CUST-63003,47,British Columbia,Universal Life,Annual,0,136.62,50000,1,1,1
POL-03060,CUST-63895,67,British Columbia,Term Life,Monthly,1,215.76,50000,8,0,0
POL-03061,CUST-85406,37,Ontario,Whole Life,Annual,1,144.46,50000,7,0,0
POL-03062,CUST-30385,57,Manitoba,Universal Life,Monthly,0,149.04,50000,6,0,0
POL-03063,CUST-13765,37,British Columbia,Term Life,Annual,1,128.52,50000,10,0,0
POL-03064,CUST-29603,37,Saskatchewan,Whole Life,Monthly,1,121.89,50000,12,0,0
POL-03065,CUST-71282,52,Manitoba,Whole Life,Annual,0,116.41,50000,4,3,1
POL-03066,CUST-70190,52,Manitoba,Term Life,Annual,0,138.06,50000,8,1,0
POL-03067,CUST-37958,52,Manitoba,Universal Life,Monthly,0,134.9,50000,8,0,0
POL-03068,CUST-97676,32,British Columbia,Term Life,Monthly,0,109.15,50000,8,0,0
POL-03069,CUST-72154,27,Quebec,Critical Illness,Monthly,1,126.23,50000,7,0,0
POL-03070,CUST-37660,47,Manitoba,Whole Life,Monthly,0,141.45,50000,4,0,1
POL-03071,CUST-98604,32,Alberta,Whole Life,Annual,0,113.07,50000,3,1,0
POL-03072,CUST-28694,57,Saskatchewan,Whole Life,Monthly,0,143.73,50000,1,1,1
POL-03073,CUST-12721,47,Quebec,Whole Life,Annual,0,117.56,50000,1,0,0
POL-03074,CUST-98560,57,Quebec,Universal Life,Monthly,0,124.61,50000,13,0,0
POL-03075,CUST-49364,52,Saskatchewan,Universal Life,Monthly,0,155.8,50000,2,0,0
POL-03076,CUST-85118,42,Saskatchewan,Universal Life,Annual,0,109.29,50000,13,1,1
POL-03077,CUST-87269,32,Manitoba,Whole Life,Monthly,0,84.64,50000,14,0,0
POL-03078,CUST-94238,27,Ontario,Term Life,Monthly,0,95.16,50000,4,0,0
POL-03079,CUST-78373,27,Ontario,Term Life,Monthly,0,75.75,50000,7,1,0
POL-03080,CUST-14148,42,British Columbia,Universal Life,Monthly,0,122.15,50000,6,0,0
POL-03081,CUST-59048,32,British Columbia,Whole Life,Monthly,0,98.56,50000,6,1,0
POL-03082,CUST-94023,62,Alberta,Whole Life,Monthly,0,167.68,50000,6,0,0
POL-03083,CUST-78850,57,Ontario,Whole Life,Monthly,0,157.64,50000,6,0,0
POL-03084,CUST-85448,67,Quebec,Whole Life,Annual,0,178.84,50000,11,0,0
POL-03085,CUST-80824,32,Quebec,Universal Life,Monthly,0,105.08,50000,7,0,0
POL-03086,CUST-36971,62,British Columbia,Whole Life,Monthly,0,146.3,50000,3,0,0
POL-03087,CUST-79814,42,British Columbia,Critical Illness,Monthly,0,108.16,50000,6,0,0
POL-03088,CUST-66179,52,Manitoba,Term Life,Monthly,0,132.23,50000,15,0,0
POL-03089,CUST-62224,47,Ontario,Whole Life,Annual,0,153.53,50000,15,0,0
POL-03090,CUST-25494,27,Saskatchewan,Term Life,Monthly,0,90.61,50000,1,0,0
POL-03091,CUST-19750,42,Saskatchewan,Universal Life,Monthly,0,122.53,50000,9,0,0
POL-03092,CUST-47593,27,Saskatchewan,Whole Life,Monthly,0,111.82,50000,15,1,1
POL-03093,CUST-32246,57,Saskatchewan,Whole Life,Monthly,1,185.66,50000,3,1,1
POL-03094,CUST-64219,52,Saskatchewan,Universal Life,Monthly,0,129.62,50000,2,0,0
POL-03095,CUST-38371,32,Manitoba,Whole Life,Monthly,0,111.36,50000,4,0,0
POL-03096,CUST-19928,57,Alberta,Term Life,Monthly,1,177.46,50000,5,1,0
POL-03097,CUST-13070,57,Alberta,Whole Life,Monthly,0,151.07,50000,15,1,1
POL-03098,CUST-96983,27,Manitoba,Term Life,Monthly,0,99.75,50000,4,0,0
POL-03099,CUST-19711,27,British Columbia,Critical Illness,Monthly,0,87.67,50000,5,1,1
POL-03100,CUST-93623,67,British Columbia,Universal Life,Monthly,0,167.84,50000,4,1,0
POL-03101,CUST-60430,37,Saskatchewan,Universal Life,Monthly,1,165.8,50000,6,0,0
POL-03102,CUST-88062,57,British Columbia,Critical Illness,Monthly,0,140.08,50000,15,0,0
POL-03103,CUST-91984,42,Saskatchewan,Universal Life,Monthly,1,171.4,50000,2,0,0
POL-03104,CUST-21569,52,Quebec,Whole Life,Monthly,0,131.51,50000,7,1,0
POL-03105,CUST-58748,27,Ontario,Term Life,Monthly,0,115.22,50000,10,0,0
POL-03106,CUST-70223,57,Quebec,Term Life,Monthly,0,137.33,50000,2,0,0
POL-03107,CUST-66793,37,British Columbia,Critical Illness,Monthly,0,106.87,50000,1,1,1
POL-03108,CUST-90137,57,Ontario,Critical Illness,Monthly,0,165.7,50000,15,0,0
POL-03109,CUST-25159,52,British Columbia,Universal Life,Monthly,1,192.23,50000,5,2,0
POL-03110,CUST-22386,42,Saskatchewan,Term Life,Monthly,0,130.42,50000,4,1,1
POL-03111,CUST-85087,57,British Columbia,Term Life,Monthly,1,169.62,50000,6,1,1
POL-03112,CUST-68256,57,British Columbia,Critical Illness,Monthly,0,148.59,50000,2,1,1
POL-03113,CUST-92651,37,Quebec,Term Life,Monthly,0,111.61,50000,3,0,1
POL-03114,CUST-28376,52,Ontario,Whole Life,Monthly,0,128.33,50000,1,1,0
POL-03115,CUST-15094,67,Manitoba,Term Life,Annual,0,173.96,50000,9,0,0
POL-03116,CUST-72085,52,Ontario,Term Life,Annual,0,129.28,50000,7,0,0
POL-03117,CUST-78197,47,Alberta,Universal Life,Monthly,1,149.11,50000,5,0,0
POL-03118,CUST-68276,37,Quebec,Critical Illness,Monthly,1,127.15,50000,14,0,0
POL-03119,CUST-14351,42,British Columbia,Universal Life,Monthly,0,141.15,50000,5,0,0
POL-03120,CUST-88444,42,British Columbia,Whole Life,Annual,0,114.47,50000,1,0,0
POL-03121,CUST-32777,52,Alberta,Whole Life,Monthly,0,132.73,50000,2,0,0
POL-03122,CUST-53714,42,British Columbia,Critical Illness,Monthly,0,108.23,50000,11,1,0
POL-03123,CUST-12074,42,British Columbia,Whole Life,Annual,0,137.02,50000,8,0,0
POL-03124,CUST-78297,37,Manitoba,Whole Life,Monthly,0,95.04,50000,4,0,0
POL-03125,CUST-83519,62,British Columbia,Universal Life,Monthly,0,142.15,50000,4,1,0
POL-03126,CUST-27264,62,British Columbia,Term Life,Monthly,0,152.74,50000,4,0,0
POL-03127,CUST-17038,57,Ontario,Term Life,Monthly,1,182.34,50000,7,1,1
POL-03128,CUST-67835,37,Alberta,Critical Illness,Annual,0,119.5,50000,11,1,0
POL-03129,CUST-59888,37,Quebec,Whole Life,Monthly,1,138.49,50000,10,1,1
POL-03130,CUST-88914,57,Saskatchewan,Term Life,Monthly,0,166.13,50000,12,0,0
POL-03131,CUST-36410,32,Manitoba,Term Life,Monthly,0,94.57,50000,1,0,1
POL-03132,CUST-75068,37,Saskatchewan,Critical Illness,Monthly,0,99.5,50000,9,0,0
POL-03133,CUST-86300,42,Alberta,Whole Life,Annual,1,142.35,50000,12,1,0
POL-03134,CUST-89072,42,Alberta,Whole Life,Annual,0,111.31,50000,4,0,0
POL-03135,CUST-17611,52,Quebec,Term Life,Annual,0,124.58,50000,9,0,0
POL-03136,CUST-66680,52,Quebec,Critical Illness,Annual,0,147.61,50000,1,2,1
POL-03137,CUST-41043,37,Saskatchewan,Critical Illness,Monthly,0,99.59,50000,14,0,0
POL-03138,CUST-59626,57,Alberta,Whole Life,Monthly,0,146.01,50000,12,1,0
POL-03139,CUST-70356,32,Quebec,Term Life,Monthly,0,90.25,50000,10,0,0
POL-03140,CUST-92353,57,Manitoba,Universal Life,Monthly,1,168.51,50000,9,0,0
POL-03141,CUST-52252,42,British Columbia,Universal Life,Monthly,1,168.88,50000,11,1,1
POL-03142,CUST-39106,52,British Columbia,Universal Life,Monthly,0,157.83,50000,7,3,0
POL-03143,CUST-27252,67,Saskatchewan,Critical Illness,Monthly,0,180.83,50000,15,1,0
POL-03144,CUST-77351,42,Alberta,Whole Life,Annual,0,102.94,50000,4,1,0
POL-03145,CUST-40622,27,Quebec,Term Life,Monthly,0,77.61,50000,13,0,1
POL-03146,CUST-72373,47,Ontario,Whole Life,Monthly,0,153.34,50000,12,0,0
POL-03147,CUST-34065,52,Quebec,Universal Life,Annual,0,135.55,50000,13,0,0
POL-03148,CUST-83282,57,Quebec,Term Life,Monthly,0,131.1,50000,2,0,0
POL-03149,CUST-70101,47,Saskatchewan,Term Life,Monthly,0,142.59,50000,7,0,0
POL-03150,CUST-54786,42,British Columbia,Universal Life,Monthly,0,121.41,50000,10,0,0
POL-03151,CUST-99004,62,Alberta,Whole Life,Annual,0,163.43,50000,10,0,0
POL-03152,CUST-54423,32,Ontario,Universal Life,Annual,1,110.75,50000,11,0,0
POL-03153,CUST-58645,42,Manitoba,Term Life,Monthly,0,116.68,50000,10,0,0
POL-03154,CUST-13076,57,Alberta,Term Life,Monthly,0,158.99,50000,4,0,0
POL-03155,CUST-68326,47,British Columbia,Term Life,Monthly,0,121.92,50000,13,1,0
POL-03156,CUST-93825,52,British Columbia,Universal Life,Monthly,0,153.42,50000,8,0,0
POL-03157,CUST-62378,42,Alberta,Universal Life,Annual,0,104.8,50000,15,0,0
POL-03158,CUST-44857,67,Alberta,Whole Life,Monthly,0,164.25,50000,8,0,0
POL-03159,CUST-68220,52,Saskatchewan,Whole Life,Annual,0,158.34,50000,9,0,0
POL-03160,CUST-59681,32,British Columbia,Term Life,Annual,0,88.79,50000,9,0,0
POL-03161,CUST-29090,52,Saskatchewan,Universal Life,Monthly,0,141.86,50000,14,1,1
POL-03162,CUST-27839,27,Saskatchewan,Critical Illness,Annual,0,100.62,50000,14,1,1
POL-03163,CUST-90749,37,Alberta,Universal Life,Monthly,0,112.7,50000,9,1,0
POL-03164,CUST-65458,32,Quebec,Term Life,Monthly,1,134.6,50000,9,2,0
POL-03165,CUST-89809,42,Ontario,Whole Life,Annual,1,145.08,50000,1,0,0
POL-03166,CUST-41149,37,Quebec,Term Life,Monthly,1,148.96,50000,2,0,0
POL-03167,CUST-96001,27,Alberta,Term Life,Annual,1,127.37,50000,12,0,0
POL-03168,CUST-62654,42,British Columbia,Term Life,Monthly,0,103.36,50000,6,0,0
POL-03169,CUST-87978,57,Alberta,Term Life,Monthly,0,160.8,50000,7,1,0
POL-03170,CUST-76179,62,Ontario,Term Life,Annual,0,145.68,50000,10,0,0
POL-03171,CUST-93501,32,Saskatchewan,Universal Life,Monthly,0,85.68,50000,4,0,0
POL-03172,CUST-64898,37,Quebec,Term Life,Monthly,1,139.45,50000,5,0,0
POL-03173,CUST-79331,47,Quebec,Universal Life,Monthly,0,118.89,50000,1,1,0
POL-03174,CUST-12756,37,Saskatchewan,Critical Illness,Monthly,0,108.5,50000,12,0,0
POL-03175,CUST-58253,52,Quebec,Whole Life,Monthly,0,123.69,50000,8,0,0
POL-03176,CUST-82546,62,Alberta,Whole Life,Annual,1,196.98,50000,3,1,0
POL-03177,CUST-83636,42,Saskatchewan,Universal Life,Monthly,0,137.17,50000,9,1,1
POL-03178,CUST-60477,27,Manitoba,Term Life,Annual,0,94.87,50000,3,1,0
POL-03179,CUST-95061,32,Alberta,Whole Life,Annual,0,85.27,50000,12,2,0
POL-03180,CUST-31455,52,Ontario,Whole Life,Monthly,0,127.64,50000,4,0,0
POL-03181,CUST-81488,52,Saskatchewan,Universal Life,Monthly,0,141.26,50000,5,1,0
POL-03182,CUST-39129,47,British Columbia,Universal Life,Monthly,0,106.0,50000,14,1,0
POL-03183,CUST-33282,57,Manitoba,Universal Life,Annual,0,132.81,50000,12,0,0
POL-03184,CUST-82992,42,British Columbia,Universal Life,Monthly,0,100.83,50000,11,0,0
POL-03185,CUST-82606,47,Alberta,Whole Life,Monthly,0,130.99,50000,10,0,0
POL-03186,CUST-94264,62,Alberta,Universal Life,Annual,1,217.55,50000,8,0,0
POL-03187,CUST-48529,37,Quebec,Critical Illness,Monthly,0,96.47,50000,3,0,0
POL-03188,CUST-83210,47,Saskatchewan,Whole Life,Monthly,0,139.4,50000,5,1,0
POL-03189,CUST-79170,37,Alberta,Critical Illness,Annual,0,104.83,50000,15,1,0
POL-03190,CUST-89762,42,British Columbia,Critical Illness,Monthly,1,139.76,50000,14,0,0
POL-03191,CUST-38138,42,British Columbia,Whole Life,Monthly,0,139.37,50000,11,0,0
POL-03192,CUST-54088,32,Alberta,Term Life,Monthly,0,128.52,50000,14,0,0
POL-03193,CUST-73687,57,Ontario,Term Life,Annual,1,187.54,50000,13,0,0
POL-03194,CUST-47508,47,Quebec,Universal Life,Annual,0,133.95,50000,6,1,0
POL-03195,CUST-99908,27,Ontario,Term Life,Annual,0,94.35,50000,11,0,1
POL-03196,CUST-83693,62,Manitoba,Whole Life,Annual,0,154.82,50000,12,0,0
POL-03197,CUST-11923,42,Ontario,Whole Life,Monthly,0,124.68,50000,3,0,0
POL-03198,CUST-45511,52,Alberta,Critical Illness,Monthly,1,181.71,50000,14,0,0
POL-03199,CUST-58319,37,Alberta,Universal Life,Monthly,0,131.56,50000,8,0,0
POL-03200,CUST-73526,27,Saskatchewan,Universal Life,Annual,1,122.33,50000,5,0,0
POL-03201,CUST-58556,32,Quebec,Whole Life,Annual,1,139.13,50000,8,0,0
POL-03202,CUST-65173,62,Saskatchewan,Term Life,Monthly,0,155.54,50000,5,0,0
POL-03203,CUST-62585,27,Saskatchewan,Universal Life,Annual,0,105.89,50000,5,0,0
POL-03204,CUST-23759,47,Ontario,Term Life,Monthly,0,158.4,50000,9,0,0
POL-03205,CUST-41984,37,Saskatchewan,Whole Life,Monthly,1,159.3,50000,15,1,0
POL-03206,CUST-37779,37,Manitoba,Critical Illness,Monthly,0,121.18,50000,7,0,0
POL-03207,CUST-43353,47,Alberta,Whole Life,Annual,0,140.49,50000,4,1,0
POL-03208,CUST-29122,47,Alberta,Whole Life,Monthly,1,179.81,50000,12,1,0
POL-03209,CUST-96025,52,Alberta,Universal Life,Monthly,0,167.57,50000,5,0,0
POL-03210,CUST-21292,37,Alberta,Universal Life,Annual,1,126.38,50000,9,1,0
POL-03211,CUST-39926,67,Manitoba,Whole Life,Monthly,0,172.8,50000,4,1,0
POL-03212,CUST-47815,67,Quebec,Whole Life,Monthly,0,134.63,50000,4,0,0
POL-03213,CUST-66013,47,Quebec,Term Life,Monthly,0,141.02,50000,4,0,0
POL-03214,CUST-27856,27,Ontario,Whole Life,Monthly,0,100.21,50000,6,0,0
POL-03215,CUST-73738,47,Alberta,Term Life,Monthly,0,123.04,50000,15,0,0
POL-03216,CUST-16431,62,Quebec,Whole Life,Monthly,0,124.56,50000,11,0,1
POL-03217,CUST-15264,57,Manitoba,Universal Life,Annual,0,147.43,50000,11,0,0
POL-03218,CUST-28625,42,Alberta,Term Life,Monthly,1,158.27,50000,1,0,0
POL-03219,CUST-29852,47,British Columbia,Whole Life,Monthly,0,128.84,50000,1,0,0
POL-03220,CUST-65699,37,British Columbia,Term Life,Annual,0,104.14,50000,6,0,0
POL-03221,CUST-82576,42,British Columbia,Term Life,Monthly,0,109.84,50000,14,0,0
POL-03222,CUST-82757,27,Quebec,Term Life,Annual,0,92.98,50000,1,0,0
POL-03223,CUST-26245,42,Quebec,Term Life,Annual,0,110.98,50000,12,0,0
POL-03224,CUST-51662,32,Quebec,Critical Illness,Annual,0,112.31,50000,13,0,0
POL-03225,CUST-25598,42,Alberta,Critical Illness,Monthly,0,119.66,50000,5,1,1
POL-03226,CUST-64839,42,Quebec,Universal Life,Monthly,0,99.9,50000,2,0,0
POL-03227,CUST-32647,62,Quebec,Whole Life,Monthly,0,158.72,50000,3,1,0
POL-03228,CUST-68540,47,British Columbia,Universal Life,Annual,1,169.57,50000,2,0,0
POL-03229,CUST-79653,47,Ontario,Critical Illness,Annual,0,149.02,50000,13,0,0
POL-03230,CUST-68629,67,Manitoba,Whole Life,Monthly,0,176.74,50000,12,1,0
POL-03231,CUST-10738,47,Manitoba,Term Life,Monthly,0,118.82,50000,11,0,0
POL-03232,CUST-98816,52,Alberta,Universal Life,Monthly,1,190.71,50000,2,0,0
POL-03233,CUST-50813,42,Ontario,Critical Illness,Monthly,1,138.97,50000,15,0,0
POL-03234,CUST-64806,67,Alberta,Term Life,Annual,0,165.94,50000,11,0,1
POL-03235,CUST-71760,47,Alberta,Whole Life,Annual,0,138.65,50000,13,2,0
POL-03236,CUST-59160,27,Alberta,Term Life,Monthly,0,111.1,50000,6,2,0
POL-03237,CUST-96123,42,Saskatchewan,Term Life,Annual,0,143.27,50000,3,2,0
POL-03238,CUST-88005,57,British Columbia,Universal Life,Monthly,0,162.9,50000,13,0,0
POL-03239,CUST-69114,62,Manitoba,Term Life,Monthly,0,154.96,50000,1,0,0
POL-03240,CUST-65884,42,British Columbia,Critical Illness,Monthly,0,127.56,50000,3,0,0
POL-03241,CUST-41463,57,Saskatchewan,Universal Life,Monthly,1,185.29,50000,3,3,0
POL-03242,CUST-51232,62,Ontario,Term Life,Annual,0,148.09,50000,2,0,0
POL-03243,CUST-10515,32,Saskatchewan,Universal Life,Monthly,0,101.21,50000,9,0,0
POL-03244,CUST-76816,47,British Columbia,Universal Life,Monthly,0,151.17,50000,4,0,0
POL-03245,CUST-21809,67,Alberta,Whole Life,Monthly,1,208.35,50000,15,0,1
POL-03246,CUST-30180,47,Ontario,Whole Life,Monthly,0,154.31,50000,14,1,0
POL-03247,CUST-61858,32,Manitoba,Universal Life,Monthly,0,89.61,50000,3,0,0
POL-03248,CUST-70528,42,Quebec,Whole Life,Monthly,0,116.02,50000,13,0,0
POL-03249,CUST-13008,57,Saskatchewan,Term Life,Monthly,0,152.58,50000,1,0,1
POL-03250,CUST-79049,42,Manitoba,Term Life,Monthly,0,129.51,50000,5,1,1
POL-03251,CUST-22468,67,Saskatchewan,Term Life,Annual,1,199.2,50000,10,0,0
POL-03252,CUST-67470,37,Ontario,Universal Life,Monthly,0,121.21,50000,4,1,0
POL-03253,CUST-80118,32,British Columbia,Term Life,Monthly,0,112.12,50000,2,0,0
POL-03254,CUST-26896,62,Manitoba,Whole Life,Monthly,0,139.94,50000,3,0,0
POL-03255,CUST-45967,27,Alberta,Whole Life,Monthly,0,102.64,50000,10,2,0
POL-03256,CUST-56349,62,Quebec,Universal Life,Monthly,1,204.48,50000,4,1,1
POL-03257,CUST-59575,62,Alberta,Whole Life,Monthly,0,160.15,50000,4,1,0
POL-03258,CUST-82894,27,British Columbia,Critical Illness,Monthly,0,71.52,50000,4,0,0
POL-03259,CUST-95909,42,Ontario,Critical Illness,Monthly,0,117.28,50000,14,0,0
POL-03260,CUST-46246,57,Alberta,Term Life,Monthly,0,152.86,50000,14,1,0
POL-03261,CUST-63568,47,Alberta,Universal Life,Annual,1,154.21,50000,13,0,0
POL-03262,CUST-93498,62,Quebec,Term Life,Monthly,0,167.62,50000,1,1,0
POL-03263,CUST-64501,27,Alberta,Universal Life,Monthly,1,137.36,50000,4,0,1
POL-03264,CUST-14333,42,Manitoba,Whole Life,Monthly,0,122.21,50000,14,1,0
POL-03265,CUST-37863,47,Manitoba,Term Life,Monthly,1,164.81,50000,9,0,0
POL-03266,CUST-69855,27,British Columbia,Term Life,Monthly,1,130.91,50000,1,0,0
POL-03267,CUST-98693,42,British Columbia,Whole Life,Annual,0,120.55,50000,4,0,0
POL-03268,CUST-30957,32,Quebec,Universal Life,Monthly,0,87.17,50000,13,0,0
POL-03269,CUST-29387,52,Saskatchewan,Universal Life,Monthly,0,133.44,50000,14,0,0
POL-03270,CUST-68384,62,Alberta,Term Life,Annual,0,157.47,50000,7,0,0
POL-03271,CUST-20420,67,Saskatchewan,Term Life,Monthly,0,182.62,50000,3,0,0
POL-03272,CUST-95440,42,Ontario,Whole Life,Monthly,0,128.9,50000,2,1,0
POL-03273,CUST-91960,47,Ontario,Whole Life,Monthly,1,182.27,50000,4,2,0
POL-03274,CUST-61747,67,Quebec,Term Life,Monthly,0,148.74,50000,12,0,0
POL-03275,CUST-40531,62,Quebec,Term Life,Annual,1,187.33,50000,13,0,0
POL-03276,CUST-49321,32,Quebec,Critical Illness,Monthly,0,127.49,50000,4,0,0
POL-03277,CUST-59761,52,Manitoba,Whole Life,Annual,0,129.68,50000,15,0,0
POL-03278,CUST-87278,27,Ontario,Universal Life,Monthly,0,84.44,50000,14,0,0
POL-03279,CUST-74993,47,British Columbia,Whole Life,Monthly,0,126.34,50000,15,1,0
POL-03280,CUST-51723,32,Alberta,Whole Life,Monthly,0,126.82,50000,12,0,0
POL-03281,CUST-67365,32,Ontario,Whole Life,Monthly,0,94.54,50000,9,2,1
POL-03282,CUST-60781,42,Alberta,Term Life,Monthly,1,162.29,50000,15,0,0
POL-03283,CUST-20637,37,British Columbia,Term Life,Monthly,0,116.3,50000,11,0,0
POL-03284,CUST-37636,32,Alberta,Critical Illness,Monthly,0,79.46,50000,13,0,0
POL-03285,CUST-28347,37,British Columbia,Critical Illness,Monthly,0,111.41,50000,7,0,0
POL-03286,CUST-59439,57,Ontario,Universal Life,Annual,0,140.96,50000,4,0,0
POL-03287,CUST-97305,27,Ontario,Term Life,Monthly,0,101.74,50000,9,1,0
POL-03288,CUST-74421,52,Manitoba,Term Life,Monthly,1,194.47,50000,7,1,0
POL-03289,CUST-69576,52,Alberta,Term Life,Annual,0,134.47,50000,6,0,0
POL-03290,CUST-55835,37,Manitoba,Critical Illness,Monthly,0,107.46,50000,11,1,0
POL-03291,CUST-41854,47,Manitoba,Universal Life,Annual,0,159.81,50000,10,0,0
POL-03292,CUST-28975,27,Quebec,Whole Life,Annual,1,120.06,50000,5,0,0
POL-03293,CUST-91710,67,Ontario,Critical Illness,Monthly,0,149.48,50000,4,0,0
POL-03294,CUST-11768,42,Manitoba,Term Life,Monthly,0,137.13,50000,9,0,1
POL-03295,CUST-91920,47,Manitoba,Whole Life,Monthly,0,128.99,50000,5,1,0
POL-03296,CUST-29618,57,Saskatchewan,Term Life,Monthly,0,151.0,50000,4,2,0
POL-03297,CUST-82254,62,Quebec,Term Life,Monthly,0,183.38,50000,4,1,0
POL-03298,CUST-86522,37,Manitoba,Critical Illness,Monthly,0,94.76,50000,10,0,0
POL-03299,CUST-92539,32,Manitoba,Critical Illness,Annual,0,100.25,50000,7,1,0
POL-03300,CUST-96330,27,Alberta,Term Life,Monthly,0,78.76,50000,6,0,0
POL-03301,CUST-55226,52,Saskatchewan,Term Life,Monthly,1,177.62,50000,2,0,1
POL-03302,CUST-60617,57,British Columbia,Whole Life,Monthly,1,175.96,50000,1,0,0
POL-03303,CUST-12856,42,British Columbia,Term Life,Annual,0,106.52,50000,11,0,0
POL-03304,CUST-84615,52,Saskatchewan,Whole Life,Annual,0,147.39,50000,15,1,0
POL-03305,CUST-62282,62,Quebec,Whole Life,Annual,1,191.72,50000,5,0,0
POL-03306,CUST-14228,27,Alberta,Term Life,Annual,0,78.58,50000,13,0,0
POL-03307,CUST-41182,52,Alberta,Term Life,Monthly,1,159.32,50000,10,0,0
POL-03308,CUST-86822,27,Alberta,Term Life,Monthly,0,96.09,50000,5,0,0
POL-03309,CUST-44569,62,Ontario,Critical Illness,Monthly,0,136.55,50000,9,0,0
POL-03310,CUST-35847,52,Alberta,Term Life,Monthly,0,141.33,50000,2,1,0
POL-03311,CUST-34458,37,Saskatchewan,Whole Life,Monthly,1,162.67,50000,6,0,0
POL-03312,CUST-25790,42,Saskatchewan,Term Life,Monthly,0,128.6,50000,12,0,0
POL-03313,CUST-58632,37,Ontario,Universal Life,Annual,0,104.12,50000,13,0,0
POL-03314,CUST-34937,27,Ontario,Term Life,Monthly,0,96.89,50000,4,0,0
POL-03315,CUST-62499,67,British Columbia,Term Life,Annual,1,185.58,50000,14,0,0
POL-03316,CUST-54821,32,Alberta,Universal Life,Monthly,0,104.24,50000,10,0,0
POL-03317,CUST-68640,37,Quebec,Universal Life,Monthly,1,142.68,50000,4,0,0
POL-03318,CUST-62879,32,Alberta,Term Life,Monthly,0,90.13,50000,12,0,0
POL-03319,CUST-15330,27,Alberta,Term Life,Annual,1,136.08,50000,14,0,0
POL-03320,CUST-10626,57,British Columbia,Critical Illness,Annual,0,123.87,50000,5,0,0
POL-03321,CUST-37354,37,Alberta,Term Life,Monthly,0,97.37,50000,2,0,1
POL-03322,CUST-40870,62,Manitoba,Term Life,Monthly,0,143.81,50000,5,1,1
POL-03323,CUST-50630,47,Quebec,Whole Life,Monthly,0,123.54,50000,12,1,0
POL-03324,CUST-73401,67,Quebec,Term Life,Monthly,0,181.19,50000,1,0,1
POL-03325,CUST-97467,27,Ontario,Whole Life,Monthly,0,102.65,50000,5,0,0
POL-03326,CUST-77527,42,Saskatchewan,Universal Life,Monthly,0,121.86,50000,5,1,0
POL-03327,CUST-42950,67,Manitoba,Whole Life,Annual,1,201.3,50000,1,1,0
POL-03328,CUST-31094,37,Saskatchewan,Whole Life,Monthly,0,111.46,50000,9,0,0
POL-03329,CUST-42053,42,Ontario,Whole Life,Monthly,1,172.06,50000,13,0,0
POL-03330,CUST-32182,47,British Columbia,Universal Life,Annual,0,107.81,50000,3,0,0
POL-03331,CUST-60419,52,Saskatchewan,Term Life,Monthly,0,147.86,50000,14,1,0
POL-03332,CUST-71169,27,British Columbia,Term Life,Annual,0,87.5,50000,15,1,0
POL-03333,CUST-33591,27,Alberta,Universal Life,Monthly,0,99.64,50000,14,1,0
POL-03334,CUST-64861,27,British Columbia,Term Life,Monthly,0,99.69,50000,11,0,0
POL-03335,CUST-43284,32,Manitoba,Term Life,Annual,0,111.4,50000,7,0,0
POL-03336,CUST-54744,57,Manitoba,Term Life,Monthly,0,166.6,50000,4,1,0
POL-03337,CUST-31449,37,Ontario,Universal Life,Annual,0,95.15,50000,14,1,0
POL-03338,CUST-59187,52,Saskatchewan,Term Life,Annual,1,185.67,50000,8,0,1
POL-03339,CUST-18192,32,British Columbia,Universal Life,Monthly,1,136.83,50000,7,0,0
POL-03340,CUST-54950,32,Ontario,Universal Life,Monthly,0,97.07,50000,6,1,0
POL-03341,CUST-50175,47,Manitoba,Whole Life,Monthly,0,154.01,50000,4,1,0
POL-03342,CUST-46648,52,Quebec,Term Life,Monthly,0,147.02,50000,6,1,0
POL-03343,CUST-91196,57,Alberta,Universal Life,Monthly,0,142.59,50000,12,0,0
POL-03344,CUST-80907,57,Alberta,Term Life,Annual,0,159.09,50000,9,0,0
POL-03345,CUST-61583,52,Ontario,Critical Illness,Monthly,0,138.05,50000,6,0,0
POL-03346,CUST-89971,32,Quebec,Universal Life,Monthly,0,97.41,50000,2,0,0
POL-03347,CUST-69270,57,Quebec,Term Life,Monthly,0,140.33,50000,7,1,0
POL-03348,CUST-67585,47,Ontario,Universal Life,Annual,0,133.25,50000,4,0,0
POL-03349,CUST-53289,57,Quebec,Whole Life,Annual,0,140.23,50000,6,0,0
POL-03350,CUST-34276,52,Manitoba,Whole Life,Monthly,0,140.47,50000,3,1,0
POL-03351,CUST-36930,52,Alberta,Whole Life,Monthly,1,184.24,50000,15,1,0
POL-03352,CUST-97697,67,Alberta,Whole Life,Annual,0,166.93,50000,3,0,0
POL-03353,CUST-71054,57,Alberta,Universal Life,Monthly,0,171.32,50000,2,1,0
POL-03354,CUST-17939,62,British Columbia,Critical Illness,Annual,0,156.76,50000,10,0,0
POL-03355,CUST-31169,57,Manitoba,Term Life,Annual,0,163.79,50000,6,1,0
POL-03356,CUST-95684,47,Manitoba,Whole Life,Annual,0,141.32,50000,15,0,0
POL-03357,CUST-28756,32,Ontario,Universal Life,Monthly,0,120.9,50000,7,1,1
POL-03358,CUST-60039,37,Manitoba,Universal Life,Monthly,0,135.27,50000,10,2,0
POL-03359,CUST-41799,37,Quebec,Whole Life,Annual,0,90.46,50000,13,0,0
POL-03360,CUST-73913,32,Quebec,Term Life,Monthly,0,105.78,50000,15,0,0
POL-03361,CUST-87502,47,British Columbia,Universal Life,Annual,0,128.26,50000,13,0,0
POL-03362,CUST-48118,57,Manitoba,Term Life,Monthly,0,148.94,50000,9,0,0
POL-03363,CUST-10921,47,Ontario,Term Life,Annual,0,124.83,50000,13,4,1
POL-03364,CUST-42137,42,Ontario,Whole Life,Monthly,0,114.08,50000,5,0,0
POL-03365,CUST-11979,62,British Columbia,Term Life,Monthly,0,143.4,50000,14,0,0
POL-03366,CUST-30097,47,British Columbia,Term Life,Monthly,0,130.77,50000,14,0,0
POL-03367,CUST-44676,37,Quebec,Term Life,Monthly,0,122.81,50000,6,3,1
POL-03368,CUST-20101,67,Ontario,Universal Life,Monthly,0,159.68,50000,2,0,1
POL-03369,CUST-13200,42,Alberta,Critical Illness,Annual,1,151.66,50000,11,0,0
POL-03370,CUST-38149,47,Manitoba,Whole Life,Monthly,0,121.22,50000,2,0,0
POL-03371,CUST-12352,47,Saskatchewan,Term Life,Annual,0,117.67,50000,1,0,0
POL-03372,CUST-32906,67,Alberta,Universal Life,Monthly,0,162.77,50000,15,1,0
POL-03373,CUST-20539,42,Saskatchewan,Term Life,Monthly,0,124.72,50000,9,0,0
POL-03374,CUST-58032,42,Alberta,Critical Illness,Annual,0,135.69,50000,10,1,0
POL-03375,CUST-81928,67,Ontario,Whole Life,Monthly,0,151.29,50000,14,0,0
POL-03376,CUST-87150,62,Manitoba,Term Life,Annual,1,191.24,50000,14,2,1
POL-03377,CUST-65913,37,Alberta,Whole Life,Annual,1,160.74,50000,15,0,0
POL-03378,CUST-17523,27,Saskatchewan,Term Life,Monthly,0,79.45,50000,2,0,0
POL-03379,CUST-16570,37,Manitoba,Universal Life,Annual,0,126.8,50000,5,0,0
POL-03380,CUST-77227,27,Saskatchewan,Term Life,Monthly,0,88.33,50000,12,0,0
POL-03381,CUST-77295,27,British Columbia,Critical Illness,Monthly,0,102.14,50000,1,0,0
POL-03382,CUST-34079,27,Saskatchewan,Universal Life,Monthly,0,90.98,50000,4,0,0
POL-03383,CUST-99295,47,Saskatchewan,Critical Illness,Annual,0,135.1,50000,8,0,0
POL-03384,CUST-67697,57,Ontario,Critical Illness,Monthly,0,166.91,50000,6,0,0
POL-03385,CUST-49395,67,British Columbia,Term Life,Monthly,0,164.14,50000,3,0,0
POL-03386,CUST-66452,37,Quebec,Whole Life,Annual,0,123.56,50000,14,1,0
POL-03387,CUST-11687,47,Ontario,Universal Life,Monthly,0,132.9,50000,7,0,0
POL-03388,CUST-76374,57,Saskatchewan,Term Life,Annual,0,138.17,50000,7,0,0
POL-03389,CUST-29861,42,Manitoba,Term Life,Monthly,0,118.85,50000,10,0,0
POL-03390,CUST-11371,42,British Columbia,Term Life,Monthly,0,118.1,50000,11,0,0
POL-03391,CUST-66282,37,Alberta,Term Life,Monthly,0,94.66,50000,8,1,0
POL-03392,CUST-10124,47,Quebec,Critical Illness,Monthly,0,135.11,50000,14,0,0
POL-03393,CUST-12346,32,Saskatchewan,Whole Life,Monthly,1,145.5,50000,5,0,0
POL-03394,CUST-25185,67,Alberta,Universal Life,Annual,0,175.35,50000,14,1,0
POL-03395,CUST-95918,52,Quebec,Critical Illness,Annual,0,155.76,50000,14,0,0
POL-03396,CUST-98233,32,Saskatchewan,Term Life,Monthly,0,114.05,50000,1,0,0
POL-03397,CUST-47850,32,Alberta,Universal Life,Monthly,0,95.36,50000,12,1,0
POL-03398,CUST-40750,47,Alberta,Term Life,Monthly,0,124.92,50000,3,0,0
POL-03399,CUST-48403,47,Quebec,Term Life,Monthly,0,139.67,50000,8,0,0
POL-03400,CUST-66272,42,Ontario,Term Life,Monthly,0,125.28,50000,14,1,0
POL-03401,CUST-61792,47,Alberta,Term Life,Monthly,0,129.39,50000,3,0,0
POL-03402,CUST-37720,42,Saskatchewan,Whole Life,Annual,0,110.1,50000,9,1,0
POL-03403,CUST-32715,57,Ontario,Whole Life,Annual,0,141.23,50000,12,0,0
POL-03404,CUST-53903,32,Saskatchewan,Term Life,Annual,0,109.59,50000,8,0,0
POL-03405,CUST-35879,37,Saskatchewan,Term Life,Monthly,0,88.19,50000,2,0,0
POL-03406,CUST-49410,62,Quebec,Universal Life,Monthly,0,128.52,50000,1,0,0
POL-03407,CUST-12567,32,Ontario,Term Life,Monthly,1,145.92,50000,8,0,0
POL-03408,CUST-26924,27,British Columbia,Universal Life,Monthly,0,87.2,50000,1,0,0
POL-03409,CUST-97265,67,Ontario,Critical Illness,Monthly,0,171.22,50000,1,0,0
POL-03410,CUST-42240,57,Alberta,Universal Life,Annual,0,166.52,50000,15,0,0
POL-03411,CUST-49016,52,Ontario,Whole Life,Monthly,0,126.44,50000,8,0,0
POL-03412,CUST-27157,42,Alberta,Universal Life,Monthly,0,100.56,50000,8,0,0
POL-03413,CUST-88637,62,Ontario,Universal Life,Monthly,0,153.28,50000,2,0,0
POL-03414,CUST-35170,42,Alberta,Critical Illness,Annual,0,112.38,50000,12,0,0
POL-03415,CUST-36416,52,British Columbia,Critical Illness,Monthly,0,138.3,50000,8,0,0
POL-03416,CUST-47555,27,British Columbia,Whole Life,Annual,1,135.06,50000,4,0,0
POL-03417,CUST-82737,42,Ontario,Whole Life,Monthly,0,124.52,50000,12,1,0
POL-03418,CUST-81598,37,Quebec,Universal Life,Monthly,0,112.16,50000,4,1,1
POL-03419,CUST-26473,32,Alberta,Term Life,Annual,0,115.3,50000,8,1,0
POL-03420,CUST-27677,47,Saskatchewan,Whole Life,Monthly,0,137.65,50000,9,2,0
POL-03421,CUST-32958,27,Saskatchewan,Universal Life,Annual,0,91.42,50000,5,1,0
POL-03422,CUST-27616,62,Manitoba,Universal Life,Monthly,0,164.22,50000,14,1,0
POL-03423,CUST-55065,57,Ontario,Term Life,Monthly,0,129.05,50000,11,0,0
POL-03424,CUST-32262,67,Manitoba,Term Life,Monthly,0,178.36,50000,5,1,0
POL-03425,CUST-16528,47,Alberta,Term Life,Annual,1,164.87,50000,3,0,0
POL-03426,CUST-81039,47,Ontario,Whole Life,Annual,0,115.19,50000,5,0,0
POL-03427,CUST-40817,52,Alberta,Critical Illness,Monthly,0,133.6,50000,7,0,0
POL-03428,CUST-32257,67,Saskatchewan,Critical Illness,Monthly,0,178.05,50000,9,1,0
POL-03429,CUST-22901,37,Saskatchewan,Term Life,Monthly,0,102.39,50000,7,1,0
POL-03430,CUST-83749,47,Quebec,Term Life,Monthly,0,134.53,50000,1,0,0
POL-03431,CUST-64179,37,Ontario,Universal Life,Monthly,1,157.15,50000,11,1,0
POL-03432,CUST-39039,62,Ontario,Universal Life,Monthly,0,156.89,50000,6,0,0
POL-03433,CUST-84515,67,Saskatchewan,Whole Life,Annual,1,190.22,50000,6,1,0
POL-03434,CUST-37262,67,British Columbia,Term Life,Monthly,0,164.83,50000,9,1,0
POL-03435,CUST-32478,27,Alberta,Term Life,Monthly,0,76.69,50000,13,0,0
POL-03436,CUST-44044,37,Ontario,Universal Life,Annual,0,105.74,50000,1,0,0
POL-03437,CUST-13526,37,British Columbia,Whole Life,Monthly,1,133.31,50000,15,0,0
POL-03438,CUST-50330,32,British Columbia,Term Life,Annual,0,102.04,50000,10,0,0
POL-03439,CUST-77579,57,Alberta,Critical Illness,Monthly,0,132.37,50000,9,0,0
POL-03440,CUST-47779,52,Ontario,Universal Life,Monthly,0,139.6,50000,1,0,0
POL-03441,CUST-62263,37,British Columbia,Critical Illness,Monthly,0,125.19,50000,11,0,0
POL-03442,CUST-45492,47,British Columbia,Whole Life,Monthly,1,178.95,50000,11,0,0
POL-03443,CUST-84062,67,Alberta,Whole Life,Monthly,0,150.65,50000,9,0,0
POL-03444,CUST-99798,32,Manitoba,Critical Illness,Monthly,1,129.61,50000,13,0,0
POL-03445,CUST-58819,52,Saskatchewan,Critical Illness,Monthly,0,148.83,50000,13,0,0
POL-03446,CUST-72379,37,Manitoba,Critical Illness,Monthly,0,120.05,50000,13,1,0
POL-03447,CUST-64822,42,Quebec,Universal Life,Monthly,0,113.22,50000,5,1,0
POL-03448,CUST-89345,27,Quebec,Whole Life,Monthly,0,87.76,50000,11,0,1
POL-03449,CUST-91504,57,British Columbia,Term Life,Annual,0,148.59,50000,1,0,0
POL-03450,CUST-90425,32,Quebec,Term Life,Monthly,1,115.6,50000,9,0,0
POL-03451,CUST-16278,57,Quebec,Critical Illness,Monthly,1,188.9,50000,3,0,0
POL-03452,CUST-48423,42,Ontario,Term Life,Monthly,1,168.6,50000,5,0,0
POL-03453,CUST-55096,47,Alberta,Universal Life,Monthly,0,124.93,50000,11,0,0
POL-03454,CUST-79767,47,Alberta,Critical Illness,Monthly,0,112.57,50000,7,1,0
POL-03455,CUST-60814,52,Saskatchewan,Critical Illness,Annual,1,190.55,50000,13,0,0
POL-03456,CUST-52367,57,Quebec,Critical Illness,Monthly,0,150.23,50000,2,1,0
POL-03457,CUST-57993,27,Saskatchewan,Whole Life,Monthly,0,102.11,50000,15,0,0
POL-03458,CUST-63520,37,Saskatchewan,Whole Life,Monthly,0,95.75,50000,11,0,0
POL-03459,CUST-64304,57,Alberta,Critical Illness,Monthly,1,166.79,50000,7,0,0
POL-03460,CUST-76104,32,Quebec,Term Life,Annual,0,107.57,50000,1,0,0
POL-03461,CUST-46015,57,Manitoba,Term Life,Monthly,0,159.93,50000,1,1,0
POL-03462,CUST-62362,47,Quebec,Critical Illness,Monthly,0,116.05,50000,7,0,1
POL-03463,CUST-20854,47,Alberta,Universal Life,Annual,0,128.38,50000,9,1,0
POL-03464,CUST-55651,42,British Columbia,Whole Life,Monthly,0,101.55,50000,8,2,0
POL-03465,CUST-43688,27,Quebec,Term Life,Annual,0,85.18,50000,5,0,0
POL-03466,CUST-11065,32,Quebec,Whole Life,Monthly,0,99.52,50000,10,0,0
POL-03467,CUST-28608,57,Ontario,Critical Illness,Monthly,0,153.47,50000,10,0,0
POL-03468,CUST-97277,57,British Columbia,Whole Life,Monthly,0,122.33,50000,6,0,0
POL-03469,CUST-59424,27,British Columbia,Whole Life,Monthly,0,109.44,50000,5,0,0
POL-03470,CUST-13418,62,Saskatchewan,Whole Life,Monthly,1,189.55,50000,7,0,0
POL-03471,CUST-89695,37,Manitoba,Critical Illness,Monthly,0,127.13,50000,12,0,0
POL-03472,CUST-20826,67,Manitoba,Critical Illness,Monthly,0,173.98,50000,9,1,0
POL-03473,CUST-66193,57,Ontario,Whole Life,Monthly,0,157.83,50000,2,0,1
POL-03474,CUST-13822,27,Manitoba,Whole Life,Monthly,1,152.84,50000,14,0,1
POL-03475,CUST-85275,27,Ontario,Term Life,Monthly,0,84.22,50000,4,0,0
POL-03476,CUST-66357,57,Manitoba,Whole Life,Monthly,0,149.23,50000,11,0,0
POL-03477,CUST-87030,62,Quebec,Term Life,Annual,0,144.71,50000,1,0,0
POL-03478,CUST-37236,37,Saskatchewan,Whole Life,Monthly,0,110.37,50000,4,0,0
POL-03479,CUST-90366,57,Saskatchewan,Whole Life,Annual,0,156.24,50000,9,0,0
POL-03480,CUST-90438,42,Ontario,Term Life,Monthly,1,169.13,50000,13,0,0
POL-03481,CUST-52991,37,Manitoba,Term Life,Monthly,0,107.01,50000,9,0,0
POL-03482,CUST-63342,47,Quebec,Term Life,Monthly,1,150.14,50000,1,0,1
POL-03483,CUST-43886,62,Saskatchewan,Term Life,Monthly,0,157.48,50000,15,1,0
POL-03484,CUST-80336,52,Ontario,Universal Life,Monthly,0,128.37,50000,5,0,0
POL-03485,CUST-67726,47,Quebec,Term Life,Monthly,0,122.67,50000,6,1,0
POL-03486,CUST-23069,27,Quebec,Term Life,Annual,0,101.66,50000,2,0,0
POL-03487,CUST-46911,57,Quebec,Critical Illness,Monthly,0,153.43,50000,11,0,0
POL-03488,CUST-46955,57,Quebec,Term Life,Monthly,0,157.61,50000,7,0,0
POL-03489,CUST-49174,32,British Columbia,Critical Illness,Monthly,0,98.55,50000,4,0,0
POL-03490,CUST-66199,37,Manitoba,Whole Life,Monthly,0,123.71,50000,10,0,0
POL-03491,CUST-35186,47,Ontario,Universal Life,Annual,1,164.77,50000,3,1,0
POL-03492,CUST-26900,52,Alberta,Whole Life,Monthly,0,135.19,50000,8,0,0
POL-03493,CUST-51163,57,Saskatchewan,Term Life,Monthly,0,134.41,50000,10,1,0
POL-03494,CUST-44380,57,Ontario,Universal Life,Monthly,0,122.52,50000,13,3,0
POL-03495,CUST-91682,52,Alberta,Universal Life,Monthly,0,119.83,50000,11,0,1
POL-03496,CUST-77900,62,Quebec,Term Life,Annual,1,194.19,50000,9,1,1
POL-03497,CUST-32084,47,Quebec,Universal Life,Monthly,0,118.71,50000,1,0,0
POL-03498,CUST-71396,62,Quebec,Whole Life,Annual,1,171.86,50000,4,0,0
POL-03499,CUST-64469,52,Manitoba,Critical Illness,Monthly,0,133.57,50000,9,0,0
POL-03500,CUST-91170,67,Saskatchewan,Universal Life,Monthly,0,168.96,50000,9,2,0
POL-03501,CUST-77099,52,Manitoba,Term Life,Monthly,0,143.58,50000,9,0,0
POL-03502,CUST-60236,32,Ontario,Critical Illness,Monthly,0,102.25,50000,12,0,0
POL-03503,CUST-32516,62,Alberta,Critical Illness,Monthly,0,155.87,50000,14,0,0
POL-03504,CUST-28616,37,Ontario,Universal Life,Monthly,0,105.14,50000,8,0,0
POL-03505,CUST-43688,37,Quebec,Term Life,Annual,0,119.21,50000,3,1,0
POL-03506,CUST-89085,52,Ontario,Universal Life,Annual,0,136.48,50000,7,1,0
POL-03507,CUST-90906,42,Manitoba,Whole Life,Monthly,1,154.68,50000,4,0,0
POL-03508,CUST-96581,52,Quebec,Term Life,Monthly,0,151.05,50000,8,1,0
POL-03509,CUST-98279,27,Quebec,Critical Illness,Monthly,0,103.1,50000,9,0,0
POL-03510,CUST-53704,42,British Columbia,Whole Life,Monthly,0,118.38,50000,9,0,0
POL-03511,CUST-64127,37,Saskatchewan,Critical Illness,Monthly,1,142.68,50000,9,0,0
POL-03512,CUST-17602,62,Quebec,Universal Life,Monthly,1,187.58,50000,5,0,1
POL-03513,CUST-24352,62,Saskatchewan,Term Life,Monthly,0,132.34,50000,3,1,0
POL-03514,CUST-32760,67,Saskatchewan,Critical Illness,Monthly,1,213.76,50000,13,0,0
POL-03515,CUST-25255,52,Saskatchewan,Whole Life,Monthly,0,130.38,50000,7,0,0
POL-03516,CUST-77693,52,Quebec,Whole Life,Monthly,0,148.86,50000,4,1,0
POL-03517,CUST-85939,42,Ontario,Whole Life,Monthly,1,156.1,50000,15,1,0
POL-03518,CUST-10020,52,British Columbia,Term Life,Monthly,0,155.3,50000,1,1,0
POL-03519,CUST-71518,47,Ontario,Universal Life,Annual,0,135.95,50000,6,1,0
POL-03520,CUST-36528,27,Quebec,Whole Life,Monthly,0,104.55,50000,12,0,0
POL-03521,CUST-54516,67,Ontario,Critical Illness,Annual,1,193.5,50000,7,0,0
POL-03522,CUST-43208,42,Saskatchewan,Critical Illness,Annual,0,105.18,50000,13,0,0
POL-03523,CUST-23638,32,Alberta,Universal Life,Monthly,0,104.37,50000,6,0,0
POL-03524,CUST-80955,47,Manitoba,Term Life,Annual,0,106.59,50000,10,0,0
POL-03525,CUST-37711,27,Ontario,Universal Life,Annual,0,87.98,50000,7,0,0
POL-03526,CUST-49333,57,Manitoba,Term Life,Annual,0,133.33,50000,8,0,0
POL-03527,CUST-63146,47,Alberta,Universal Life,Annual,0,119.52,50000,8,1,0
POL-03528,CUST-57298,67,Alberta,Whole Life,Monthly,0,172.75,50000,15,0,0
POL-03529,CUST-26622,62,Saskatchewan,Critical Illness,Monthly,0,162.96,50000,12,0,0
POL-03530,CUST-70443,27,Manitoba,Term Life,Annual,1,126.66,50000,6,0,1
POL-03531,CUST-24350,62,Alberta,Term Life,Annual,0,160.44,50000,7,0,0
POL-03532,CUST-80642,27,Alberta,Critical Illness,Monthly,0,87.11,50000,7,0,0
POL-03533,CUST-68351,32,Manitoba,Whole Life,Monthly,0,131.72,50000,12,0,0
POL-03534,CUST-40428,42,Alberta,Critical Illness,Monthly,0,124.21,50000,9,0,0
POL-03535,CUST-41849,27,Quebec,Critical Illness,Annual,0,86.52,50000,9,0,0
POL-03536,CUST-25464,27,Quebec,Whole Life,Monthly,0,104.1,50000,7,0,0
POL-03537,CUST-49901,27,British Columbia,Whole Life,Monthly,0,108.48,50000,6,0,0
POL-03538,CUST-26377,37,Ontario,Whole Life,Monthly,0,102.31,50000,9,0,0
POL-03539,CUST-55643,52,Alberta,Universal Life,Monthly,0,121.58,50000,13,0,0
POL-03540,CUST-24413,47,British Columbia,Critical Illness,Annual,0,114.95,50000,15,1,0
POL-03541,CUST-89941,47,Saskatchewan,Term Life,Monthly,0,121.56,50000,1,0,0
POL-03542,CUST-20299,47,Ontario,Universal Life,Monthly,1,163.95,50000,4,1,0
POL-03543,CUST-74745,42,Saskatchewan,Term Life,Monthly,0,101.05,50000,11,0,0
POL-03544,CUST-49680,62,British Columbia,Whole Life,Annual,0,151.58,50000,3,1,0
POL-03545,CUST-40544,62,British Columbia,Universal Life,Monthly,0,154.1,50000,10,0,0
POL-03546,CUST-26480,27,Manitoba,Critical Illness,Monthly,0,97.5,50000,7,0,0
POL-03547,CUST-67346,42,Manitoba,Whole Life,Monthly,0,127.94,50000,3,1,0
POL-03548,CUST-80425,57,Saskatchewan,Term Life,Annual,0,152.42,50000,8,0,0
POL-03549,CUST-68285,52,Alberta,Term Life,Annual,0,160.11,50000,8,1,0
POL-03550,CUST-10005,47,Saskatchewan,Term Life,Monthly,0,142.73,50000,11,0,0
POL-03551,CUST-84900,57,Saskatchewan,Term Life,Monthly,0,150.26,50000,13,0,0
POL-03552,CUST-95816,52,Ontario,Critical Illness,Annual,0,126.95,50000,15,0,0
POL-03553,CUST-73508,52,Manitoba,Whole Life,Monthly,0,130.49,50000,7,1,0
POL-03554,CUST-11189,32,Ontario,Term Life,Monthly,0,85.46,50000,11,1,0
POL-03555,CUST-55445,57,British Columbia,Universal Life,Annual,0,149.44,50000,12,1,0
POL-03556,CUST-39279,57,Quebec,Term Life,Annual,1,186.58,50000,15,0,0
POL-03557,CUST-68766,57,Manitoba,Term Life,Annual,0,158.31,50000,10,1,0
POL-03558,CUST-77864,47,Saskatchewan,Critical Illness,Annual,0,132.81,50000,4,0,0
POL-03559,CUST-89863,57,Ontario,Term Life,Monthly,0,160.25,50000,6,0,0
POL-03560,CUST-88484,37,Ontario,Whole Life,Monthly,1,159.49,50000,4,1,0
POL-03561,CUST-96858,62,Quebec,Whole Life,Monthly,0,144.26,50000,3,0,0
POL-03562,CUST-17850,27,Ontario,Term Life,Monthly,0,87.38,50000,5,0,0
POL-03563,CUST-20609,52,Saskatchewan,Term Life,Monthly,0,138.47,50000,8,2,0
POL-03564,CUST-82096,57,British Columbia,Term Life,Monthly,0,139.13,50000,12,1,0
POL-03565,CUST-74459,27,Saskatchewan,Term Life,Annual,0,90.68,50000,5,0,0
POL-03566,CUST-77635,42,Quebec,Critical Illness,Monthly,0,124.22,50000,3,0,0
POL-03567,CUST-31151,62,Saskatchewan,Whole Life,Annual,0,155.12,50000,2,0,1
POL-03568,CUST-51387,37,Manitoba,Whole Life,Monthly,0,111.6,50000,3,0,0
POL-03569,CUST-67846,57,Saskatchewan,Term Life,Monthly,0,136.29,50000,7,0,0
POL-03570,CUST-66421,27,British Columbia,Critical Illness,Monthly,1,134.68,50000,7,0,0
POL-03571,CUST-87279,47,Quebec,Term Life,Monthly,0,134.8,50000,6,1,0
POL-03572,CUST-43043,37,Alberta,Critical Illness,Monthly,1,137.45,50000,5,1,0
POL-03573,CUST-85292,37,British Columbia,Term Life,Monthly,0,96.08,50000,7,0,0
POL-03574,CUST-38064,62,Manitoba,Critical Illness,Monthly,0,171.36,50000,10,1,0
POL-03575,CUST-78404,32,British Columbia,Term Life,Monthly,0,123.58,50000,1,0,0
POL-03576,CUST-12973,67,Manitoba,Term Life,Monthly,0,168.42,50000,14,1,0
POL-03577,CUST-28468,52,Quebec,Whole Life,Monthly,0,134.26,50000,5,0,0
POL-03578,CUST-10615,47,British Columbia,Term Life,Monthly,0,142.16,50000,3,1,0
POL-03579,CUST-29457,62,Quebec,Universal Life,Monthly,0,162.24,50000,3,0,0
POL-03580,CUST-57353,52,Alberta,Universal Life,Monthly,0,136.07,50000,9,0,0
POL-03581,CUST-88388,52,Quebec,Universal Life,Monthly,0,150.22,50000,8,2,0
POL-03582,CUST-11042,32,Quebec,Term Life,Monthly,0,92.88,50000,2,1,1
POL-03583,CUST-62651,32,Manitoba,Universal Life,Annual,1,129.31,50000,8,0,0
POL-03584,CUST-21055,62,Quebec,Term Life,Annual,0,160.96,50000,4,1,0
POL-03585,CUST-25643,27,Saskatchewan,Critical Illness,Monthly,0,94.97,50000,14,0,0
POL-03586,CUST-18686,37,Quebec,Universal Life,Monthly,0,119.25,50000,5,0,0
POL-03587,CUST-62942,57,Manitoba,Whole Life,Monthly,0,161.92,50000,15,0,0
POL-03588,CUST-66977,27,Manitoba,Critical Illness,Monthly,1,109.97,50000,9,0,0
POL-03589,CUST-34894,47,Quebec,Whole Life,Monthly,0,130.07,50000,15,0,0
POL-03590,CUST-70204,62,British Columbia,Whole Life,Monthly,1,214.41,50000,9,0,0
POL-03591,CUST-46030,47,Quebec,Term Life,Annual,1,157.44,50000,2,0,0
POL-03592,CUST-77887,47,British Columbia,Universal Life,Monthly,0,121.02,50000,10,0,0
POL-03593,CUST-57142,62,Quebec,Term Life,Monthly,0,129.71,50000,8,0,0
POL-03594,CUST-97586,52,Alberta,Term Life,Annual,0,139.82,50000,13,1,0
POL-03595,CUST-70026,62,Alberta,Universal Life,Monthly,0,163.57,50000,6,0,0
POL-03596,CUST-98188,32,Saskatchewan,Term Life,Monthly,1,144.54,50000,3,1,0
POL-03597,CUST-91924,57,Saskatchewan,Universal Life,Monthly,0,135.16,50000,2,2,0
POL-03598,CUST-28681,67,Saskatchewan,Term Life,Monthly,1,200.5,50000,12,1,0
POL-03599,CUST-41161,57,Saskatchewan,Whole Life,Annual,0,150.26,50000,4,0,0
POL-03600,CUST-41654,47,Manitoba,Critical Illness,Monthly,0,130.23,50000,11,0,0
POL-03601,CUST-64952,37,British Columbia,Term Life,Monthly,0,98.46,50000,3,1,0
POL-03602,CUST-60534,52,Alberta,Universal Life,Monthly,0,139.53,50000,2,1,0
POL-03603,CUST-52432,57,Ontario,Whole Life,Monthly,0,137.83,50000,11,1,0
POL-03604,CUST-13977,62,British Columbia,Critical Illness,Monthly,0,134.14,50000,6,0,1
POL-03605,CUST-50297,57,Saskatchewan,Term Life,Monthly,0,155.78,50000,9,0,0
POL-03606,CUST-27318,27,Alberta,Universal Life,Monthly,1,130.28,50000,1,0,1
POL-03607,CUST-95428,67,Alberta,Whole Life,Monthly,0,172.7,50000,3,1,0
POL-03608,CUST-86821,62,British Columbia,Whole Life,Annual,0,150.19,50000,2,0,0
POL-03609,CUST-26361,52,British Columbia,Term Life,Annual,0,146.12,50000,5,0,0
POL-03610,CUST-46733,42,British Columbia,Term Life,Annual,0,132.87,50000,5,0,0
POL-03611,CUST-67155,27,Ontario,Whole Life,Monthly,0,114.65,50000,6,0,0
POL-03612,CUST-53615,32,British Columbia,Term Life,Annual,0,112.37,50000,4,0,0
POL-03613,CUST-25382,37,Ontario,Whole Life,Annual,0,116.22,50000,7,0,0
POL-03614,CUST-76287,37,Saskatchewan,Universal Life,Monthly,0,95.04,50000,14,1,0
POL-03615,CUST-91624,47,Ontario,Whole Life,Monthly,0,128.32,50000,2,0,0
POL-03616,CUST-82785,67,Quebec,Term Life,Monthly,0,148.53,50000,14,0,0
POL-03617,CUST-41913,47,Manitoba,Term Life,Annual,0,119.77,50000,7,0,0
POL-03618,CUST-87840,67,Alberta,Whole Life,Annual,0,189.06,50000,9,0,0
POL-03619,CUST-89442,47,British Columbia,Universal Life,Annual,0,117.32,50000,11,0,0
POL-03620,CUST-90537,62,Saskatchewan,Critical Illness,Monthly,0,128.49,50000,12,1,0
POL-03621,CUST-84274,52,Ontario,Whole Life,Annual,0,148.36,50000,15,2,0
POL-03622,CUST-36507,42,British Columbia,Universal Life,Monthly,0,112.52,50000,15,0,0
POL-03623,CUST-55107,47,Manitoba,Term Life,Monthly,0,138.82,50000,2,1,0
POL-03624,CUST-68413,37,Saskatchewan,Critical Illness,Monthly,1,132.56,50000,7,1,0
POL-03625,CUST-83230,47,Quebec,Term Life,Annual,1,159.49,50000,9,0,0
POL-03626,CUST-20010,32,Ontario,Term Life,Annual,0,116.95,50000,8,1,0
POL-03627,CUST-16010,52,Saskatchewan,Term Life,Monthly,0,122.74,50000,15,0,1
POL-03628,CUST-97199,67,Quebec,Term Life,Monthly,0,163.57,50000,10,0,0
POL-03629,CUST-72654,67,Ontario,Universal Life,Monthly,0,169.1,50000,7,0,0
POL-03630,CUST-34087,52,British Columbia,Term Life,Monthly,1,164.97,50000,14,0,0
POL-03631,CUST-99641,27,Alberta,Term Life,Annual,0,96.5,50000,11,1,0
POL-03632,CUST-45133,57,Saskatchewan,Term Life,Monthly,0,147.79,50000,12,0,0
POL-03633,CUST-66877,32,Ontario,Critical Illness,Monthly,0,109.01,50000,10,0,0
POL-03634,CUST-93760,62,Manitoba,Universal Life,Monthly,0,178.71,50000,1,1,1
POL-03635,CUST-86924,62,Ontario,Critical Illness,Monthly,0,188.7,50000,15,0,0
POL-03636,CUST-66712,32,Alberta,Critical Illness,Annual,0,108.16,50000,11,1,1
POL-03637,CUST-59628,32,Quebec,Critical Illness,Monthly,1,136.28,50000,3,0,0
POL-03638,CUST-35946,57,British Columbia,Whole Life,Monthly,0,152.89,50000,4,0,0
POL-03639,CUST-25921,37,Quebec,Term Life,Annual,1,143.81,50000,6,1,0
POL-03640,CUST-17764,57,Ontario,Term Life,Monthly,0,128.55,50000,4,0,0
POL-03641,CUST-11481,47,British Columbia,Term Life,Monthly,1,164.04,50000,10,0,0
POL-03642,CUST-53982,32,Alberta,Universal Life,Monthly,1,150.59,50000,9,2,0
POL-03643,CUST-41451,57,Quebec,Term Life,Annual,0,130.02,50000,4,0,0
POL-03644,CUST-63164,37,British Columbia,Term Life,Monthly,0,99.78,50000,11,0,0
POL-03645,CUST-55988,47,Alberta,Universal Life,Monthly,0,122.62,50000,5,0,0
POL-03646,CUST-70154,67,Quebec,Term Life,Monthly,0,170.07,50000,3,1,0
POL-03647,CUST-27455,37,Manitoba,Term Life,Monthly,0,140.12,50000,15,0,0
POL-03648,CUST-24820,42,Manitoba,Term Life,Monthly,0,110.89,50000,5,0,1
POL-03649,CUST-21405,62,British Columbia,Universal Life,Monthly,0,157.69,50000,4,0,0
POL-03650,CUST-73532,47,Saskatchewan,Term Life,Monthly,0,129.67,50000,11,0,1
POL-03651,CUST-91948,67,British Columbia,Term Life,Monthly,1,196.99,50000,12,1,0
POL-03652,CUST-42632,67,British Columbia,Term Life,Monthly,1,200.03,50000,3,0,0
POL-03653,CUST-22974,27,British Columbia,Universal Life,Monthly,0,88.02,50000,1,0,0
POL-03654,CUST-94960,32,British Columbia,Term Life,Monthly,0,135.52,50000,13,0,1
POL-03655,CUST-30677,37,British Columbia,Term Life,Annual,0,120.6,50000,8,0,0
POL-03656,CUST-68809,62,Alberta,Critical Illness,Monthly,0,151.13,50000,7,0,1
POL-03657,CUST-89372,42,Alberta,Critical Illness,Annual,1,169.8,50000,7,0,0
POL-03658,CUST-92625,62,Manitoba,Term Life,Annual,1,194.68,50000,9,1,0
POL-03659,CUST-30163,42,Saskatchewan,Term Life,Annual,0,121.3,50000,11,0,0
POL-03660,CUST-12711,42,Alberta,Term Life,Monthly,0,118.42,50000,2,0,0
POL-03661,CUST-47915,42,British Columbia,Universal Life,Monthly,0,117.6,50000,4,0,0
POL-03662,CUST-91302,32,Saskatchewan,Term Life,Monthly,0,87.96,50000,15,0,0
POL-03663,CUST-52541,52,Saskatchewan,Critical Illness,Monthly,0,118.52,50000,3,0,0
POL-03664,CUST-89007,47,Quebec,Universal Life,Monthly,0,134.05,50000,14,0,0
POL-03665,CUST-85036,27,British Columbia,Whole Life,Monthly,0,91.3,50000,7,0,0
POL-03666,CUST-55970,62,Manitoba,Term Life,Monthly,0,167.13,50000,3,0,0
POL-03667,CUST-88247,27,British Columbia,Critical Illness,Annual,1,117.92,50000,9,0,0
POL-03668,CUST-97875,62,Alberta,Universal Life,Monthly,0,143.42,50000,10,0,0
POL-03669,CUST-71156,67,Manitoba,Universal Life,Annual,0,174.91,50000,6,0,0
POL-03670,CUST-77429,47,Ontario,Term Life,Annual,0,126.06,50000,12,0,0
POL-03671,CUST-50176,52,Manitoba,Universal Life,Monthly,1,183.87,50000,1,0,0
POL-03672,CUST-99554,52,Ontario,Universal Life,Monthly,0,139.0,50000,2,2,1
POL-03673,CUST-41908,67,British Columbia,Critical Illness,Monthly,1,223.13,50000,10,1,1
POL-03674,CUST-78069,52,Manitoba,Whole Life,Annual,0,147.67,50000,9,0,0
POL-03675,CUST-94782,62,Quebec,Whole Life,Annual,1,196.52,50000,11,1,0
POL-03676,CUST-92365,37,Saskatchewan,Whole Life,Monthly,0,121.2,50000,13,0,0
POL-03677,CUST-89415,27,British Columbia,Universal Life,Monthly,0,90.33,50000,14,0,0
POL-03678,CUST-27743,67,Ontario,Critical Illness,Monthly,0,145.89,50000,8,1,0
POL-03679,CUST-98218,62,British Columbia,Whole Life,Annual,0,160.93,50000,8,0,1
POL-03680,CUST-27728,52,Alberta,Term Life,Annual,0,161.9,50000,14,0,0
POL-03681,CUST-31224,42,Quebec,Term Life,Annual,0,93.11,50000,15,1,1
POL-03682,CUST-55695,47,British Columbia,Whole Life,Monthly,0,135.23,50000,1,0,0
POL-03683,CUST-22959,37,Manitoba,Critical Illness,Monthly,0,93.18,50000,8,0,0
POL-03684,CUST-75633,37,Manitoba,Term Life,Monthly,0,111.32,50000,14,0,0
POL-03685,CUST-93529,47,British Columbia,Term Life,Monthly,0,130.55,50000,1,0,0
POL-03686,CUST-33849,67,Alberta,Critical Illness,Monthly,0,174.56,50000,15,0,0
POL-03687,CUST-39459,27,Manitoba,Whole Life,Annual,1,131.12,50000,12,1,0
POL-03688,CUST-47524,52,Saskatchewan,Term Life,Annual,0,155.08,50000,3,0,0
POL-03689,CUST-17818,32,Ontario,Term Life,Monthly,0,116.6,50000,10,1,0
POL-03690,CUST-25517,27,Manitoba,Whole Life,Monthly,1,126.24,50000,7,0,0
POL-03691,CUST-95449,62,Alberta,Term Life,Monthly,0,169.73,50000,6,0,1
POL-03692,CUST-93296,62,Ontario,Universal Life,Annual,0,152.85,50000,10,0,0
POL-03693,CUST-55207,27,Alberta,Whole Life,Annual,0,87.78,50000,12,0,0
POL-03694,CUST-76996,37,Ontario,Whole Life,Monthly,0,97.15,50000,14,0,1
POL-03695,CUST-14396,42,Quebec,Whole Life,Monthly,0,136.34,50000,7,0,0
POL-03696,CUST-13454,62,Manitoba,Term Life,Monthly,0,153.0,50000,3,0,0
POL-03697,CUST-89663,62,British Columbia,Term Life,Monthly,0,127.54,50000,13,0,0
POL-03698,CUST-12024,32,Alberta,Term Life,Monthly,0,109.1,50000,6,0,0
POL-03699,CUST-73618,37,Alberta,Term Life,Monthly,0,106.39,50000,12,1,0
POL-03700,CUST-99440,52,Manitoba,Universal Life,Monthly,0,135.02,50000,12,2,0
POL-03701,CUST-81359,42,Saskatchewan,Term Life,Monthly,0,117.79,50000,1,0,1
POL-03702,CUST-45647,47,British Columbia,Universal Life,Monthly,0,125.56,50000,7,2,0
POL-03703,CUST-58276,37,Ontario,Term Life,Annual,0,144.33,50000,2,1,1
POL-03704,CUST-64204,62,Quebec,Term Life,Monthly,1,211.55,50000,10,0,0
POL-03705,CUST-49987,62,Alberta,Term Life,Monthly,0,164.99,50000,12,1,0
POL-03706,CUST-95305,62,Alberta,Whole Life,Annual,0,159.5,50000,9,0,0
POL-03707,CUST-13980,27,British Columbia,Whole Life,Monthly,0,107.15,50000,5,0,0
POL-03708,CUST-96021,62,Quebec,Universal Life,Monthly,0,159.52,50000,15,1,0
POL-03709,CUST-87323,42,Manitoba,Term Life,Monthly,0,130.39,50000,2,0,0
POL-03710,CUST-18634,37,Quebec,Whole Life,Annual,0,118.3,50000,3,0,0
POL-03711,CUST-61055,47,Saskatchewan,Universal Life,Monthly,0,131.14,50000,6,0,0
POL-03712,CUST-67189,47,Quebec,Term Life,Monthly,0,140.88,50000,15,0,0
POL-03713,CUST-98628,52,Saskatchewan,Term Life,Monthly,0,133.56,50000,14,1,0
POL-03714,CUST-99353,52,Quebec,Term Life,Monthly,0,139.3,50000,9,1,0
POL-03715,CUST-52337,52,Saskatchewan,Term Life,Monthly,0,126.85,50000,15,1,0
POL-03716,CUST-26168,32,Quebec,Critical Illness,Monthly,0,92.23,50000,14,1,0
POL-03717,CUST-82499,32,Quebec,Term Life,Monthly,0,72.25,50000,9,1,0
POL-03718,CUST-69653,32,Quebec,Whole Life,Monthly,0,108.08,50000,2,0,1
POL-03719,CUST-56216,62,Saskatchewan,Universal Life,Monthly,0,165.38,50000,14,1,0
POL-03720,CUST-79659,57,Manitoba,Term Life,Monthly,0,160.63,50000,10,0,0
POL-03721,CUST-17454,42,Ontario,Whole Life,Monthly,0,107.37,50000,3,0,0
POL-03722,CUST-16800,37,Ontario,Term Life,Monthly,0,116.88,50000,13,0,1
POL-03723,CUST-53297,67,Saskatchewan,Whole Life,Annual,1,200.59,50000,6,1,0
POL-03724,CUST-44831,62,Manitoba,Term Life,Monthly,0,165.45,50000,12,0,1
POL-03725,CUST-24127,47,Quebec,Term Life,Monthly,0,121.78,50000,4,0,0
POL-03726,CUST-28475,42,Quebec,Term Life,Annual,0,116.56,50000,1,0,0
POL-03727,CUST-53776,37,Saskatchewan,Universal Life,Annual,0,92.96,50000,7,0,0
POL-03728,CUST-15109,47,British Columbia,Universal Life,Monthly,0,121.0,50000,7,1,0
POL-03729,CUST-74025,52,Quebec,Universal Life,Annual,0,138.64,50000,13,0,0
POL-03730,CUST-18936,27,Quebec,Term Life,Monthly,0,95.69,50000,2,0,0
POL-03731,CUST-70016,52,Saskatchewan,Critical Illness,Annual,0,118.37,50000,14,0,1
POL-03732,CUST-40759,32,Saskatchewan,Term Life,Monthly,0,96.46,50000,3,0,0
POL-03733,CUST-24158,67,Ontario,Universal Life,Monthly,0,167.52,50000,15,0,0
POL-03734,CUST-62124,37,Ontario,Universal Life,Annual,0,128.5,50000,11,0,0
POL-03735,CUST-66818,47,British Columbia,Whole Life,Monthly,0,119.46,50000,6,1,0
POL-03736,CUST-95824,47,Saskatchewan,Whole Life,Annual,0,135.48,50000,15,1,0
POL-03737,CUST-49276,57,British Columbia,Universal Life,Monthly,0,140.86,50000,6,0,0
POL-03738,CUST-94209,32,Quebec,Universal Life,Monthly,0,97.25,50000,10,0,0
POL-03739,CUST-52779,52,Quebec,Term Life,Annual,1,163.07,50000,1,0,0
POL-03740,CUST-88514,67,Manitoba,Universal Life,Monthly,0,153.07,50000,2,1,0
POL-03741,CUST-35336,57,British Columbia,Term Life,Annual,0,141.9,50000,6,0,0
POL-03742,CUST-79428,32,British Columbia,Whole Life,Annual,0,115.18,50000,4,0,0
POL-03743,CUST-29772,57,Saskatchewan,Whole Life,Monthly,0,138.54,50000,4,0,0
POL-03744,CUST-13662,27,Ontario,Universal Life,Monthly,0,82.67,50000,6,0,1
POL-03745,CUST-21716,32,Alberta,Whole Life,Monthly,0,105.11,50000,10,0,0
POL-03746,CUST-46506,47,Quebec,Term Life,Monthly,1,164.66,50000,2,0,0
POL-03747,CUST-21730,42,British Columbia,Whole Life,Monthly,0,119.78,50000,12,0,0
POL-03748,CUST-80141,67,Saskatchewan,Term Life,Monthly,0,168.65,50000,13,0,0
POL-03749,CUST-18030,52,British Columbia,Whole Life,Annual,0,126.49,50000,13,0,0
POL-03750,CUST-97073,37,British Columbia,Whole Life,Monthly,0,100.81,50000,3,0,0
POL-03751,CUST-41523,57,Alberta,Universal Life,Monthly,0,159.44,50000,14,0,0
POL-03752,CUST-51601,32,Ontario,Term Life,Monthly,1,135.85,50000,2,1,0
POL-03753,CUST-77010,32,Manitoba,Term Life,Monthly,0,109.76,50000,2,0,1
POL-03754,CUST-73114,62,Quebec,Whole Life,Monthly,0,171.29,50000,11,0,0
POL-03755,CUST-85389,67,Manitoba,Term Life,Monthly,0,175.75,50000,12,0,0
POL-03756,CUST-99579,27,Manitoba,Term Life,Monthly,0,77.16,50000,2,0,0
POL-03757,CUST-37425,37,British Columbia,Term Life,Monthly,1,145.2,50000,7,1,0
POL-03758,CUST-66070,42,British Columbia,Whole Life,Annual,0,133.09,50000,7,2,0
POL-03759,CUST-70309,57,Saskatchewan,Term Life,Annual,0,153.87,50000,11,0,0
POL-03760,CUST-80089,57,Alberta,Whole Life,Monthly,0,149.81,50000,8,1,0
POL-03761,CUST-35936,52,Saskatchewan,Critical Illness,Annual,0,118.93,50000,10,1,0
POL-03762,CUST-96967,37,British Columbia,Whole Life,Annual,0,104.2,50000,2,1,0
POL-03763,CUST-31527,42,Alberta,Term Life,Monthly,0,121.43,50000,15,0,0
POL-03764,CUST-73906,57,British Columbia,Term Life,Annual,0,130.49,50000,9,0,0
POL-03765,CUST-89642,57,Alberta,Term Life,Monthly,0,157.12,50000,11,0,0
POL-03766,CUST-21870,27,Quebec,Whole Life,Monthly,0,92.19,50000,8,0,0
POL-03767,CUST-58378,47,Ontario,Universal Life,Monthly,0,105.84,50000,4,0,0
POL-03768,CUST-98118,52,Manitoba,Term Life,Annual,1,166.8,50000,11,0,0
POL-03769,CUST-23343,62,Ontario,Term Life,Annual,0,153.16,50000,5,4,0
POL-03770,CUST-82356,27,Ontario,Term Life,Annual,0,92.04,50000,4,1,0
POL-03771,CUST-85466,32,Saskatchewan,Term Life,Annual,1,154.64,50000,9,0,0
POL-03772,CUST-33812,67,Saskatchewan,Critical Illness,Monthly,1,207.54,50000,6,1,1
POL-03773,CUST-73641,62,Quebec,Term Life,Monthly,0,140.21,50000,14,1,0
POL-03774,CUST-98857,42,Quebec,Term Life,Monthly,0,102.73,50000,10,0,0
POL-03775,CUST-44862,47,Quebec,Term Life,Monthly,1,161.4,50000,6,0,0
POL-03776,CUST-17167,57,Manitoba,Term Life,Monthly,0,149.11,50000,1,1,0
POL-03777,CUST-33381,52,Quebec,Term Life,Annual,0,150.51,50000,6,0,0
POL-03778,CUST-94585,37,Alberta,Whole Life,Monthly,0,132.36,50000,2,0,0
POL-03779,CUST-92781,37,Quebec,Term Life,Monthly,1,168.01,50000,4,0,0
POL-03780,CUST-85699,37,Saskatchewan,Term Life,Annual,0,106.29,50000,5,0,0
POL-03781,CUST-62316,37,Alberta,Whole Life,Annual,0,122.81,50000,10,0,0
POL-03782,CUST-34745,32,Saskatchewan,Whole Life,Monthly,1,142.71,50000,2,0,0
POL-03783,CUST-65550,32,Saskatchewan,Term Life,Monthly,0,89.51,50000,3,1,0
POL-03784,CUST-87436,32,British Columbia,Critical Illness,Annual,0,79.95,50000,1,3,1
POL-03785,CUST-83910,32,Ontario,Term Life,Monthly,0,104.33,50000,14,0,0
POL-03786,CUST-15436,57,Saskatchewan,Critical Illness,Monthly,0,129.66,50000,15,0,0
POL-03787,CUST-74002,42,Saskatchewan,Critical Illness,Monthly,0,110.38,50000,5,0,0
POL-03788,CUST-95698,57,Alberta,Whole Life,Monthly,0,139.38,50000,7,0,0
POL-03789,CUST-21280,62,Manitoba,Term Life,Monthly,0,159.23,50000,5,0,0
POL-03790,CUST-64434,47,Quebec,Universal Life,Monthly,1,179.97,50000,9,0,0
POL-03791,CUST-65893,47,British Columbia,Term Life,Monthly,0,129.75,50000,9,1,1
POL-03792,CUST-56897,52,British Columbia,Term Life,Monthly,0,132.13,50000,4,0,0
POL-03793,CUST-77668,32,Alberta,Whole Life,Monthly,0,77.78,50000,10,0,0
POL-03794,CUST-99192,42,Alberta,Whole Life,Monthly,0,126.1,50000,1,0,0
POL-03795,CUST-68551,67,Ontario,Critical Illness,Monthly,0,165.94,50000,10,0,0
POL-03796,CUST-12372,27,Ontario,Universal Life,Monthly,0,87.0,50000,12,1,0
POL-03797,CUST-56621,32,Ontario,Critical Illness,Annual,0,116.59,50000,1,1,1
POL-03798,CUST-56118,57,Quebec,Universal Life,Monthly,0,133.31,50000,11,0,0
POL-03799,CUST-34412,57,Manitoba,Whole Life,Monthly,0,139.38,50000,12,0,0
POL-03800,CUST-76168,27,British Columbia,Whole Life,Monthly,0,90.66,50000,15,0,0
POL-03801,CUST-61431,57,Alberta,Critical Illness,Monthly,0,140.85,50000,13,0,0
POL-03802,CUST-20103,52,British Columbia,Critical Illness,Monthly,0,145.21,50000,1,0,0
POL-03803,CUST-79905,62,British Columbia,Universal Life,Monthly,1,197.17,50000,2,1,0
POL-03804,CUST-11346,37,British Columbia,Universal Life,Annual,0,124.21,50000,3,0,0
POL-03805,CUST-88173,32,Alberta,Whole Life,Annual,0,108.63,50000,9,1,0
POL-03806,CUST-65368,32,Alberta,Term Life,Monthly,1,136.22,50000,11,0,1
POL-03807,CUST-99570,62,Ontario,Critical Illness,Monthly,0,152.52,50000,10,0,0
POL-03808,CUST-40421,27,Ontario,Term Life,Annual,1,134.06,50000,5,0,0
POL-03809,CUST-30084,67,Saskatchewan,Term Life,Annual,0,163.32,50000,4,1,0
POL-03810,CUST-53362,47,Quebec,Whole Life,Monthly,1,165.17,50000,1,0,0
POL-03811,CUST-82700,42,Ontario,Whole Life,Annual,1,161.72,50000,6,0,0
POL-03812,CUST-66006,32,Alberta,Whole Life,Annual,1,139.26,50000,5,0,0
POL-03813,CUST-50069,52,Ontario,Term Life,Annual,0,142.3,50000,5,0,0
POL-03814,CUST-44755,62,Alberta,Term Life,Monthly,1,182.11,50000,2,0,0
POL-03815,CUST-80984,37,Manitoba,Term Life,Annual,0,127.8,50000,5,1,0
POL-03816,CUST-29309,37,Manitoba,Term Life,Monthly,0,98.32,50000,13,0,0
POL-03817,CUST-13012,62,Manitoba,Term Life,Monthly,0,161.87,50000,4,0,0
POL-03818,CUST-31472,32,British Columbia,Universal Life,Monthly,0,96.77,50000,14,0,0
POL-03819,CUST-28841,52,Quebec,Term Life,Monthly,1,186.59,50000,2,0,0
POL-03820,CUST-26863,42,Saskatchewan,Term Life,Annual,0,131.2,50000,10,2,0
POL-03821,CUST-37821,32,Quebec,Term Life,Monthly,0,102.58,50000,2,2,0
POL-03822,CUST-74438,62,Ontario,Whole Life,Monthly,0,175.26,50000,6,1,0
POL-03823,CUST-32269,42,Ontario,Critical Illness,Monthly,0,118.35,50000,15,1,0
POL-03824,CUST-22086,42,Alberta,Term Life,Monthly,0,131.18,50000,12,0,0
POL-03825,CUST-45882,47,Quebec,Term Life,Monthly,0,120.89,50000,8,1,0
POL-03826,CUST-97495,62,Ontario,Universal Life,Monthly,0,161.46,50000,10,1,0
POL-03827,CUST-94450,57,British Columbia,Term Life,Monthly,0,136.41,50000,10,0,0
POL-03828,CUST-10430,27,British Columbia,Universal Life,Monthly,0,93.83,50000,12,1,0
POL-03829,CUST-11118,52,Saskatchewan,Critical Illness,Monthly,0,137.98,50000,9,0,0
POL-03830,CUST-37324,37,Ontario,Whole Life,Monthly,0,122.14,50000,8,0,0
POL-03831,CUST-23053,52,Manitoba,Critical Illness,Monthly,0,130.55,50000,2,1,0
POL-03832,CUST-82241,42,Ontario,Whole Life,Annual,1,192.48,50000,15,0,0
POL-03833,CUST-23464,47,Manitoba,Whole Life,Annual,1,148.01,50000,9,0,0
POL-03834,CUST-18108,47,Manitoba,Term Life,Annual,1,167.4,50000,5,0,0
POL-03835,CUST-30323,47,British Columbia,Term Life,Monthly,1,168.05,50000,3,1,0
POL-03836,CUST-62917,52,Manitoba,Term Life,Monthly,0,145.06,50000,10,0,0
POL-03837,CUST-24926,62,Quebec,Whole Life,Annual,0,150.42,50000,12,0,0
POL-03838,CUST-36157,42,Alberta,Whole Life,Monthly,1,158.5,50000,13,0,0
POL-03839,CUST-55249,32,Quebec,Term Life,Monthly,0,95.83,50000,14,0,0
POL-03840,CUST-96887,52,British Columbia,Whole Life,Monthly,1,196.08,50000,14,0,0
POL-03841,CUST-87906,57,Quebec,Term Life,Monthly,0,139.98,50000,10,2,0
POL-03842,CUST-29708,32,Ontario,Term Life,Monthly,1,135.82,50000,15,1,0
POL-03843,CUST-36122,47,Ontario,Term Life,Monthly,0,121.64,50000,2,0,0
POL-03844,CUST-16387,37,Ontario,Universal Life,Monthly,1,137.0,50000,6,0,0
POL-03845,CUST-36593,52,Saskatchewan,Whole Life,Monthly,0,121.79,50000,8,0,1
POL-03846,CUST-65236,47,Ontario,Universal Life,Monthly,0,137.66,50000,11,0,0
POL-03847,CUST-56604,42,Quebec,Term Life,Annual,1,147.53,50000,5,1,0
POL-03848,CUST-43843,62,Quebec,Whole Life,Annual,0,147.03,50000,5,0,0
POL-03849,CUST-11709,47,British Columbia,Critical Illness,Monthly,0,118.04,50000,14,0,0
POL-03850,CUST-91349,37,British Columbia,Term Life,Monthly,0,115.25,50000,10,1,0
POL-03851,CUST-45125,62,Manitoba,Whole Life,Monthly,0,156.86,50000,10,2,0
POL-03852,CUST-92347,42,British Columbia,Term Life,Monthly,0,120.92,50000,3,0,0
POL-03853,CUST-76161,32,Manitoba,Term Life,Annual,0,93.46,50000,8,0,0
POL-03854,CUST-81553,42,Manitoba,Whole Life,Monthly,0,125.82,50000,7,0,0
POL-03855,CUST-47942,62,Ontario,Term Life,Monthly,0,148.65,50000,10,0,0
POL-03856,CUST-21578,62,British Columbia,Whole Life,Annual,1,192.44,50000,14,2,0
POL-03857,CUST-30209,37,Quebec,Critical Illness,Monthly,0,109.92,50000,5,0,0
POL-03858,CUST-69225,32,Manitoba,Term Life,Monthly,0,82.34,50000,13,0,0
POL-03859,CUST-62642,57,Quebec,Term Life,Annual,0,171.95,50000,10,0,0
POL-03860,CUST-18297,27,Alberta,Universal Life,Monthly,0,100.5,50000,8,0,0
POL-03861,CUST-87540,47,Manitoba,Whole Life,Monthly,0,131.76,50000,15,1,1
POL-03862,CUST-12271,32,Alberta,Critical Illness,Annual,0,106.66,50000,3,0,0
POL-03863,CUST-52395,57,Quebec,Term Life,Monthly,0,172.23,50000,11,0,0
POL-03864,CUST-27746,52,Manitoba,Whole Life,Monthly,0,152.24,50000,6,0,0
POL-03865,CUST-25592,32,Saskatchewan,Critical Illness,Monthly,1,141.79,50000,11,2,1
POL-03866,CUST-54500,27,British Columbia,Term Life,Monthly,0,85.1,50000,3,0,0
POL-03867,CUST-39440,32,Ontario,Universal Life,Monthly,0,95.99,50000,12,1,0
POL-03868,CUST-50598,62,British Columbia,Whole Life,Monthly,0,134.96,50000,2,0,0
POL-03869,CUST-95082,32,Ontario,Universal Life,Monthly,1,133.18,50000,6,1,0
POL-03870,CUST-79839,27,Manitoba,Term Life,Monthly,0,101.54,50000,14,0,0
POL-03871,CUST-39296,47,Manitoba,Whole Life,Monthly,0,137.2,50000,10,0,0
POL-03872,CUST-57106,62,British Columbia,Term Life,Annual,0,163.99,50000,8,0,0
POL-03873,CUST-43725,42,Alberta,Critical Illness,Monthly,0,114.42,50000,5,1,0
POL-03874,CUST-33780,42,Alberta,Term Life,Monthly,0,127.21,50000,2,0,0
POL-03875,CUST-51075,57,Saskatchewan,Term Life,Annual,0,157.49,50000,2,0,0
POL-03876,CUST-22574,27,Manitoba,Critical Illness,Monthly,1,101.88,50000,11,1,0
POL-03877,CUST-31193,32,Alberta,Term Life,Monthly,0,106.25,50000,5,0,0
POL-03878,CUST-61273,52,Saskatchewan,Whole Life,Monthly,0,163.57,50000,2,0,1
POL-03879,CUST-76286,37,Alberta,Term Life,Monthly,1,143.1,50000,7,0,1
POL-03880,CUST-70735,52,Manitoba,Whole Life,Annual,0,108.34,50000,6,0,0
POL-03881,CUST-98787,27,Quebec,Term Life,Monthly,0,83.85,50000,15,0,0
POL-03882,CUST-29162,42,Saskatchewan,Whole Life,Annual,0,98.83,50000,4,0,0
POL-03883,CUST-20866,57,Quebec,Whole Life,Monthly,0,139.99,50000,5,0,0
POL-03884,CUST-66864,52,Manitoba,Term Life,Monthly,0,123.91,50000,3,0,0
POL-03885,CUST-61029,27,Saskatchewan,Term Life,Monthly,0,104.77,50000,3,0,0
POL-03886,CUST-87418,67,Alberta,Term Life,Monthly,0,174.94,50000,9,1,1
POL-03887,CUST-21437,57,Saskatchewan,Universal Life,Monthly,0,151.72,50000,4,0,0
POL-03888,CUST-31797,27,Saskatchewan,Term Life,Monthly,1,143.31,50000,11,0,0
POL-03889,CUST-47070,57,Saskatchewan,Term Life,Monthly,0,140.82,50000,13,0,0
POL-03890,CUST-83748,42,British Columbia,Term Life,Annual,0,121.48,50000,8,0,0
POL-03891,CUST-27735,37,Alberta,Whole Life,Annual,0,137.93,50000,4,0,0
POL-03892,CUST-95532,32,Ontario,Universal Life,Monthly,0,109.62,50000,13,0,0
POL-03893,CUST-19961,42,Ontario,Whole Life,Annual,0,127.59,50000,15,0,0
POL-03894,CUST-94283,67,Ontario,Critical Illness,Monthly,0,156.39,50000,14,0,0
POL-03895,CUST-70626,52,Saskatchewan,Universal Life,Monthly,0,133.6,50000,14,1,1
POL-03896,CUST-22707,47,Ontario,Universal Life,Monthly,0,117.56,50000,13,1,0
POL-03897,CUST-99027,42,British Columbia,Universal Life,Monthly,0,140.77,50000,12,0,0
POL-03898,CUST-14404,52,Manitoba,Term Life,Monthly,1,154.9,50000,15,0,0
POL-03899,CUST-45079,27,Alberta,Critical Illness,Monthly,0,104.57,50000,6,1,0
POL-03900,CUST-75391,67,British Columbia,Universal Life,Annual,0,172.57,50000,14,1,0
POL-03901,CUST-40956,42,Alberta,Whole Life,Monthly,0,101.36,50000,1,0,1
POL-03902,CUST-44383,37,Quebec,Term Life,Annual,0,125.31,50000,13,0,0
POL-03903,CUST-35761,32,Quebec,Term Life,Monthly,0,99.5,50000,6,0,0
POL-03904,CUST-25995,47,Ontario,Whole Life,Monthly,0,113.75,50000,5,0,0
POL-03905,CUST-62460,42,Manitoba,Whole Life,Monthly,0,124.97,50000,11,2,0
POL-03906,CUST-50236,37,Quebec,Universal Life,Monthly,0,101.73,50000,3,0,0
POL-03907,CUST-83001,57,Quebec,Term Life,Monthly,1,180.14,50000,15,0,0
POL-03908,CUST-58841,67,Saskatchewan,Whole Life,Annual,0,159.53,50000,11,1,0
POL-03909,CUST-56220,27,Ontario,Term Life,Monthly,0,83.05,50000,1,0,0
POL-03910,CUST-24559,37,Quebec,Term Life,Monthly,1,132.34,50000,13,0,0
POL-03911,CUST-32669,32,Ontario,Term Life,Annual,0,112.16,50000,2,1,0
POL-03912,CUST-13406,37,Manitoba,Universal Life,Monthly,0,115.5,50000,13,0,0
POL-03913,CUST-97680,57,Saskatchewan,Whole Life,Annual,0,150.73,50000,13,1,0
POL-03914,CUST-80361,27,Manitoba,Critical Illness,Monthly,1,124.23,50000,10,0,0
POL-03915,CUST-34346,67,Manitoba,Universal Life,Monthly,0,166.22,50000,10,1,0
POL-03916,CUST-51048,57,British Columbia,Universal Life,Monthly,0,138.77,50000,13,0,0
POL-03917,CUST-60590,27,Ontario,Whole Life,Monthly,0,84.56,50000,13,0,0
POL-03918,CUST-31993,42,Ontario,Universal Life,Monthly,0,141.12,50000,11,0,0
POL-03919,CUST-21544,42,Ontario,Critical Illness,Monthly,1,166.21,50000,3,1,1
POL-03920,CUST-95966,42,Manitoba,Universal Life,Annual,1,148.86,50000,10,0,0
POL-03921,CUST-42122,37,British Columbia,Term Life,Annual,0,93.65,50000,4,1,1
POL-03922,CUST-78314,57,Saskatchewan,Universal Life,Monthly,0,127.19,50000,1,0,0
POL-03923,CUST-66983,52,Manitoba,Term Life,Monthly,0,130.99,50000,3,0,0
POL-03924,CUST-46238,62,Saskatchewan,Term Life,Monthly,0,157.89,50000,7,1,0
POL-03925,CUST-65416,62,British Columbia,Universal Life,Monthly,0,158.02,50000,15,2,0
POL-03926,CUST-34556,37,Ontario,Universal Life,Monthly,0,113.38,50000,1,1,0
POL-03927,CUST-32704,62,Ontario,Term Life,Monthly,0,160.61,50000,2,1,0
POL-03928,CUST-75627,47,Quebec,Term Life,Monthly,1,152.14,50000,2,0,0
POL-03929,CUST-79913,57,Alberta,Critical Illness,Monthly,0,165.69,50000,3,0,0
POL-03930,CUST-75190,57,Saskatchewan,Term Life,Annual,0,145.23,50000,9,1,0
POL-03931,CUST-72970,37,Ontario,Term Life,Monthly,1,150.14,50000,13,2,0
POL-03932,CUST-89558,57,Ontario,Universal Life,Annual,0,139.73,50000,1,0,0
POL-03933,CUST-37336,67,Ontario,Universal Life,Annual,0,169.34,50000,13,0,0
POL-03934,CUST-11181,42,Alberta,Whole Life,Monthly,0,145.52,50000,14,0,0
POL-03935,CUST-34927,32,Manitoba,Whole Life,Monthly,1,125.73,50000,2,0,0
POL-03936,CUST-66664,52,British Columbia,Term Life,Monthly,0,125.21,50000,7,0,0
POL-03937,CUST-63761,37,Manitoba,Term Life,Annual,0,101.23,50000,13,0,0
POL-03938,CUST-35357,32,Ontario,Universal Life,Monthly,0,98.6,50000,11,0,0
POL-03939,CUST-80067,32,Manitoba,Universal Life,Monthly,0,96.34,50000,3,0,0
POL-03940,CUST-97714,27,Alberta,Term Life,Monthly,0,81.11,50000,3,0,0
POL-03941,CUST-21070,37,Alberta,Term Life,Annual,0,111.0,50000,7,0,0
POL-03942,CUST-12233,42,British Columbia,Term Life,Monthly,0,139.33,50000,13,1,0
POL-03943,CUST-72517,62,British Columbia,Term Life,Annual,0,154.8,50000,15,0,0
POL-03944,CUST-53869,57,Ontario,Term Life,Monthly,0,146.44,50000,8,0,1
POL-03945,CUST-70251,32,British Columbia,Term Life,Monthly,1,141.72,50000,8,0,0
POL-03946,CUST-73972,37,Saskatchewan,Universal Life,Monthly,0,119.37,50000,9,1,1
POL-03947,CUST-13610,47,British Columbia,Term Life,Monthly,0,146.08,50000,8,0,0
POL-03948,CUST-77612,57,Alberta,Universal Life,Monthly,0,150.48,50000,10,1,0
POL-03949,CUST-25749,62,Saskatchewan,Whole Life,Monthly,0,156.57,50000,5,0,0
POL-03950,CUST-66976,62,British Columbia,Universal Life,Annual,0,144.7,50000,9,0,0
POL-03951,CUST-98685,52,Manitoba,Critical Illness,Annual,0,147.48,50000,10,0,0
POL-03952,CUST-52490,52,Saskatchewan,Term Life,Monthly,0,128.47,50000,9,0,0
POL-03953,CUST-41463,62,Saskatchewan,Term Life,Monthly,0,146.09,50000,15,1,0
POL-03954,CUST-91847,32,Quebec,Universal Life,Monthly,1,139.92,50000,12,0,0
POL-03955,CUST-47545,27,Alberta,Term Life,Monthly,1,147.1,50000,12,0,0
POL-03956,CUST-61907,57,Ontario,Term Life,Annual,0,156.32,50000,13,1,0
POL-03957,CUST-28053,67,Saskatchewan,Term Life,Annual,1,200.15,50000,8,1,0
POL-03958,CUST-56908,37,Saskatchewan,Critical Illness,Annual,0,99.82,50000,5,2,0
POL-03959,CUST-16637,67,Alberta,Term Life,Monthly,0,183.87,50000,9,3,1
POL-03960,CUST-87139,57,Manitoba,Whole Life,Monthly,0,146.92,50000,14,0,1
POL-03961,CUST-64879,47,British Columbia,Whole Life,Annual,0,126.12,50000,14,0,0
POL-03962,CUST-49887,62,Alberta,Universal Life,Monthly,0,163.26,50000,6,0,1
POL-03963,CUST-77370,57,Quebec,Term Life,Monthly,1,177.22,50000,8,0,0
POL-03964,CUST-64708,47,British Columbia,Critical Illness,Monthly,0,120.56,50000,5,0,0
POL-03965,CUST-47726,67,Manitoba,Universal Life,Annual,0,157.71,50000,1,1,0
POL-03966,CUST-39611,67,Alberta,Whole Life,Monthly,0,157.68,50000,5,0,0
POL-03967,CUST-16115,32,Manitoba,Term Life,Annual,1,124.07,50000,2,0,1
POL-03968,CUST-29095,27,Alberta,Universal Life,Monthly,1,113.73,50000,6,0,0
POL-03969,CUST-46208,37,Manitoba,Universal Life,Monthly,0,123.26,50000,1,0,0
POL-03970,CUST-51429,47,Alberta,Term Life,Monthly,0,137.63,50000,5,0,0
POL-03971,CUST-99492,67,Saskatchewan,Term Life,Annual,0,155.73,50000,11,0,1
POL-03972,CUST-40242,27,Alberta,Term Life,Monthly,1,139.26,50000,13,1,1
POL-03973,CUST-53295,57,Ontario,Term Life,Annual,0,151.31,50000,14,1,0
POL-03974,CUST-13395,52,British Columbia,Term Life,Monthly,0,134.71,50000,9,0,0
POL-03975,CUST-18189,37,Alberta,Term Life,Annual,0,96.89,50000,9,0,0
POL-03976,CUST-53802,42,British Columbia,Term Life,Annual,0,124.7,50000,15,1,0
POL-03977,CUST-41324,52,Alberta,Critical Illness,Monthly,0,160.98,50000,9,0,0
POL-03978,CUST-69060,62,Alberta,Universal Life,Annual,1,191.77,50000,2,0,0
POL-03979,CUST-85927,32,Manitoba,Universal Life,Monthly,0,114.58,50000,15,0,1
POL-03980,CUST-14680,42,Ontario,Whole Life,Annual,0,118.06,50000,10,0,0
POL-03981,CUST-24888,62,Alberta,Whole Life,Annual,0,167.66,50000,10,0,0
POL-03982,CUST-61058,57,Manitoba,Term Life,Monthly,0,145.8,50000,2,1,0
POL-03983,CUST-18954,47,Ontario,Universal Life,Monthly,0,100.74,50000,8,0,0
POL-03984,CUST-37902,62,British Columbia,Term Life,Annual,0,147.94,50000,7,0,0
POL-03985,CUST-73666,42,Manitoba,Whole Life,Annual,0,122.19,50000,13,0,0
POL-03986,CUST-13670,57,Alberta,Critical Illness,Monthly,0,160.59,50000,6,0,0
POL-03987,CUST-65626,32,British Columbia,Critical Illness,Annual,0,100.76,50000,6,0,0
POL-03988,CUST-18719,32,Manitoba,Term Life,Monthly,0,102.96,50000,11,1,0
POL-03989,CUST-78319,62,Saskatchewan,Universal Life,Monthly,1,184.55,50000,1,0,0
POL-03990,CUST-74468,32,Saskatchewan,Term Life,Monthly,0,121.33,50000,12,0,0
POL-03991,CUST-14762,42,Saskatchewan,Term Life,Monthly,0,138.61,50000,1,0,0
POL-03992,CUST-58521,27,Manitoba,Term Life,Monthly,1,120.49,50000,4,1,0
POL-03993,CUST-52447,57,Alberta,Term Life,Monthly,1,164.4,50000,8,1,0
POL-03994,CUST-96029,42,British Columbia,Universal Life,Monthly,0,98.91,50000,3,0,1
POL-03995,CUST-13572,42,British Columbia,Term Life,Monthly,0,127.84,50000,1,0,0
POL-03996,CUST-71341,62,Alberta,Term Life,Annual,0,158.22,50000,7,0,0
POL-03997,CUST-58955,42,Alberta,Critical Illness,Annual,0,111.22,50000,11,0,0
POL-03998,CUST-96630,62,Manitoba,Whole Life,Annual,0,159.86,50000,4,0,0
POL-03999,CUST-76116,32,Manitoba,Term Life,Monthly,0,87.84,50000,5,0,0
POL-04000,CUST-35660,27,British Columbia,Whole Life,Annual,0,103.14,50000,11,1,0
POL-04001,CUST-19801,42,Quebec,Whole Life,Monthly,0,116.01,50000,15,1,0
POL-04002,CUST-62422,57,Manitoba,Whole Life,Monthly,0,134.62,50000,8,0,1
POL-04003,CUST-86429,57,Saskatchewan,Whole Life,Annual,0,143.2,50000,9,0,0
POL-04004,CUST-60276,42,British Columbia,Critical Illness,Monthly,0,115.78,50000,13,0,0
POL-04005,CUST-62243,37,Ontario,Term Life,Annual,0,115.98,50000,1,1,0
POL-04006,CUST-57124,47,British Columbia,Whole Life,Monthly,0,143.59,50000,15,1,0
POL-04007,CUST-43439,67,Manitoba,Term Life,Monthly,0,178.97,50000,8,1,0
POL-04008,CUST-90766,62,Alberta,Critical Illness,Monthly,0,158.52,50000,6,0,0
POL-04009,CUST-25000,62,Alberta,Term Life,Monthly,1,189.35,50000,10,0,0
POL-04010,CUST-57493,67,Ontario,Term Life,Monthly,1,193.78,50000,14,0,0
POL-04011,CUST-88252,37,British Columbia,Critical Illness,Monthly,0,90.38,50000,15,0,0
POL-04012,CUST-33727,37,British Columbia,Whole Life,Monthly,1,146.37,50000,12,0,0
POL-04013,CUST-48014,32,Saskatchewan,Term Life,Annual,0,92.39,50000,8,1,0
POL-04014,CUST-73176,27,Alberta,Term Life,Monthly,0,108.22,50000,3,1,0
POL-04015,CUST-21496,32,Ontario,Term Life,Monthly,0,100.19,50000,3,0,0
POL-04016,CUST-33836,27,Ontario,Critical Illness,Monthly,0,102.57,50000,13,0,0
POL-04017,CUST-75176,62,British Columbia,Whole Life,Monthly,0,150.81,50000,2,1,1
POL-04018,CUST-17502,62,Manitoba,Term Life,Monthly,0,148.49,50000,8,0,0
POL-04019,CUST-43803,62,Alberta,Whole Life,Monthly,1,198.86,50000,7,0,0
POL-04020,CUST-62976,27,Quebec,Whole Life,Annual,1,131.93,50000,11,0,0
POL-04021,CUST-86540,27,British Columbia,Term Life,Monthly,1,132.47,50000,6,0,0
POL-04022,CUST-22372,57,British Columbia,Critical Illness,Annual,0,146.47,50000,11,0,0
POL-04023,CUST-58085,52,British Columbia,Term Life,Monthly,1,183.07,50000,8,1,0
POL-04024,CUST-74278,57,Saskatchewan,Critical Illness,Monthly,0,155.34,50000,14,0,0
POL-04025,CUST-45724,32,Quebec,Universal Life,Monthly,0,76.48,50000,3,0,0
POL-04026,CUST-49437,67,Saskatchewan,Term Life,Monthly,0,162.51,50000,12,1,1
POL-04027,CUST-51386,62,Ontario,Universal Life,Monthly,1,203.78,50000,11,0,0
POL-04028,CUST-87957,62,Ontario,Universal Life,Monthly,0,144.37,50000,13,1,0
POL-04029,CUST-65359,37,Manitoba,Whole Life,Monthly,0,91.29,50000,8,0,0
POL-04030,CUST-46425,62,Saskatchewan,Whole Life,Monthly,1,189.93,50000,5,0,0
POL-04031,CUST-10868,37,Ontario,Term Life,Monthly,0,117.85,50000,8,1,1
POL-04032,CUST-45657,67,Manitoba,Term Life,Annual,0,160.07,50000,15,0,0
POL-04033,CUST-83453,57,Ontario,Universal Life,Annual,0,163.12,50000,3,0,0
POL-04034,CUST-48596,57,Ontario,Term Life,Monthly,0,169.72,50000,10,0,0
POL-04035,CUST-45408,67,Alberta,Term Life,Monthly,0,142.5,50000,4,0,0
POL-04036,CUST-74234,57,Manitoba,Whole Life,Monthly,0,142.99,50000,12,0,0
POL-04037,CUST-97425,67,British Columbia,Term Life,Annual,0,138.22,50000,7,0,0
POL-04038,CUST-23966,52,Saskatchewan,Universal Life,Monthly,0,146.53,50000,13,0,0
POL-04039,CUST-94969,57,Manitoba,Universal Life,Monthly,0,139.44,50000,3,1,0
POL-04040,CUST-40717,62,Quebec,Universal Life,Annual,0,150.89,50000,2,0,0
POL-04041,CUST-62794,27,Manitoba,Term Life,Monthly,0,107.38,50000,15,0,0
POL-04042,CUST-34108,32,Quebec,Whole Life,Monthly,0,86.66,50000,6,1,0
POL-04043,CUST-11940,37,Alberta,Universal Life,Annual,0,92.65,50000,2,1,0
POL-04044,CUST-44915,32,Saskatchewan,Term Life,Annual,0,75.27,50000,13,0,0
POL-04045,CUST-89446,47,Manitoba,Universal Life,Monthly,0,144.85,50000,7,0,0
POL-04046,CUST-92049,37,British Columbia,Whole Life,Monthly,1,159.06,50000,14,1,0
POL-04047,CUST-43877,27,British Columbia,Term Life,Monthly,0,90.07,50000,7,0,0
POL-04048,CUST-66818,52,British Columbia,Term Life,Monthly,0,123.3,50000,12,0,0
POL-04049,CUST-79420,62,Manitoba,Universal Life,Monthly,0,166.61,50000,9,0,0
POL-04050,CUST-55293,37,Quebec,Term Life,Monthly,0,144.66,50000,8,0,0
POL-04051,CUST-83072,27,Saskatchewan,Critical Illness,Monthly,0,90.77,50000,8,0,1
POL-04052,CUST-21610,42,Quebec,Whole Life,Annual,1,141.17,50000,4,0,0
POL-04053,CUST-93977,52,Ontario,Term Life,Annual,0,153.5,50000,12,0,0
POL-04054,CUST-61863,62,Manitoba,Universal Life,Annual,0,143.01,50000,8,0,0
POL-04055,CUST-24053,47,Quebec,Whole Life,Monthly,0,125.2,50000,1,0,0
POL-04056,CUST-81885,67,Saskatchewan,Term Life,Monthly,0,133.94,50000,6,1,0
POL-04057,CUST-93614,32,British Columbia,Critical Illness,Monthly,0,98.96,50000,7,0,0
POL-04058,CUST-42484,42,Saskatchewan,Universal Life,Monthly,0,105.26,50000,14,0,0
POL-04059,CUST-51928,52,Manitoba,Whole Life,Monthly,0,153.71,50000,7,2,1
POL-04060,CUST-91257,62,Quebec,Universal Life,Annual,0,144.89,50000,9,0,0
POL-04061,CUST-58517,42,Saskatchewan,Whole Life,Monthly,1,164.96,50000,2,1,1
POL-04062,CUST-41631,67,Quebec,Whole Life,Monthly,0,164.34,50000,6,0,0
POL-04063,CUST-67723,67,Alberta,Term Life,Monthly,0,167.1,50000,5,0,1
POL-04064,CUST-24440,47,Ontario,Term Life,Annual,0,135.87,50000,8,0,0
POL-04065,CUST-40699,42,Alberta,Whole Life,Monthly,0,119.96,50000,14,1,0
POL-04066,CUST-84494,52,Quebec,Whole Life,Monthly,0,130.83,50000,15,1,0
POL-04067,CUST-18429,47,British Columbia,Universal Life,Monthly,0,119.86,50000,5,0,0
POL-04068,CUST-60902,47,Quebec,Whole Life,Annual,0,135.71,50000,10,1,0
POL-04069,CUST-71317,57,Saskatchewan,Whole Life,Monthly,1,159.78,50000,15,1,0
POL-04070,CUST-56511,27,British Columbia,Universal Life,Monthly,0,113.74,50000,4,3,0
POL-04071,CUST-45082,62,Manitoba,Critical Illness,Annual,0,158.18,50000,7,1,0
POL-04072,CUST-93311,57,Ontario,Term Life,Monthly,0,143.55,50000,8,0,0
POL-04073,CUST-82766,67,Manitoba,Critical Illness,Monthly,0,168.79,50000,1,0,0
POL-04074,CUST-84229,32,British Columbia,Universal Life,Annual,0,95.47,50000,7,0,0
POL-04075,CUST-18751,57,Alberta,Term Life,Monthly,0,145.46,50000,2,1,1
POL-04076,CUST-99345,47,Manitoba,Term Life,Monthly,0,116.02,50000,5,0,0
POL-04077,CUST-55492,32,Ontario,Term Life,Monthly,0,107.1,50000,2,1,0
POL-04078,CUST-72248,32,Ontario,Universal Life,Monthly,0,101.66,50000,12,0,0
POL-04079,CUST-43988,52,Alberta,Whole Life,Monthly,0,140.85,50000,13,0,0
POL-04080,CUST-62164,67,Manitoba,Whole Life,Annual,0,183.4,50000,5,0,0
POL-04081,CUST-73923,67,Manitoba,Universal Life,Annual,0,155.95,50000,1,0,0
POL-04082,CUST-58494,47,British Columbia,Term Life,Monthly,1,163.05,50000,8,1,0
POL-04083,CUST-61353,42,Quebec,Term Life,Annual,0,100.78,50000,2,0,0
POL-04084,CUST-42038,57,British Columbia,Critical Illness,Annual,0,154.2,50000,7,0,0
POL-04085,CUST-99292,52,Ontario,Critical Illness,Monthly,0,138.39,50000,9,1,0
POL-04086,CUST-26283,27,Saskatchewan,Universal Life,Annual,0,93.81,50000,8,1,0
POL-04087,CUST-43653,57,Ontario,Term Life,Annual,0,145.71,50000,8,0,0
POL-04088,CUST-84260,52,Ontario,Term Life,Annual,1,166.66,50000,9,0,0
POL-04089,CUST-52773,57,Alberta,Term Life,Monthly,0,177.55,50000,3,0,0
POL-04090,CUST-10596,67,British Columbia,Whole Life,Annual,0,166.06,50000,11,0,0
POL-04091,CUST-19124,67,Alberta,Term Life,Monthly,0,169.16,50000,11,0,0
POL-04092,CUST-89906,37,Quebec,Critical Illness,Monthly,0,97.93,50000,3,1,0
POL-04093,CUST-99243,27,Saskatchewan,Universal Life,Monthly,0,104.22,50000,7,0,0
POL-04094,CUST-33622,62,British Columbia,Whole Life,Monthly,0,155.12,50000,5,0,0
POL-04095,CUST-28947,27,British Columbia,Term Life,Monthly,0,98.95,50000,6,0,0
POL-04096,CUST-31545,52,British Columbia,Term Life,Monthly,0,149.43,50000,12,2,0
POL-04097,CUST-92332,57,Ontario,Whole Life,Monthly,0,146.35,50000,9,0,0
POL-04098,CUST-10635,52,Ontario,Universal Life,Annual,0,130.48,50000,14,2,1
POL-04099,CUST-18740,57,Quebec,Term Life,Monthly,1,154.67,50000,9,0,0
POL-04100,CUST-42399,47,Saskatchewan,Universal Life,Monthly,0,124.95,50000,1,0,0
POL-04101,CUST-98085,27,British Columbia,Term Life,Monthly,0,85.41,50000,11,1,0
POL-04102,CUST-17992,52,Ontario,Term Life,Monthly,1,159.88,50000,2,0,0
POL-04103,CUST-39934,37,Ontario,Critical Illness,Monthly,0,129.04,50000,6,0,0
POL-04104,CUST-26608,52,British Columbia,Term Life,Monthly,0,150.39,50000,15,0,1
POL-04105,CUST-39567,42,Saskatchewan,Term Life,Monthly,0,98.64,50000,15,0,0
POL-04106,CUST-71947,37,Alberta,Whole Life,Annual,0,113.44,50000,3,0,0
POL-04107,CUST-27982,27,Quebec,Term Life,Monthly,1,118.79,50000,15,0,1
POL-04108,CUST-47379,42,Quebec,Term Life,Monthly,0,125.0,50000,15,0,0
POL-04109,CUST-24557,52,Saskatchewan,Term Life,Annual,0,129.0,50000,14,1,0
POL-04110,CUST-10984,32,Ontario,Term Life,Monthly,0,96.13,50000,13,0,0
POL-04111,CUST-54963,47,British Columbia,Whole Life,Monthly,0,141.16,50000,2,0,0
POL-04112,CUST-38519,57,Quebec,Term Life,Monthly,0,157.43,50000,2,0,1
POL-04113,CUST-76960,32,Quebec,Universal Life,Monthly,0,120.71,50000,10,2,0
POL-04114,CUST-10551,62,Ontario,Critical Illness,Monthly,0,154.0,50000,2,0,0
POL-04115,CUST-14479,62,Quebec,Term Life,Annual,0,139.13,50000,4,0,0
POL-04116,CUST-92365,42,British Columbia,Term Life,Monthly,0,131.66,50000,15,0,1
POL-04117,CUST-48902,47,Ontario,Term Life,Annual,0,140.73,50000,14,0,0
POL-04118,CUST-87441,52,Saskatchewan,Term Life,Monthly,0,146.14,50000,4,0,0
POL-04119,CUST-19596,52,British Columbia,Term Life,Annual,0,129.67,50000,9,0,1
POL-04120,CUST-41794,47,Manitoba,Universal Life,Monthly,0,116.75,50000,9,0,0
POL-04121,CUST-72644,47,Saskatchewan,Term Life,Monthly,0,136.03,50000,4,1,0
POL-04122,CUST-31640,52,Quebec,Whole Life,Monthly,0,127.97,50000,4,1,0
POL-04123,CUST-29914,52,Saskatchewan,Universal Life,Monthly,1,169.9,50000,7,0,0
POL-04124,CUST-19622,62,Manitoba,Universal Life,Monthly,1,226.48,50000,10,1,0
POL-04125,CUST-41315,37,Saskatchewan,Term Life,Monthly,0,137.15,50000,13,0,1
POL-04126,CUST-73466,52,Alberta,Term Life,Monthly,0,148.11,50000,13,0,0
POL-04127,CUST-36392,47,Ontario,Critical Illness,Monthly,1,156.65,50000,1,0,0
POL-04128,CUST-20839,62,Manitoba,Term Life,Monthly,0,147.93,50000,10,0,0
POL-04129,CUST-66272,57,Quebec,Universal Life,Monthly,0,156.19,50000,10,0,0
POL-04130,CUST-70258,42,Saskatchewan,Universal Life,Monthly,0,138.56,50000,1,1,0
POL-04131,CUST-46759,32,Quebec,Whole Life,Monthly,0,96.46,50000,13,0,0
POL-04132,CUST-33251,42,Ontario,Term Life,Monthly,0,115.12,50000,9,0,1
POL-04133,CUST-75853,57,Manitoba,Term Life,Monthly,0,148.65,50000,11,0,0
POL-04134,CUST-75635,32,Ontario,Whole Life,Monthly,0,85.93,50000,10,1,0
POL-04135,CUST-63989,42,Ontario,Whole Life,Monthly,0,104.3,50000,6,1,0
POL-04136,CUST-45391,57,Alberta,Universal Life,Annual,0,133.49,50000,4,0,0
POL-04137,CUST-55422,32,Ontario,Universal Life,Annual,0,109.15,50000,6,0,0
POL-04138,CUST-22315,32,Saskatchewan,Critical Illness,Monthly,1,140.86,50000,12,0,0
POL-04139,CUST-10258,57,Quebec,Critical Illness,Monthly,0,161.24,50000,10,0,0
POL-04140,CUST-34963,32,Quebec,Universal Life,Monthly,0,81.75,50000,10,1,0
POL-04141,CUST-56737,42,Manitoba,Term Life,Monthly,0,102.4,50000,2,0,0
POL-04142,CUST-72104,27,Ontario,Whole Life,Monthly,0,99.07,50000,1,0,0
POL-04143,CUST-31373,42,Alberta,Whole Life,Monthly,0,110.14,50000,11,0,0
POL-04144,CUST-71657,27,Manitoba,Whole Life,Monthly,0,84.01,50000,15,0,0
POL-04145,CUST-37677,32,Manitoba,Term Life,Monthly,0,114.75,50000,6,2,0
POL-04146,CUST-63752,32,British Columbia,Whole Life,Monthly,1,130.96,50000,7,0,1
POL-04147,CUST-19893,67,Alberta,Term Life,Monthly,0,160.37,50000,15,0,0
POL-04148,CUST-39091,42,Quebec,Term Life,Annual,0,117.6,50000,4,0,0
POL-04149,CUST-27333,52,Manitoba,Universal Life,Annual,1,171.33,50000,8,0,0
POL-04150,CUST-67172,67,Manitoba,Whole Life,Monthly,0,173.82,50000,2,0,0
POL-04151,CUST-73836,57,British Columbia,Whole Life,Annual,0,133.08,50000,4,0,0
POL-04152,CUST-13798,27,Ontario,Whole Life,Annual,0,91.34,50000,6,2,0
POL-04153,CUST-45790,32,Manitoba,Whole Life,Monthly,1,151.55,50000,11,2,1
POL-04154,CUST-64383,52,Manitoba,Term Life,Monthly,0,164.19,50000,5,2,0
POL-04155,CUST-76538,27,Ontario,Whole Life,Annual,0,77.32,50000,7,1,0
POL-04156,CUST-80314,47,Alberta,Term Life,Monthly,0,133.57,50000,5,0,0
POL-04157,CUST-79362,27,Saskatchewan,Universal Life,Monthly,0,91.32,50000,3,1,0
POL-04158,CUST-22438,42,Alberta,Term Life,Monthly,0,119.41,50000,12,0,0
POL-04159,CUST-67029,47,Manitoba,Critical Illness,Monthly,1,155.13,50000,11,0,0
POL-04160,CUST-83482,42,British Columbia,Universal Life,Monthly,0,129.67,50000,10,1,0
POL-04161,CUST-60110,27,Ontario,Whole Life,Annual,1,137.05,50000,9,0,0
POL-04162,CUST-91449,27,British Columbia,Term Life,Monthly,0,123.87,50000,2,0,1
POL-04163,CUST-83761,57,Saskatchewan,Term Life,Monthly,0,131.75,50000,8,0,0
POL-04164,CUST-96311,42,Manitoba,Universal Life,Monthly,0,99.63,50000,11,0,0
POL-04165,CUST-95377,27,Ontario,Universal Life,Monthly,0,118.26,50000,8,0,0
POL-04166,CUST-12703,42,British Columbia,Universal Life,Annual,0,119.98,50000,11,1,0
POL-04167,CUST-45766,67,Alberta,Critical Illness,Monthly,0,160.12,50000,5,0,0
POL-04168,CUST-90605,67,Manitoba,Whole Life,Monthly,0,167.86,50000,8,1,0
POL-04169,CUST-17294,27,Ontario,Universal Life,Monthly,0,76.86,50000,6,0,0
POL-04170,CUST-15710,32,Manitoba,Whole Life,Annual,0,107.11,50000,15,0,0
POL-04171,CUST-35320,37,Saskatchewan,Whole Life,Annual,0,110.64,50000,3,0,0
POL-04172,CUST-44147,67,Quebec,Whole Life,Monthly,0,178.49,50000,5,1,0
POL-04173,CUST-65868,47,Saskatchewan,Universal Life,Monthly,0,139.88,50000,11,1,0
POL-04174,CUST-59353,47,British Columbia,Term Life,Monthly,0,140.88,50000,1,0,0
POL-04175,CUST-76084,47,Quebec,Term Life,Annual,1,166.89,50000,8,0,0
POL-04176,CUST-29954,52,Ontario,Term Life,Annual,0,157.85,50000,1,2,1
POL-04177,CUST-53351,57,Ontario,Critical Illness,Monthly,0,154.52,50000,8,0,0
POL-04178,CUST-41011,57,Saskatchewan,Whole Life,Annual,0,141.2,50000,5,0,0
POL-04179,CUST-91113,37,Ontario,Term Life,Monthly,0,101.89,50000,3,0,0
POL-04180,CUST-91725,62,Saskatchewan,Whole Life,Monthly,0,148.24,50000,8,1,0
POL-04181,CUST-84107,52,Quebec,Whole Life,Monthly,1,180.67,50000,5,0,0
POL-04182,CUST-25756,62,Alberta,Critical Illness,Monthly,0,140.62,50000,2,0,0
POL-04183,CUST-18365,42,Quebec,Critical Illness,Monthly,1,157.46,50000,8,0,0
POL-04184,CUST-58490,57,Manitoba,Universal Life,Monthly,0,137.61,50000,9,1,0
POL-04185,CUST-73696,42,Saskatchewan,Universal Life,Annual,1,140.56,50000,10,1,0
POL-04186,CUST-84427,42,Quebec,Term Life,Annual,0,107.5,50000,14,1,1
POL-04187,CUST-81695,27,Alberta,Term Life,Monthly,0,93.31,50000,11,0,0
POL-04188,CUST-31699,57,Alberta,Whole Life,Monthly,1,191.77,50000,12,0,0
POL-04189,CUST-40920,47,Alberta,Universal Life,Annual,0,121.49,50000,10,0,0
POL-04190,CUST-94155,37,Manitoba,Term Life,Monthly,0,86.69,50000,11,2,0
POL-04191,CUST-73729,52,Alberta,Universal Life,Annual,0,176.45,50000,12,0,0
POL-04192,CUST-98208,42,Quebec,Term Life,Monthly,0,134.01,50000,10,0,0
POL-04193,CUST-29668,52,Ontario,Term Life,Monthly,1,184.79,50000,8,0,0
POL-04194,CUST-33947,47,Saskatchewan,Term Life,Annual,0,149.13,50000,11,0,0
POL-04195,CUST-69009,62,British Columbia,Universal Life,Monthly,0,157.71,50000,15,0,0
POL-04196,CUST-52569,27,Ontario,Universal Life,Monthly,0,91.98,50000,8,0,0
POL-04197,CUST-98021,32,Alberta,Whole Life,Monthly,0,118.87,50000,4,1,0
POL-04198,CUST-11010,47,Saskatchewan,Universal Life,Annual,0,145.79,50000,7,1,0
POL-04199,CUST-66048,57,British Columbia,Universal Life,Annual,0,154.98,50000,1,0,0
POL-04200,CUST-96467,57,Alberta,Term Life,Monthly,0,158.19,50000,5,0,0
POL-04201,CUST-57906,42,British Columbia,Universal Life,Monthly,0,105.73,50000,14,0,0
POL-04202,CUST-22356,57,Quebec,Term Life,Monthly,0,144.51,50000,2,0,1
POL-04203,CUST-15501,67,Alberta,Whole Life,Monthly,0,186.05,50000,14,0,0
POL-04204,CUST-48502,62,Ontario,Term Life,Monthly,0,166.25,50000,9,0,0
POL-04205,CUST-78573,47,Quebec,Whole Life,Monthly,0,112.06,50000,5,0,1
POL-04206,CUST-70539,57,Quebec,Whole Life,Monthly,0,141.23,50000,8,0,0
POL-04207,CUST-19339,52,British Columbia,Term Life,Monthly,1,192.09,50000,14,1,0
POL-04208,CUST-68548,37,Alberta,Whole Life,Monthly,0,117.06,50000,2,1,0
POL-04209,CUST-91892,42,Manitoba,Universal Life,Monthly,0,122.78,50000,9,0,0
POL-04210,CUST-68729,27,British Columbia,Whole Life,Monthly,0,96.14,50000,5,0,0
POL-04211,CUST-33282,57,Quebec,Term Life,Monthly,0,146.6,50000,9,1,1
POL-04212,CUST-11540,37,Manitoba,Term Life,Monthly,0,105.31,50000,12,0,0
POL-04213,CUST-60727,37,Manitoba,Term Life,Monthly,0,101.6,50000,14,0,0
POL-04214,CUST-76075,42,Alberta,Universal Life,Monthly,0,132.72,50000,4,0,0
POL-04215,CUST-88537,47,Ontario,Critical Illness,Monthly,0,132.45,50000,10,0,0
POL-04216,CUST-77139,57,British Columbia,Term Life,Monthly,0,156.08,50000,7,0,0
POL-04217,CUST-51927,47,Quebec,Universal Life,Monthly,0,136.16,50000,8,0,0
POL-04218,CUST-59082,42,Alberta,Whole Life,Monthly,0,137.5,50000,3,0,1
POL-04219,CUST-27632,32,Saskatchewan,Critical Illness,Monthly,0,108.06,50000,13,0,0
POL-04220,CUST-75822,47,Quebec,Term Life,Monthly,1,174.48,50000,3,0,0
POL-04221,CUST-69368,27,British Columbia,Whole Life,Monthly,0,95.61,50000,1,0,0
POL-04222,CUST-10053,52,Alberta,Whole Life,Monthly,0,127.23,50000,12,0,0
POL-04223,CUST-37540,27,Manitoba,Term Life,Monthly,1,125.89,50000,7,0,1
POL-04224,CUST-24959,52,Alberta,Term Life,Annual,0,145.68,50000,2,0,0
POL-04225,CUST-97626,67,British Columbia,Term Life,Monthly,0,173.73,50000,11,0,0
POL-04226,CUST-16681,52,Saskatchewan,Whole Life,Annual,1,191.01,50000,5,0,0
POL-04227,CUST-56694,57,Ontario,Universal Life,Monthly,1,177.08,50000,15,0,0
POL-04228,CUST-38158,67,British Columbia,Universal Life,Annual,0,168.31,50000,15,0,0
POL-04229,CUST-93349,52,Ontario,Term Life,Annual,0,137.05,50000,9,1,0
POL-04230,CUST-28324,62,British Columbia,Critical Illness,Monthly,0,176.09,50000,8,0,0
POL-04231,CUST-95219,57,Saskatchewan,Term Life,Monthly,1,187.12,50000,7,0,0
POL-04232,CUST-26746,62,Alberta,Critical Illness,Monthly,1,196.35,50000,10,0,0
POL-04233,CUST-13661,52,Quebec,Term Life,Monthly,0,138.17,50000,14,2,1
POL-04234,CUST-47761,27,Quebec,Universal Life,Monthly,1,125.9,50000,10,0,0
POL-04235,CUST-54763,42,Alberta,Critical Illness,Annual,0,103.22,50000,2,0,0
POL-04236,CUST-66125,67,British Columbia,Universal Life,Monthly,0,150.47,50000,3,0,1
POL-04237,CUST-57190,52,Manitoba,Universal Life,Annual,0,140.75,50000,10,0,0
POL-04238,CUST-58906,67,Saskatchewan,Term Life,Annual,0,166.25,50000,6,0,0
POL-04239,CUST-37679,52,Ontario,Universal Life,Annual,1,175.81,50000,8,0,0
POL-04240,CUST-85321,57,Ontario,Whole Life,Annual,0,158.9,50000,7,0,0
POL-04241,CUST-59210,67,Quebec,Whole Life,Monthly,0,166.72,50000,9,0,1
POL-04242,CUST-45441,47,Quebec,Critical Illness,Annual,0,125.42,50000,4,0,0
POL-04243,CUST-17010,42,Manitoba,Term Life,Monthly,0,118.08,50000,2,1,0
POL-04244,CUST-46697,47,Ontario,Whole Life,Monthly,0,132.53,50000,4,1,0
POL-04245,CUST-49676,47,Quebec,Critical Illness,Monthly,1,160.04,50000,11,0,0
POL-04246,CUST-10964,37,British Columbia,Term Life,Monthly,0,124.37,50000,10,0,1
POL-04247,CUST-82651,67,Saskatchewan,Term Life,Annual,0,165.46,50000,13,0,1
POL-04248,CUST-78418,47,Alberta,Term Life,Monthly,0,132.62,50000,2,2,0
POL-04249,CUST-31206,27,British Columbia,Universal Life,Monthly,0,83.8,50000,3,0,0
POL-04250,CUST-64201,57,Quebec,Critical Illness,Monthly,1,195.38,50000,2,0,1
POL-04251,CUST-22290,57,Manitoba,Term Life,Monthly,0,164.87,50000,9,1,1
POL-04252,CUST-21322,47,Alberta,Whole Life,Monthly,1,148.24,50000,9,1,1
POL-04253,CUST-70417,52,British Columbia,Whole Life,Monthly,0,143.41,50000,3,0,0
POL-04254,CUST-27248,27,Ontario,Universal Life,Monthly,0,92.31,50000,7,0,0
POL-04255,CUST-92967,62,Saskatchewan,Universal Life,Monthly,1,195.01,50000,1,1,0
POL-04256,CUST-25403,62,Alberta,Critical Illness,Monthly,1,197.03,50000,10,0,0
POL-04257,CUST-68511,57,Alberta,Term Life,Monthly,0,120.78,50000,9,0,0
POL-04258,CUST-46677,47,Manitoba,Term Life,Monthly,0,138.71,50000,1,0,0
POL-04259,CUST-16781,57,Saskatchewan,Whole Life,Annual,0,160.95,50000,2,0,0
POL-04260,CUST-13420,32,British Columbia,Whole Life,Annual,0,117.3,50000,11,1,1
POL-04261,CUST-22531,32,Saskatchewan,Whole Life,Annual,1,126.26,50000,14,1,0
POL-04262,CUST-80078,52,Saskatchewan,Term Life,Monthly,0,138.23,50000,13,2,0
POL-04263,CUST-99199,52,British Columbia,Term Life,Monthly,0,132.13,50000,9,1,0
POL-04264,CUST-38632,62,Quebec,Critical Illness,Annual,0,133.62,50000,8,0,0
POL-04265,CUST-34193,62,Quebec,Term Life,Annual,0,149.15,50000,13,0,0
POL-04266,CUST-92681,37,Ontario,Whole Life,Monthly,0,98.59,50000,13,0,0
POL-04267,CUST-46708,37,Manitoba,Universal Life,Monthly,0,115.61,50000,14,0,0
POL-04268,CUST-34445,62,Quebec,Term Life,Monthly,1,172.02,50000,6,2,0
POL-04269,CUST-59823,57,Quebec,Term Life,Monthly,0,135.85,50000,8,1,1
POL-04270,CUST-42971,62,Quebec,Term Life,Annual,1,185.37,50000,2,1,0
POL-04271,CUST-37061,27,Saskatchewan,Whole Life,Annual,0,102.84,50000,3,0,0
POL-04272,CUST-92887,47,Manitoba,Term Life,Annual,0,162.93,50000,6,0,0
POL-04273,CUST-75748,37,Quebec,Whole Life,Monthly,0,115.24,50000,13,1,0
POL-04274,CUST-25161,42,Saskatchewan,Term Life,Monthly,0,108.21,50000,7,2,0
POL-04275,CUST-63285,27,British Columbia,Term Life,Annual,0,85.45,50000,9,1,0
POL-04276,CUST-86109,37,Alberta,Term Life,Monthly,0,119.5,50000,13,0,0
POL-04277,CUST-53897,62,Manitoba,Term Life,Monthly,0,140.45,50000,8,0,0
POL-04278,CUST-23630,27,Saskatchewan,Term Life,Monthly,0,106.76,50000,6,2,0
POL-04279,CUST-53741,42,British Columbia,Critical Illness,Monthly,0,123.88,50000,11,0,0
POL-04280,CUST-54589,67,Quebec,Term Life,Monthly,0,164.1,50000,5,0,0
POL-04281,CUST-28117,32,Alberta,Whole Life,Annual,0,82.38,50000,6,3,1
POL-04282,CUST-88658,37,Manitoba,Whole Life,Monthly,0,122.64,50000,14,1,0
POL-04283,CUST-13433,32,Ontario,Universal Life,Monthly,0,93.46,50000,7,1,0
POL-04284,CUST-24377,42,Alberta,Whole Life,Monthly,0,122.44,50000,4,1,0
POL-04285,CUST-19642,42,Saskatchewan,Term Life,Monthly,1,153.71,50000,13,1,0
POL-04286,CUST-13370,62,Alberta,Whole Life,Monthly,0,137.59,50000,10,0,0
POL-04287,CUST-35995,47,Saskatchewan,Term Life,Monthly,0,126.83,50000,12,0,0
POL-04288,CUST-31543,62,British Columbia,Universal Life,Annual,1,177.08,50000,5,0,0
POL-04289,CUST-83104,32,Saskatchewan,Term Life,Monthly,1,129.78,50000,12,1,1
POL-04290,CUST-33591,67,Ontario,Universal Life,Monthly,0,170.79,50000,15,0,0
POL-04291,CUST-32044,42,Alberta,Whole Life,Monthly,0,129.03,50000,3,0,0
POL-04292,CUST-46637,27,Alberta,Universal Life,Monthly,0,93.38,50000,3,2,0
POL-04293,CUST-18024,62,Alberta,Term Life,Monthly,1,180.99,50000,9,0,0
POL-04294,CUST-76940,57,Ontario,Universal Life,Monthly,0,139.83,50000,11,1,0
POL-04295,CUST-83309,32,Quebec,Universal Life,Monthly,0,94.62,50000,1,1,0
POL-04296,CUST-14314,62,Manitoba,Whole Life,Monthly,1,165.96,50000,9,0,0
POL-04297,CUST-67240,32,Manitoba,Term Life,Monthly,0,103.48,50000,2,0,0
POL-04298,CUST-61468,62,Ontario,Term Life,Monthly,0,136.61,50000,15,1,1
POL-04299,CUST-97835,42,Ontario,Term Life,Monthly,0,121.51,50000,11,1,1
POL-04300,CUST-75273,47,Quebec,Universal Life,Monthly,0,112.09,50000,15,1,1
POL-04301,CUST-91505,42,Manitoba,Whole Life,Monthly,0,106.12,50000,4,0,0
POL-04302,CUST-82645,67,Quebec,Universal Life,Monthly,0,173.62,50000,12,1,0
POL-04303,CUST-64957,37,Saskatchewan,Universal Life,Annual,0,111.89,50000,6,0,0
POL-04304,CUST-96990,67,Manitoba,Universal Life,Monthly,0,142.98,50000,2,0,0
POL-04305,CUST-65183,27,Alberta,Universal Life,Annual,0,86.89,50000,8,1,1
POL-04306,CUST-84281,67,Alberta,Whole Life,Monthly,0,168.74,50000,8,0,0
POL-04307,CUST-50106,37,Ontario,Whole Life,Monthly,0,104.17,50000,8,0,0
POL-04308,CUST-19287,42,Manitoba,Term Life,Monthly,0,116.48,50000,13,1,0
POL-04309,CUST-69512,32,Saskatchewan,Universal Life,Monthly,0,105.53,50000,5,0,0
POL-04310,CUST-25819,52,Ontario,Critical Illness,Annual,0,139.14,50000,10,0,0
POL-04311,CUST-55732,52,Ontario,Whole Life,Annual,0,126.69,50000,3,0,0
POL-04312,CUST-74850,62,Quebec,Critical Illness,Annual,0,156.87,50000,14,0,0
POL-04313,CUST-88647,52,British Columbia,Critical Illness,Monthly,0,135.15,50000,7,0,0
POL-04314,CUST-29056,42,Quebec,Whole Life,Annual,0,141.29,50000,12,0,0
POL-04315,CUST-90682,52,Alberta,Universal Life,Monthly,1,172.36,50000,5,0,0
POL-04316,CUST-32230,57,Ontario,Whole Life,Annual,0,149.22,50000,5,0,0
POL-04317,CUST-80687,42,Saskatchewan,Term Life,Monthly,0,123.72,50000,15,0,0
POL-04318,CUST-86424,37,Quebec,Term Life,Annual,0,107.73,50000,3,0,0
POL-04319,CUST-69060,42,Saskatchewan,Whole Life,Monthly,1,146.96,50000,9,0,0
POL-04320,CUST-51544,37,Manitoba,Universal Life,Monthly,0,117.12,50000,5,1,0
POL-04321,CUST-62785,37,Quebec,Term Life,Annual,0,117.22,50000,6,0,0
POL-04322,CUST-45716,62,Ontario,Universal Life,Monthly,0,181.59,50000,11,0,0
POL-04323,CUST-19650,37,Ontario,Universal Life,Annual,0,120.51,50000,12,0,0
POL-04324,CUST-52238,62,Alberta,Universal Life,Monthly,0,165.71,50000,8,1,0
POL-04325,CUST-11886,27,British Columbia,Term Life,Monthly,0,102.21,50000,10,0,1
POL-04326,CUST-33101,57,Ontario,Whole Life,Monthly,0,139.32,50000,1,0,0
POL-04327,CUST-99189,42,Alberta,Term Life,Monthly,0,105.5,50000,4,0,0
POL-04328,CUST-17877,62,Quebec,Term Life,Annual,0,144.56,50000,12,1,0
POL-04329,CUST-15069,32,Saskatchewan,Term Life,Monthly,0,110.86,50000,10,1,0
POL-04330,CUST-97946,47,Saskatchewan,Term Life,Monthly,0,146.66,50000,1,1,1
POL-04331,CUST-75263,57,Alberta,Term Life,Monthly,1,191.41,50000,14,0,0
POL-04332,CUST-36274,42,Saskatchewan,Whole Life,Monthly,0,118.6,50000,7,0,0
POL-04333,CUST-20099,42,Alberta,Whole Life,Annual,0,140.72,50000,5,1,1
POL-04334,CUST-56084,57,Manitoba,Term Life,Annual,0,142.28,50000,7,0,0
POL-04335,CUST-94926,27,Saskatchewan,Critical Illness,Monthly,0,79.82,50000,6,0,0
POL-04336,CUST-15279,57,Alberta,Whole Life,Monthly,0,150.64,50000,8,1,1
POL-04337,CUST-99819,57,Alberta,Critical Illness,Monthly,1,198.1,50000,3,0,0
POL-04338,CUST-23427,42,Alberta,Whole Life,Monthly,0,110.47,50000,3,1,0
POL-04339,CUST-97649,57,Ontario,Term Life,Annual,1,162.14,50000,15,1,0
POL-04340,CUST-19193,62,Quebec,Critical Illness,Monthly,0,157.05,50000,12,0,1
POL-04341,CUST-33732,27,Alberta,Critical Illness,Monthly,1,137.86,50000,6,0,0
POL-04342,CUST-14601,32,Alberta,Whole Life,Monthly,0,67.03,50000,13,0,0
POL-04343,CUST-49986,57,Ontario,Whole Life,Monthly,0,159.33,50000,12,0,1
POL-04344,CUST-68587,37,British Columbia,Whole Life,Annual,0,95.2,50000,11,0,0
POL-04345,CUST-22417,27,Quebec,Whole Life,Monthly,0,102.3,50000,11,0,0
POL-04346,CUST-11522,62,Saskatchewan,Universal Life,Monthly,0,132.64,50000,15,0,0
POL-04347,CUST-21942,32,Quebec,Whole Life,Monthly,0,84.9,50000,13,1,0
POL-04348,CUST-51117,47,Saskatchewan,Term Life,Monthly,0,137.02,50000,4,2,0
POL-04349,CUST-56221,57,Ontario,Term Life,Monthly,0,162.19,50000,11,0,0
POL-04350,CUST-69847,32,Quebec,Term Life,Annual,1,137.49,50000,3,2,0
POL-04351,CUST-95080,67,British Columbia,Term Life,Monthly,0,194.34,50000,8,0,0
POL-04352,CUST-42678,57,Alberta,Term Life,Monthly,0,135.33,50000,2,1,0
POL-04353,CUST-62792,67,Ontario,Critical Illness,Monthly,0,153.18,50000,3,0,0
POL-04354,CUST-23516,62,Alberta,Term Life,Annual,0,152.97,50000,11,0,0
POL-04355,CUST-40757,37,Saskatchewan,Term Life,Monthly,1,142.4,50000,6,1,0
POL-04356,CUST-30104,27,Quebec,Term Life,Monthly,1,132.0,50000,3,0,0
POL-04357,CUST-26969,37,Saskatchewan,Whole Life,Annual,0,102.69,50000,15,1,0
POL-04358,CUST-23825,57,British Columbia,Whole Life,Monthly,0,154.41,50000,15,0,0
POL-04359,CUST-13976,47,Manitoba,Whole Life,Annual,1,171.12,50000,4,0,0
POL-04360,CUST-36584,47,Quebec,Critical Illness,Annual,0,148.96,50000,9,0,0
POL-04361,CUST-14818,42,British Columbia,Critical Illness,Annual,1,149.71,50000,5,1,0
POL-04362,CUST-42062,57,Ontario,Universal Life,Monthly,0,151.64,50000,13,0,0
POL-04363,CUST-15550,27,Ontario,Universal Life,Monthly,0,100.87,50000,11,0,0
POL-04364,CUST-45698,37,Saskatchewan,Term Life,Annual,0,111.51,50000,7,0,0
POL-04365,CUST-82926,47,Quebec,Whole Life,Monthly,0,127.06,50000,14,0,0
POL-04366,CUST-30077,27,Alberta,Term Life,Monthly,1,103.83,50000,12,0,0
POL-04367,CUST-17460,47,Manitoba,Universal Life,Monthly,0,130.6,50000,3,0,0
POL-04368,CUST-31077,52,Ontario,Term Life,Monthly,0,145.75,50000,7,0,0
POL-04369,CUST-48368,32,Alberta,Term Life,Monthly,0,101.91,50000,13,0,0
POL-04370,CUST-67544,42,Manitoba,Term Life,Annual,0,111.21,50000,9,0,0
POL-04371,CUST-66324,52,British Columbia,Whole Life,Monthly,1,153.45,50000,2,0,0
POL-04372,CUST-12074,57,Alberta,Universal Life,Monthly,0,153.04,50000,12,0,0
POL-04373,CUST-93446,67,Ontario,Term Life,Annual,0,166.0,50000,8,0,0
POL-04374,CUST-49730,42,Alberta,Whole Life,Monthly,0,137.28,50000,4,1,0
POL-04375,CUST-38412,57,Ontario,Term Life,Monthly,1,165.21,50000,13,1,1
POL-04376,CUST-93625,47,British Columbia,Universal Life,Monthly,0,123.96,50000,14,2,0
POL-04377,CUST-26661,37,Quebec,Term Life,Monthly,0,95.74,50000,9,0,0
POL-04378,CUST-78528,52,British Columbia,Term Life,Monthly,0,150.9,50000,11,1,1
POL-04379,CUST-98620,27,Saskatchewan,Whole Life,Monthly,0,108.47,50000,4,0,0
POL-04380,CUST-39961,32,Alberta,Whole Life,Monthly,0,125.67,50000,12,0,0
POL-04381,CUST-48964,57,Ontario,Universal Life,Monthly,0,153.86,50000,14,0,0
POL-04382,CUST-59364,57,British Columbia,Whole Life,Monthly,0,157.07,50000,4,0,0
POL-04383,CUST-84648,47,British Columbia,Critical Illness,Monthly,1,169.83,50000,15,0,0
POL-04384,CUST-98373,62,Manitoba,Term Life,Monthly,0,163.48,50000,2,0,1
POL-04385,CUST-60721,37,Saskatchewan,Term Life,Monthly,0,112.19,50000,7,1,0
POL-04386,CUST-74468,32,Saskatchewan,Critical Illness,Monthly,1,145.03,50000,2,0,0
POL-04387,CUST-87169,47,British Columbia,Term Life,Annual,0,155.28,50000,7,0,0
POL-04388,CUST-63066,32,Alberta,Universal Life,Monthly,0,105.22,50000,10,0,0
POL-04389,CUST-80665,57,Quebec,Term Life,Annual,1,182.89,50000,14,0,0
POL-04390,CUST-60331,52,Ontario,Whole Life,Monthly,0,140.98,50000,3,1,0
POL-04391,CUST-59383,37,British Columbia,Term Life,Monthly,0,109.81,50000,14,1,0
POL-04392,CUST-90481,37,Quebec,Whole Life,Monthly,0,114.56,50000,15,0,0
POL-04393,CUST-43195,52,Ontario,Universal Life,Monthly,0,136.4,50000,1,0,0
POL-04394,CUST-27530,27,Ontario,Term Life,Monthly,1,142.33,50000,15,0,0
POL-04395,CUST-75146,37,Manitoba,Term Life,Annual,0,124.13,50000,14,0,0
POL-04396,CUST-62080,32,Manitoba,Term Life,Annual,0,128.59,50000,1,0,0
POL-04397,CUST-60482,47,British Columbia,Term Life,Annual,1,164.32,50000,1,0,0
POL-04398,CUST-41514,27,Quebec,Term Life,Annual,1,132.06,50000,11,0,0
POL-04399,CUST-74369,27,Alberta,Critical Illness,Monthly,0,96.56,50000,7,1,0
POL-04400,CUST-52135,37,Quebec,Term Life,Monthly,0,114.0,50000,4,0,0
POL-04401,CUST-69023,27,Quebec,Whole Life,Monthly,0,107.16,50000,7,1,0
POL-04402,CUST-13592,57,Quebec,Whole Life,Monthly,0,128.1,50000,6,0,0
POL-04403,CUST-93846,27,Alberta,Term Life,Annual,1,134.13,50000,15,0,0
POL-04404,CUST-81388,62,British Columbia,Term Life,Monthly,0,180.55,50000,4,0,0
POL-04405,CUST-54746,57,Manitoba,Universal Life,Monthly,0,163.96,50000,2,1,0
POL-04406,CUST-26585,32,Ontario,Whole Life,Monthly,0,117.58,50000,13,0,1
POL-04407,CUST-98500,42,Saskatchewan,Universal Life,Annual,0,130.7,50000,13,0,0
POL-04408,CUST-60642,62,Manitoba,Whole Life,Monthly,0,149.45,50000,14,0,0
POL-04409,CUST-51646,62,Saskatchewan,Whole Life,Annual,0,147.6,50000,15,0,0
POL-04410,CUST-93098,57,Alberta,Critical Illness,Monthly,0,138.7,50000,1,0,0
POL-04411,CUST-91594,42,Manitoba,Critical Illness,Monthly,0,106.94,50000,12,0,0
POL-04412,CUST-33171,37,Alberta,Critical Illness,Monthly,0,122.96,50000,5,0,0
POL-04413,CUST-70547,67,Quebec,Term Life,Annual,1,218.22,50000,7,0,0
POL-04414,CUST-39495,52,Alberta,Critical Illness,Annual,0,143.81,50000,7,1,0
POL-04415,CUST-13450,32,British Columbia,Universal Life,Monthly,0,112.26,50000,15,0,0
POL-04416,CUST-46549,47,Quebec,Universal Life,Monthly,0,133.12,50000,8,1,0
POL-04417,CUST-31658,52,Ontario,Universal Life,Monthly,0,145.43,50000,4,1,0
POL-04418,CUST-58957,37,Alberta,Critical Illness,Monthly,0,86.2,50000,2,1,1
POL-04419,CUST-49920,37,Alberta,Whole Life,Monthly,1,150.38,50000,9,1,0
POL-04420,CUST-30709,37,Ontario,Universal Life,Monthly,0,106.49,50000,13,1,1
POL-04421,CUST-50996,47,British Columbia,Universal Life,Monthly,0,129.12,50000,11,0,0
POL-04422,CUST-76458,67,British Columbia,Universal Life,Annual,0,168.31,50000,15,0,0
POL-04423,CUST-65766,62,Ontario,Universal Life,Annual,1,183.01,50000,1,0,1
POL-04424,CUST-66672,27,British Columbia,Term Life,Annual,0,80.69,50000,7,0,0
POL-04425,CUST-21436,32,Ontario,Term Life,Annual,0,93.65,50000,10,0,0
POL-04426,CUST-18390,57,Manitoba,Term Life,Annual,0,130.22,50000,13,0,0
POL-04427,CUST-67139,67,British Columbia,Universal Life,Monthly,0,151.74,50000,5,0,0
POL-04428,CUST-55865,62,Alberta,Universal Life,Monthly,0,144.39,50000,11,0,0
POL-04429,CUST-66627,62,British Columbia,Universal Life,Monthly,0,139.38,50000,4,0,0
POL-04430,CUST-42381,62,Alberta,Universal Life,Annual,0,162.95,50000,9,0,0
POL-04431,CUST-19668,32,British Columbia,Whole Life,Monthly,0,91.79,50000,12,1,1
POL-04432,CUST-41555,62,Saskatchewan,Term Life,Monthly,0,134.24,50000,13,0,0
POL-04433,CUST-68038,57,Quebec,Whole Life,Monthly,0,142.78,50000,7,2,0
POL-04434,CUST-98476,57,Manitoba,Critical Illness,Monthly,0,134.24,50000,8,0,1
POL-04435,CUST-61339,47,Ontario,Whole Life,Monthly,0,147.11,50000,14,0,1
POL-04436,CUST-46492,32,Ontario,Critical Illness,Annual,0,104.19,50000,9,2,0
POL-04437,CUST-42792,57,Quebec,Critical Illness,Monthly,0,129.95,50000,6,1,0
POL-04438,CUST-12158,62,British Columbia,Term Life,Annual,0,163.42,50000,5,0,0
POL-04439,CUST-27652,32,British Columbia,Universal Life,Monthly,0,103.62,50000,11,0,0
POL-04440,CUST-41943,47,British Columbia,Whole Life,Annual,0,126.74,50000,11,0,0
POL-04441,CUST-65239,37,Alberta,Whole Life,Monthly,0,130.5,50000,9,0,0
POL-04442,CUST-63961,52,British Columbia,Term Life,Monthly,0,126.89,50000,3,0,0
POL-04443,CUST-39835,47,Saskatchewan,Term Life,Annual,0,142.02,50000,3,0,0
POL-04444,CUST-57499,62,Saskatchewan,Term Life,Annual,0,151.69,50000,4,1,0
POL-04445,CUST-30625,42,Alberta,Whole Life,Annual,1,155.38,50000,1,2,1
POL-04446,CUST-16937,57,Manitoba,Term Life,Annual,1,173.6,50000,8,0,0
POL-04447,CUST-36223,47,Manitoba,Whole Life,Monthly,0,121.37,50000,7,0,1
POL-04448,CUST-25136,47,Manitoba,Whole Life,Monthly,0,124.37,50000,6,1,0
POL-04449,CUST-58149,27,Ontario,Whole Life,Monthly,0,70.79,50000,15,0,0
POL-04450,CUST-79242,37,Alberta,Critical Illness,Annual,0,115.76,50000,4,0,0
POL-04451,CUST-25179,37,Saskatchewan,Whole Life,Annual,0,112.98,50000,13,1,1
POL-04452,CUST-10651,47,Saskatchewan,Term Life,Annual,1,146.63,50000,3,0,0
POL-04453,CUST-14991,57,Ontario,Critical Illness,Annual,0,155.52,50000,10,0,0
POL-04454,CUST-30747,67,Ontario,Universal Life,Monthly,0,183.08,50000,13,0,0
POL-04455,CUST-24896,27,Ontario,Universal Life,Monthly,0,85.63,50000,13,1,0
POL-04456,CUST-98263,62,Manitoba,Universal Life,Monthly,0,147.18,50000,9,1,0
POL-04457,CUST-31330,27,Alberta,Term Life,Monthly,0,106.96,50000,4,0,0
POL-04458,CUST-69006,47,Ontario,Universal Life,Annual,0,134.44,50000,6,1,0
POL-04459,CUST-72619,32,Alberta,Term Life,Monthly,0,100.97,50000,7,0,0
POL-04460,CUST-32097,32,Quebec,Whole Life,Annual,0,112.37,50000,13,0,0
POL-04461,CUST-23139,37,Manitoba,Term Life,Monthly,1,149.89,50000,6,2,0
POL-04462,CUST-27460,52,Manitoba,Universal Life,Monthly,0,155.74,50000,13,0,0
POL-04463,CUST-89166,42,British Columbia,Term Life,Annual,0,120.4,50000,15,1,0
POL-04464,CUST-47486,42,Saskatchewan,Term Life,Monthly,0,125.72,50000,2,0,0
POL-04465,CUST-10670,37,British Columbia,Term Life,Annual,0,124.78,50000,15,0,0
POL-04466,CUST-68100,67,Alberta,Universal Life,Monthly,0,136.23,50000,9,0,0
POL-04467,CUST-48644,47,Alberta,Term Life,Monthly,0,143.21,50000,10,0,0
POL-04468,CUST-25393,27,Ontario,Whole Life,Monthly,0,87.54,50000,5,0,0
POL-04469,CUST-24634,62,Saskatchewan,Term Life,Monthly,0,162.6,50000,6,1,0
POL-04470,CUST-77314,42,British Columbia,Universal Life,Annual,0,140.57,50000,9,0,0
POL-04471,CUST-38226,42,Saskatchewan,Term Life,Annual,0,116.93,50000,3,1,0
POL-04472,CUST-13773,52,British Columbia,Critical Illness,Annual,0,133.13,50000,11,1,0
POL-04473,CUST-78957,37,Ontario,Term Life,Monthly,0,110.94,50000,11,0,0
POL-04474,CUST-27459,32,Alberta,Term Life,Annual,0,85.17,50000,1,0,0
POL-04475,CUST-99733,32,Manitoba,Term Life,Monthly,0,128.99,50000,4,0,0
POL-04476,CUST-63124,27,Ontario,Term Life,Monthly,0,93.09,50000,8,0,0
POL-04477,CUST-59458,57,Ontario,Whole Life,Annual,0,167.35,50000,12,0,0
POL-04478,CUST-73556,47,British Columbia,Term Life,Annual,0,125.6,50000,5,0,0
POL-04479,CUST-29960,37,Quebec,Critical Illness,Annual,0,112.01,50000,14,0,0
POL-04480,CUST-70498,52,Saskatchewan,Whole Life,Annual,0,149.93,50000,9,0,0
POL-04481,CUST-25993,57,Manitoba,Term Life,Monthly,0,134.37,50000,9,0,0
POL-04482,CUST-33562,27,Ontario,Whole Life,Monthly,1,127.37,50000,2,1,0
POL-04483,CUST-61559,62,Quebec,Term Life,Monthly,0,167.48,50000,10,1,0
POL-04484,CUST-44694,62,British Columbia,Term Life,Monthly,0,154.04,50000,13,1,0
POL-04485,CUST-91176,42,Saskatchewan,Term Life,Monthly,0,114.8,50000,4,0,0
POL-04486,CUST-13386,32,British Columbia,Term Life,Monthly,0,115.98,50000,9,1,0
POL-04487,CUST-18966,52,Quebec,Term Life,Monthly,0,155.41,50000,1,0,1
POL-04488,CUST-10042,62,Alberta,Critical Illness,Monthly,0,175.32,50000,4,0,0
POL-04489,CUST-91563,62,British Columbia,Universal Life,Annual,0,148.5,50000,2,1,0
POL-04490,CUST-47483,62,Ontario,Critical Illness,Monthly,0,149.65,50000,12,1,1
POL-04491,CUST-89154,57,Ontario,Term Life,Monthly,0,141.94,50000,15,0,0
POL-04492,CUST-58901,57,Saskatchewan,Critical Illness,Monthly,0,156.22,50000,1,0,0
POL-04493,CUST-87453,47,Saskatchewan,Term Life,Monthly,0,115.24,50000,11,1,0
POL-04494,CUST-83900,32,Alberta,Term Life,Monthly,1,123.92,50000,9,1,0
POL-04495,CUST-18789,52,British Columbia,Universal Life,Monthly,0,130.03,50000,11,1,0
POL-04496,CUST-96638,37,Manitoba,Term Life,Annual,0,100.34,50000,8,0,0
POL-04497,CUST-56015,42,Manitoba,Whole Life,Annual,0,131.21,50000,15,0,0
POL-04498,CUST-63922,57,Manitoba,Universal Life,Monthly,0,157.4,50000,1,0,0
POL-04499,CUST-31846,52,Saskatchewan,Whole Life,Monthly,0,132.82,50000,3,0,0
POL-04500,CUST-83488,32,Quebec,Whole Life,Monthly,0,100.27,50000,4,0,0
POL-04501,CUST-17449,62,Alberta,Term Life,Monthly,0,126.12,50000,12,1,0
POL-04502,CUST-21742,37,Manitoba,Term Life,Monthly,0,106.11,50000,2,0,0
POL-04503,CUST-30541,62,Ontario,Critical Illness,Annual,0,171.53,50000,2,0,0
POL-04504,CUST-83498,37,Manitoba,Term Life,Monthly,0,105.46,50000,11,0,0
POL-04505,CUST-83413,67,Alberta,Term Life,Monthly,0,152.49,50000,7,0,0
POL-04506,CUST-32805,57,Manitoba,Term Life,Annual,0,164.11,50000,11,1,1
POL-04507,CUST-59391,42,Manitoba,Critical Illness,Monthly,1,142.23,50000,6,0,0
POL-04508,CUST-46877,62,British Columbia,Universal Life,Monthly,0,175.15,50000,2,0,0
POL-04509,CUST-59407,42,Quebec,Whole Life,Monthly,1,190.25,50000,9,0,0
POL-04510,CUST-11919,52,British Columbia,Critical Illness,Monthly,0,137.29,50000,2,0,1
POL-04511,CUST-49134,62,Ontario,Term Life,Monthly,0,171.53,50000,8,1,0
POL-04512,CUST-52123,62,Ontario,Critical Illness,Annual,0,136.57,50000,14,0,0
POL-04513,CUST-11296,62,Saskatchewan,Term Life,Monthly,0,136.04,50000,3,0,1
POL-04514,CUST-68615,47,Alberta,Term Life,Annual,0,120.04,50000,4,1,0
POL-04515,CUST-44518,42,Alberta,Term Life,Monthly,0,130.47,50000,15,0,0
POL-04516,CUST-32684,52,British Columbia,Critical Illness,Annual,0,138.62,50000,5,0,0
POL-04517,CUST-80758,62,Manitoba,Critical Illness,Monthly,0,154.36,50000,6,0,0
POL-04518,CUST-82779,32,British Columbia,Whole Life,Monthly,0,87.11,50000,11,0,0
POL-04519,CUST-32818,37,Quebec,Term Life,Monthly,0,110.07,50000,2,0,1
POL-04520,CUST-93356,62,British Columbia,Term Life,Monthly,0,148.88,50000,1,0,0
POL-04521,CUST-11409,32,Alberta,Whole Life,Monthly,0,91.53,50000,13,0,0
POL-04522,CUST-61360,32,Manitoba,Term Life,Monthly,1,125.51,50000,15,1,0
POL-04523,CUST-73905,57,Quebec,Term Life,Annual,1,184.9,50000,15,0,0
POL-04524,CUST-31964,27,Saskatchewan,Universal Life,Monthly,0,84.96,50000,1,0,0
POL-04525,CUST-42982,37,Quebec,Whole Life,Monthly,0,111.52,50000,8,0,0
POL-04526,CUST-73473,42,Ontario,Critical Illness,Annual,0,99.37,50000,13,0,0
POL-04527,CUST-42640,52,Quebec,Whole Life,Monthly,0,144.64,50000,13,0,0
POL-04528,CUST-36514,42,Quebec,Term Life,Monthly,0,123.49,50000,6,0,0
POL-04529,CUST-68327,42,British Columbia,Whole Life,Annual,0,117.82,50000,8,0,0
POL-04530,CUST-24651,62,Ontario,Term Life,Annual,0,158.54,50000,3,0,0
POL-04531,CUST-60375,52,Quebec,Whole Life,Monthly,0,149.81,50000,3,0,1
POL-04532,CUST-35666,47,British Columbia,Universal Life,Monthly,1,147.21,50000,6,0,0
POL-04533,CUST-38692,67,Ontario,Term Life,Monthly,0,166.4,50000,4,0,1
POL-04534,CUST-49510,67,Manitoba,Term Life,Monthly,0,149.94,50000,15,0,0
POL-04535,CUST-75960,67,Ontario,Critical Illness,Annual,0,166.65,50000,2,0,0
POL-04536,CUST-30311,67,Alberta,Whole Life,Annual,0,162.49,50000,8,0,0
POL-04537,CUST-70477,37,Ontario,Whole Life,Monthly,1,146.3,50000,9,1,0
POL-04538,CUST-40353,67,Saskatchewan,Universal Life,Monthly,0,175.78,50000,1,0,0
POL-04539,CUST-90113,32,Alberta,Whole Life,Annual,1,147.42,50000,7,1,0
POL-04540,CUST-45605,52,Manitoba,Term Life,Monthly,0,151.64,50000,15,0,0
POL-04541,CUST-47715,42,Alberta,Universal Life,Annual,0,115.84,50000,2,1,0
POL-04542,CUST-77846,42,Alberta,Critical Illness,Monthly,0,129.04,50000,3,0,0
POL-04543,CUST-13959,57,Saskatchewan,Term Life,Monthly,0,153.68,50000,3,0,0
POL-04544,CUST-87187,27,Manitoba,Term Life,Monthly,1,124.15,50000,1,0,0
POL-04545,CUST-39999,32,Manitoba,Universal Life,Annual,0,104.01,50000,14,0,0
POL-04546,CUST-84240,62,British Columbia,Whole Life,Monthly,0,155.01,50000,1,1,0
POL-04547,CUST-43259,32,Saskatchewan,Term Life,Annual,0,119.34,50000,5,0,0
POL-04548,CUST-27389,67,British Columbia,Whole Life,Monthly,0,175.32,50000,13,2,0
POL-04549,CUST-19622,42,Quebec,Universal Life,Monthly,1,151.57,50000,15,0,0
POL-04550,CUST-82877,32,British Columbia,Whole Life,Monthly,0,97.73,50000,3,0,0
POL-04551,CUST-12223,67,Alberta,Term Life,Monthly,0,177.09,50000,6,2,0
POL-04552,CUST-67647,47,Quebec,Term Life,Monthly,0,145.68,50000,3,0,0
POL-04553,CUST-64407,57,Alberta,Whole Life,Monthly,0,151.39,50000,3,0,0
POL-04554,CUST-31401,32,Quebec,Critical Illness,Monthly,1,145.5,50000,15,0,0
POL-04555,CUST-78034,62,British Columbia,Whole Life,Monthly,0,172.24,50000,6,0,0
POL-04556,CUST-43840,52,Quebec,Term Life,Annual,1,171.5,50000,10,0,0
POL-04557,CUST-81640,32,Quebec,Critical Illness,Annual,0,103.6,50000,3,0,0
POL-04558,CUST-41094,37,Quebec,Term Life,Monthly,0,117.44,50000,5,0,0
POL-04559,CUST-80192,47,Alberta,Whole Life,Monthly,0,124.45,50000,6,0,0
POL-04560,CUST-49162,42,Quebec,Term Life,Annual,0,140.99,50000,9,1,0
POL-04561,CUST-51320,47,Saskatchewan,Universal Life,Monthly,0,124.34,50000,14,1,0
POL-04562,CUST-86035,37,British Columbia,Universal Life,Annual,0,112.34,50000,4,0,0
POL-04563,CUST-18868,27,British Columbia,Universal Life,Monthly,0,116.6,50000,10,0,0
POL-04564,CUST-47044,42,Quebec,Term Life,Annual,0,98.26,50000,8,0,0
POL-04565,CUST-13916,52,Alberta,Whole Life,Monthly,0,141.19,50000,12,1,0
POL-04566,CUST-14919,32,Ontario,Term Life,Monthly,1,129.67,50000,6,2,0
POL-04567,CUST-22298,27,Quebec,Critical Illness,Monthly,1,128.6,50000,7,0,0
POL-04568,CUST-76359,57,Alberta,Term Life,Monthly,0,133.13,50000,10,0,0
POL-04569,CUST-80611,47,Ontario,Whole Life,Monthly,0,125.15,50000,7,0,0
POL-04570,CUST-80831,37,Ontario,Universal Life,Annual,0,111.9,50000,12,0,0
POL-04571,CUST-99302,57,British Columbia,Term Life,Monthly,0,150.46,50000,1,0,0
POL-04572,CUST-61504,62,Saskatchewan,Term Life,Monthly,0,167.35,50000,6,1,0
POL-04573,CUST-27859,42,Alberta,Term Life,Monthly,0,92.71,50000,3,1,0
POL-04574,CUST-52761,32,Manitoba,Whole Life,Monthly,0,101.09,50000,3,0,0
POL-04575,CUST-59862,42,Saskatchewan,Critical Illness,Monthly,0,118.5,50000,1,1,0
POL-04576,CUST-79488,32,British Columbia,Whole Life,Monthly,1,136.83,50000,6,0,0
POL-04577,CUST-52882,67,Quebec,Critical Illness,Annual,0,165.99,50000,4,2,0
POL-04578,CUST-11987,42,Alberta,Term Life,Annual,1,145.64,50000,12,1,0
POL-04579,CUST-85386,52,Manitoba,Term Life,Monthly,0,120.04,50000,8,0,0
POL-04580,CUST-62577,62,Alberta,Critical Illness,Annual,0,159.21,50000,12,0,0
POL-04581,CUST-19722,67,Quebec,Critical Illness,Monthly,0,153.67,50000,14,0,0
POL-04582,CUST-95673,27,Quebec,Term Life,Monthly,1,133.43,50000,12,0,0
POL-04583,CUST-50519,67,Saskatchewan,Universal Life,Annual,0,154.35,50000,7,0,0
POL-04584,CUST-81485,47,Saskatchewan,Critical Illness,Annual,0,137.91,50000,15,0,0
POL-04585,CUST-75534,27,Quebec,Universal Life,Monthly,0,92.95,50000,6,2,0
POL-04586,CUST-34796,67,Quebec,Whole Life,Monthly,0,165.78,50000,13,0,0
POL-04587,CUST-90612,62,Ontario,Term Life,Monthly,0,153.64,50000,3,1,0
POL-04588,CUST-92590,32,Saskatchewan,Term Life,Monthly,0,97.72,50000,15,0,0
POL-04589,CUST-94675,47,Ontario,Whole Life,Monthly,0,126.8,50000,5,0,1
POL-04590,CUST-28221,47,Saskatchewan,Whole Life,Monthly,0,143.78,50000,10,0,0
POL-04591,CUST-22467,57,British Columbia,Term Life,Annual,1,164.19,50000,6,0,0
POL-04592,CUST-59223,32,Manitoba,Term Life,Monthly,1,129.82,50000,4,0,0
POL-04593,CUST-32181,57,Quebec,Term Life,Monthly,0,160.28,50000,5,1,0
POL-04594,CUST-66248,57,British Columbia,Whole Life,Annual,0,157.44,50000,10,0,0
POL-04595,CUST-70623,57,British Columbia,Term Life,Annual,0,163.72,50000,2,0,0
POL-04596,CUST-13063,42,Saskatchewan,Term Life,Monthly,0,119.89,50000,3,0,0
POL-04597,CUST-78625,27,Manitoba,Term Life,Monthly,1,112.78,50000,14,1,0
POL-04598,CUST-21451,42,British Columbia,Critical Illness,Annual,1,142.31,50000,2,0,0
POL-04599,CUST-61489,32,British Columbia,Whole Life,Annual,0,99.02,50000,11,0,1
POL-04600,CUST-58990,57,Manitoba,Term Life,Monthly,1,191.73,50000,5,0,0
POL-04601,CUST-11705,67,Ontario,Whole Life,Monthly,0,162.54,50000,5,0,0
POL-04602,CUST-26281,62,Saskatchewan,Whole Life,Annual,1,187.62,50000,6,0,0
POL-04603,CUST-58597,67,Saskatchewan,Whole Life,Annual,0,170.36,50000,6,0,0
POL-04604,CUST-47722,52,Ontario,Whole Life,Monthly,0,138.93,50000,11,0,0
POL-04605,CUST-52703,52,Quebec,Whole Life,Monthly,0,133.31,50000,13,1,0
POL-04606,CUST-73521,42,British Columbia,Universal Life,Annual,0,108.58,50000,6,0,0
POL-04607,CUST-72017,62,Saskatchewan,Term Life,Monthly,0,167.96,50000,3,1,0
POL-04608,CUST-66282,67,British Columbia,Term Life,Monthly,0,178.17,50000,1,0,0
POL-04609,CUST-76268,37,Alberta,Term Life,Monthly,0,98.91,50000,11,0,0
POL-04610,CUST-88681,42,Saskatchewan,Whole Life,Monthly,0,115.77,50000,14,0,0
POL-04611,CUST-29002,52,Saskatchewan,Whole Life,Annual,0,146.6,50000,1,0,0
POL-04612,CUST-92904,47,British Columbia,Universal Life,Monthly,0,115.95,50000,9,0,0
POL-04613,CUST-52293,42,Quebec,Term Life,Annual,0,124.98,50000,4,0,0
POL-04614,CUST-93392,37,Manitoba,Whole Life,Monthly,0,107.68,50000,4,1,0
POL-04615,CUST-67451,37,British Columbia,Term Life,Annual,0,97.0,50000,13,1,1
POL-04616,CUST-45314,52,British Columbia,Term Life,Monthly,0,159.93,50000,4,0,0
POL-04617,CUST-13952,42,Alberta,Universal Life,Monthly,1,151.5,50000,5,0,0
POL-04618,CUST-20972,62,Ontario,Term Life,Annual,1,197.89,50000,2,0,0
POL-04619,CUST-65968,67,Manitoba,Term Life,Annual,0,152.15,50000,14,1,0
POL-04620,CUST-70043,37,Ontario,Term Life,Monthly,0,130.23,50000,14,0,0
POL-04621,CUST-22303,62,British Columbia,Universal Life,Monthly,1,214.97,50000,14,0,0
POL-04622,CUST-92709,47,Saskatchewan,Term Life,Monthly,1,146.57,50000,4,0,0
POL-04623,CUST-39538,57,Ontario,Critical Illness,Annual,0,145.63,50000,3,1,0
POL-04624,CUST-79232,67,Saskatchewan,Critical Illness,Monthly,0,181.53,50000,15,0,0
POL-04625,CUST-79593,62,Alberta,Universal Life,Annual,0,150.98,50000,10,1,0
POL-04626,CUST-72731,42,Ontario,Term Life,Monthly,0,125.51,50000,4,0,0
POL-04627,CUST-92312,27,Saskatchewan,Universal Life,Monthly,0,73.44,50000,1,0,0
POL-04628,CUST-82232,47,British Columbia,Term Life,Monthly,0,120.14,50000,12,1,0
POL-04629,CUST-24787,47,British Columbia,Critical Illness,Monthly,0,133.26,50000,13,0,0
POL-04630,CUST-46882,52,British Columbia,Whole Life,Annual,1,166.53,50000,1,0,1
POL-04631,CUST-61348,52,British Columbia,Term Life,Monthly,0,134.27,50000,8,1,1
POL-04632,CUST-55158,52,Manitoba,Term Life,Annual,0,120.41,50000,8,0,0
POL-04633,CUST-57108,27,British Columbia,Universal Life,Monthly,0,101.45,50000,7,1,0
POL-04634,CUST-27989,32,British Columbia,Critical Illness,Monthly,0,86.53,50000,6,0,0
POL-04635,CUST-97422,57,Ontario,Whole Life,Annual,0,166.09,50000,5,0,0
POL-04636,CUST-70438,42,Alberta,Whole Life,Monthly,1,147.41,50000,6,0,0
POL-04637,CUST-82441,62,Manitoba,Universal Life,Monthly,0,166.21,50000,14,0,0
POL-04638,CUST-41317,32,Quebec,Universal Life,Monthly,0,111.03,50000,15,1,0
POL-04639,CUST-69785,62,British Columbia,Universal Life,Monthly,0,144.78,50000,2,0,1
POL-04640,CUST-34071,52,British Columbia,Term Life,Annual,0,131.69,50000,11,0,1
POL-04641,CUST-63200,47,British Columbia,Whole Life,Monthly,1,159.11,50000,9,0,0
POL-04642,CUST-32560,42,Alberta,Critical Illness,Monthly,1,150.92,50000,4,0,0
POL-04643,CUST-93994,57,Manitoba,Term Life,Monthly,0,132.03,50000,3,0,1
POL-04644,CUST-55963,27,Alberta,Term Life,Monthly,1,135.01,50000,12,1,0
POL-04645,CUST-54252,67,British Columbia,Term Life,Annual,0,157.34,50000,6,0,0
POL-04646,CUST-58597,42,Saskatchewan,Whole Life,Annual,0,119.23,50000,2,0,1
POL-04647,CUST-30410,57,Saskatchewan,Universal Life,Monthly,0,159.68,50000,15,0,0
POL-04648,CUST-84360,47,British Columbia,Term Life,Monthly,0,136.46,50000,14,1,0
POL-04649,CUST-35626,32,British Columbia,Whole Life,Monthly,0,95.14,50000,7,1,0
POL-04650,CUST-92468,27,Manitoba,Term Life,Annual,1,141.09,50000,7,0,0
POL-04651,CUST-85147,67,Saskatchewan,Critical Illness,Monthly,1,208.59,50000,7,0,0
POL-04652,CUST-37823,37,Quebec,Universal Life,Monthly,0,103.13,50000,3,0,0
POL-04653,CUST-59951,67,Alberta,Whole Life,Monthly,1,194.43,50000,2,1,1
POL-04654,CUST-39863,57,Alberta,Universal Life,Annual,0,159.61,50000,5,0,0
POL-04655,CUST-22392,57,Manitoba,Term Life,Monthly,0,156.94,50000,6,0,0
POL-04656,CUST-35306,37,Saskatchewan,Universal Life,Monthly,0,93.57,50000,3,0,0
POL-04657,CUST-88268,67,Saskatchewan,Universal Life,Annual,0,153.53,50000,1,1,0
POL-04658,CUST-37184,57,Alberta,Term Life,Annual,0,155.94,50000,14,1,0
POL-04659,CUST-93514,42,Ontario,Critical Illness,Monthly,0,106.51,50000,14,1,1
POL-04660,CUST-75563,37,Alberta,Term Life,Annual,0,121.26,50000,5,1,0
POL-04661,CUST-50221,57,Quebec,Whole Life,Monthly,0,170.83,50000,10,0,0
POL-04662,CUST-66618,27,Saskatchewan,Term Life,Monthly,0,98.08,50000,3,0,0
POL-04663,CUST-89451,37,Manitoba,Universal Life,Monthly,0,100.52,50000,14,1,1
POL-04664,CUST-17005,52,Alberta,Term Life,Monthly,0,140.72,50000,13,0,1
POL-04665,CUST-82154,27,Ontario,Term Life,Monthly,0,106.02,50000,3,0,0
POL-04666,CUST-61527,47,Manitoba,Whole Life,Monthly,0,130.79,50000,4,0,0
POL-04667,CUST-98132,52,Quebec,Critical Illness,Monthly,1,179.41,50000,5,0,0
POL-04668,CUST-86294,67,Manitoba,Term Life,Annual,1,191.01,50000,2,0,0
POL-04669,CUST-90588,52,Saskatchewan,Whole Life,Monthly,0,129.92,50000,6,0,0
POL-04670,CUST-15417,52,British Columbia,Whole Life,Monthly,1,184.47,50000,11,0,1
POL-04671,CUST-50859,32,Alberta,Universal Life,Monthly,0,94.06,50000,11,0,1
POL-04672,CUST-91491,42,British Columbia,Term Life,Monthly,1,124.57,50000,1,0,0
POL-04673,CUST-34394,67,Alberta,Whole Life,Monthly,0,161.92,50000,6,0,0
POL-04674,CUST-33111,37,British Columbia,Critical Illness,Monthly,0,115.37,50000,13,0,0
POL-04675,CUST-70063,27,Ontario,Term Life,Monthly,0,106.3,50000,14,0,0
POL-04676,CUST-39498,67,Alberta,Whole Life,Monthly,0,185.35,50000,9,0,0
POL-04677,CUST-62948,57,Alberta,Critical Illness,Annual,0,148.62,50000,12,0,0
POL-04678,CUST-45954,57,Alberta,Term Life,Annual,0,155.5,50000,4,1,0
POL-04679,CUST-50577,67,Alberta,Term Life,Monthly,0,167.05,50000,14,0,0
POL-04680,CUST-22805,57,Saskatchewan,Term Life,Annual,1,186.85,50000,8,1,0
POL-04681,CUST-85023,52,Saskatchewan,Universal Life,Monthly,0,136.36,50000,11,0,0
POL-04682,CUST-18862,37,Alberta,Critical Illness,Annual,0,116.24,50000,4,2,0
POL-04683,CUST-25295,52,Quebec,Whole Life,Monthly,0,129.84,50000,3,0,0
POL-04684,CUST-31656,52,Quebec,Whole Life,Monthly,1,197.36,50000,8,0,0
POL-04685,CUST-34730,62,Saskatchewan,Term Life,Monthly,0,127.91,50000,8,0,0
POL-04686,CUST-10485,32,Manitoba,Term Life,Monthly,0,109.45,50000,9,0,0
POL-04687,CUST-96293,57,British Columbia,Term Life,Annual,0,151.43,50000,13,0,0
POL-04688,CUST-61952,57,Manitoba,Term Life,Monthly,0,152.06,50000,12,1,0
POL-04689,CUST-54046,57,Saskatchewan,Term Life,Monthly,0,133.41,50000,5,0,0
POL-04690,CUST-22102,62,Quebec,Universal Life,Monthly,0,136.46,50000,7,2,0
POL-04691,CUST-67016,57,Manitoba,Term Life,Monthly,0,154.87,50000,2,0,1
POL-04692,CUST-18401,27,British Columbia,Term Life,Monthly,0,109.69,50000,12,0,0
POL-04693,CUST-34543,37,Quebec,Term Life,Monthly,0,114.24,50000,3,0,0
POL-04694,CUST-60690,52,Saskatchewan,Term Life,Monthly,0,148.26,50000,2,0,0
POL-04695,CUST-98426,42,Manitoba,Term Life,Annual,1,150.1,50000,8,0,1
POL-04696,CUST-63335,42,Quebec,Term Life,Monthly,0,124.58,50000,14,0,0
POL-04697,CUST-53035,57,Manitoba,Term Life,Monthly,0,162.31,50000,6,0,0
POL-04698,CUST-69389,52,Manitoba,Whole Life,Monthly,0,134.84,50000,3,0,0
POL-04699,CUST-75945,62,Ontario,Universal Life,Annual,0,170.83,50000,3,2,0
POL-04700,CUST-55339,47,Quebec,Critical Illness,Annual,0,109.99,50000,13,0,0
POL-04701,CUST-40523,67,Saskatchewan,Universal Life,Monthly,1,193.24,50000,10,0,0
POL-04702,CUST-89588,62,Manitoba,Whole Life,Monthly,0,163.15,50000,8,0,0
POL-04703,CUST-37445,62,Manitoba,Critical Illness,Monthly,0,179.43,50000,14,1,0
POL-04704,CUST-21237,42,Manitoba,Whole Life,Monthly,0,120.77,50000,2,0,0
POL-04705,CUST-36305,42,Alberta,Whole Life,Annual,0,108.19,50000,10,0,0
POL-04706,CUST-80765,52,British Columbia,Whole Life,Annual,0,161.16,50000,6,1,0
POL-04707,CUST-16889,42,Alberta,Term Life,Monthly,0,119.09,50000,4,1,0
POL-04708,CUST-47007,32,Manitoba,Term Life,Annual,0,110.58,50000,14,0,1
POL-04709,CUST-13663,52,British Columbia,Term Life,Annual,0,134.59,50000,15,0,0
POL-04710,CUST-91310,47,Manitoba,Universal Life,Annual,0,131.31,50000,13,1,0
POL-04711,CUST-39801,47,Quebec,Term Life,Annual,1,157.85,50000,3,0,0
POL-04712,CUST-31107,37,British Columbia,Universal Life,Monthly,0,138.69,50000,11,0,0
POL-04713,CUST-72393,52,Ontario,Critical Illness,Annual,0,152.89,50000,6,0,0
POL-04714,CUST-95296,57,Saskatchewan,Whole Life,Monthly,0,168.82,50000,6,0,0
POL-04715,CUST-14770,37,Ontario,Term Life,Monthly,0,102.14,50000,3,0,0
POL-04716,CUST-88044,47,British Columbia,Whole Life,Monthly,0,107.7,50000,9,1,1
POL-04717,CUST-45320,62,Manitoba,Term Life,Annual,0,153.08,50000,13,1,0
POL-04718,CUST-25585,62,Ontario,Critical Illness,Monthly,0,186.8,50000,4,0,1
POL-04719,CUST-16574,67,Ontario,Universal Life,Monthly,0,161.74,50000,9,0,0
POL-04720,CUST-49142,67,Alberta,Universal Life,Annual,0,178.22,50000,10,1,0
POL-04721,CUST-31735,37,Manitoba,Whole Life,Monthly,0,99.3,50000,10,0,0
POL-04722,CUST-31876,47,Ontario,Universal Life,Monthly,0,119.65,50000,4,0,0
POL-04723,CUST-26822,32,British Columbia,Universal Life,Monthly,0,101.64,50000,1,1,0
POL-04724,CUST-22783,57,Ontario,Term Life,Monthly,0,172.92,50000,13,0,0
POL-04725,CUST-80742,37,Alberta,Term Life,Monthly,0,124.8,50000,9,0,0
POL-04726,CUST-44921,47,Manitoba,Term Life,Monthly,0,104.96,50000,11,0,0
POL-04727,CUST-82111,32,Quebec,Whole Life,Monthly,0,110.6,50000,8,0,0
POL-04728,CUST-58164,42,British Columbia,Critical Illness,Annual,0,106.82,50000,6,0,0
POL-04729,CUST-17087,67,Ontario,Whole Life,Annual,1,192.42,50000,4,0,0
POL-04730,CUST-46141,27,Manitoba,Whole Life,Monthly,0,99.72,50000,10,1,1
POL-04731,CUST-17806,32,British Columbia,Critical Illness,Annual,0,119.38,50000,13,0,0
POL-04732,CUST-39852,62,Saskatchewan,Term Life,Annual,1,207.79,50000,5,0,0
POL-04733,CUST-84097,52,Manitoba,Term Life,Annual,0,142.58,50000,1,0,0
POL-04734,CUST-39509,37,British Columbia,Critical Illness,Monthly,0,115.75,50000,3,1,0
POL-04735,CUST-31444,52,Saskatchewan,Critical Illness,Monthly,0,154.75,50000,9,0,0
POL-04736,CUST-24492,67,Quebec,Universal Life,Monthly,0,146.69,50000,4,1,0
POL-04737,CUST-21953,57,Quebec,Term Life,Monthly,0,169.53,50000,13,1,0
POL-04738,CUST-30046,47,Alberta,Critical Illness,Monthly,0,120.77,50000,5,1,0
POL-04739,CUST-91853,67,Alberta,Universal Life,Monthly,0,168.73,50000,8,0,0
POL-04740,CUST-57647,42,Ontario,Universal Life,Monthly,0,114.64,50000,4,0,0
POL-04741,CUST-80459,32,British Columbia,Term Life,Monthly,0,88.73,50000,7,1,0
POL-04742,CUST-24315,27,British Columbia,Whole Life,Monthly,0,99.14,50000,11,0,0
POL-04743,CUST-64795,57,Quebec,Universal Life,Monthly,0,150.44,50000,12,0,0
POL-04744,CUST-84652,27,British Columbia,Critical Illness,Annual,0,92.34,50000,12,0,0
POL-04745,CUST-79814,57,Alberta,Whole Life,Monthly,0,145.77,50000,8,0,0
POL-04746,CUST-76254,37,Alberta,Whole Life,Monthly,0,129.91,50000,7,1,0
POL-04747,CUST-77676,47,Manitoba,Universal Life,Monthly,0,155.91,50000,5,0,0
POL-04748,CUST-98995,42,Ontario,Whole Life,Monthly,1,170.63,50000,15,1,1
POL-04749,CUST-44830,37,Saskatchewan,Whole Life,Annual,0,114.93,50000,12,0,0
POL-04750,CUST-38506,52,Alberta,Term Life,Monthly,0,118.95,50000,14,0,0
POL-04751,CUST-18477,42,British Columbia,Term Life,Annual,1,163.13,50000,12,0,1
POL-04752,CUST-26415,47,Ontario,Universal Life,Annual,0,137.66,50000,2,0,0
POL-04753,CUST-46350,52,Manitoba,Term Life,Monthly,0,147.86,50000,4,0,0
POL-04754,CUST-16796,62,Manitoba,Term Life,Monthly,0,142.91,50000,7,0,1
POL-04755,CUST-78154,62,Saskatchewan,Critical Illness,Monthly,1,201.8,50000,5,0,0
POL-04756,CUST-41495,47,Ontario,Universal Life,Monthly,0,148.34,50000,14,0,0
POL-04757,CUST-39101,62,Manitoba,Term Life,Monthly,0,144.81,50000,8,0,0
POL-04758,CUST-92884,47,Saskatchewan,Term Life,Monthly,0,137.82,50000,4,0,0
POL-04759,CUST-15377,42,Alberta,Universal Life,Monthly,0,110.86,50000,9,1,1
POL-04760,CUST-63207,42,Saskatchewan,Whole Life,Monthly,0,119.35,50000,6,3,0
POL-04761,CUST-63907,52,Ontario,Whole Life,Monthly,1,162.22,50000,2,0,0
POL-04762,CUST-96267,42,Ontario,Whole Life,Monthly,0,116.39,50000,15,0,0
POL-04763,CUST-46832,67,Saskatchewan,Term Life,Monthly,0,161.48,50000,15,0,0
POL-04764,CUST-92260,52,Ontario,Universal Life,Annual,0,143.55,50000,12,0,0
POL-04765,CUST-70836,52,Manitoba,Term Life,Monthly,1,184.28,50000,5,0,0
POL-04766,CUST-44176,47,British Columbia,Whole Life,Monthly,0,144.19,50000,13,0,0
POL-04767,CUST-57623,67,Ontario,Term Life,Monthly,0,157.78,50000,5,1,1
POL-04768,CUST-49412,32,Ontario,Term Life,Annual,0,106.92,50000,14,2,0
POL-04769,CUST-64216,57,British Columbia,Term Life,Annual,0,134.42,50000,14,0,0
POL-04770,CUST-36941,57,Quebec,Critical Illness,Monthly,0,146.27,50000,3,1,1
POL-04771,CUST-39698,42,Ontario,Term Life,Monthly,0,121.11,50000,5,1,0
POL-04772,CUST-76771,62,Manitoba,Term Life,Monthly,0,145.53,50000,11,0,0
POL-04773,CUST-98329,27,Alberta,Term Life,Monthly,0,100.31,50000,4,0,0
POL-04774,CUST-61244,52,Manitoba,Universal Life,Monthly,0,136.73,50000,13,1,0
POL-04775,CUST-39635,27,Alberta,Whole Life,Monthly,1,130.45,50000,11,0,0
POL-04776,CUST-15707,37,Alberta,Critical Illness,Annual,0,126.29,50000,4,1,1
POL-04777,CUST-94466,62,Manitoba,Universal Life,Monthly,1,186.47,50000,12,1,0
POL-04778,CUST-92679,27,Alberta,Whole Life,Monthly,0,103.8,50000,1,2,1
POL-04779,CUST-28658,52,British Columbia,Universal Life,Monthly,1,190.91,50000,6,0,0
POL-04780,CUST-80693,47,Ontario,Term Life,Monthly,0,146.18,50000,3,0,0
POL-04781,CUST-70950,57,British Columbia,Critical Illness,Annual,1,180.34,50000,1,1,1
POL-04782,CUST-93965,47,Saskatchewan,Critical Illness,Annual,0,117.93,50000,12,2,0
POL-04783,CUST-55305,42,Saskatchewan,Term Life,Monthly,0,112.08,50000,3,0,0
POL-04784,CUST-32451,62,Ontario,Whole Life,Annual,0,137.56,50000,11,0,0
POL-04785,CUST-40768,52,Saskatchewan,Term Life,Monthly,0,146.83,50000,2,0,0
POL-04786,CUST-77768,52,Saskatchewan,Whole Life,Monthly,0,147.58,50000,14,1,0
POL-04787,CUST-28181,32,British Columbia,Universal Life,Monthly,0,104.01,50000,15,1,0
POL-04788,CUST-67046,47,Quebec,Critical Illness,Monthly,0,113.09,50000,5,1,0
POL-04789,CUST-84428,32,Alberta,Term Life,Monthly,1,133.22,50000,8,0,1
POL-04790,CUST-21086,57,Quebec,Universal Life,Monthly,0,164.16,50000,10,0,0
POL-04791,CUST-57533,37,Manitoba,Universal Life,Monthly,0,118.92,50000,9,1,0
POL-04792,CUST-33361,27,Alberta,Term Life,Annual,0,103.0,50000,1,0,1
POL-04793,CUST-54807,32,British Columbia,Whole Life,Monthly,0,142.3,50000,15,1,0
POL-04794,CUST-27258,47,Saskatchewan,Universal Life,Monthly,0,133.54,50000,15,0,0
POL-04795,CUST-38729,67,British Columbia,Universal Life,Annual,0,139.7,50000,8,0,0
POL-04796,CUST-23803,37,British Columbia,Critical Illness,Monthly,1,133.39,50000,9,0,0
POL-04797,CUST-45597,67,British Columbia,Term Life,Monthly,1,204.27,50000,3,0,0
POL-04798,CUST-68444,27,Manitoba,Term Life,Monthly,0,93.82,50000,12,0,1
POL-04799,CUST-37442,42,Saskatchewan,Term Life,Monthly,0,118.54,50000,8,0,0
POL-04800,CUST-87944,32,Quebec,Term Life,Monthly,1,135.75,50000,5,0,0
POL-04801,CUST-64501,32,Manitoba,Whole Life,Monthly,0,93.19,50000,5,0,0
POL-04802,CUST-98907,32,British Columbia,Critical Illness,Monthly,0,107.09,50000,2,0,0
POL-04803,CUST-70800,57,Alberta,Whole Life,Monthly,0,164.33,50000,12,0,0
POL-04804,CUST-29352,47,Manitoba,Universal Life,Annual,0,150.39,50000,1,0,0
POL-04805,CUST-61008,57,Quebec,Term Life,Annual,0,168.05,50000,9,0,0
POL-04806,CUST-70679,62,Quebec,Term Life,Monthly,0,145.13,50000,13,1,0
POL-04807,CUST-52731,42,Manitoba,Universal Life,Annual,1,155.36,50000,1,1,0
POL-04808,CUST-17047,52,Ontario,Universal Life,Annual,1,169.83,50000,3,0,0
POL-04809,CUST-26253,57,Manitoba,Term Life,Annual,0,154.7,50000,12,1,0
POL-04810,CUST-31512,27,Ontario,Critical Illness,Monthly,0,92.61,50000,13,1,0
POL-04811,CUST-47170,42,Ontario,Whole Life,Monthly,1,152.89,50000,2,0,0
POL-04812,CUST-86263,62,Quebec,Term Life,Monthly,0,174.05,50000,4,0,0
POL-04813,CUST-12263,37,Ontario,Whole Life,Annual,0,112.78,50000,10,1,0
POL-04814,CUST-94735,42,Saskatchewan,Universal Life,Monthly,0,122.09,50000,9,0,0
POL-04815,CUST-57610,52,Manitoba,Term Life,Annual,0,143.56,50000,8,1,1
POL-04816,CUST-97358,42,Alberta,Universal Life,Annual,1,163.71,50000,4,0,0
POL-04817,CUST-71303,37,British Columbia,Whole Life,Monthly,0,119.78,50000,9,0,0
POL-04818,CUST-51801,67,Ontario,Whole Life,Monthly,0,184.23,50000,1,0,0
POL-04819,CUST-20475,32,Ontario,Critical Illness,Annual,0,87.17,50000,14,0,0
POL-04820,CUST-76222,32,Ontario,Whole Life,Monthly,0,106.49,50000,9,0,0
POL-04821,CUST-64798,37,Quebec,Whole Life,Monthly,0,110.37,50000,6,1,0
POL-04822,CUST-43221,62,British Columbia,Term Life,Annual,0,152.99,50000,6,0,0
POL-04823,CUST-83485,62,Ontario,Term Life,Monthly,0,165.69,50000,6,0,0
POL-04824,CUST-73089,42,Quebec,Term Life,Monthly,0,136.16,50000,7,0,0
POL-04825,CUST-35935,42,Manitoba,Term Life,Monthly,1,148.5,50000,3,0,0
POL-04826,CUST-23697,62,Manitoba,Whole Life,Annual,1,211.84,50000,10,0,0
POL-04827,CUST-69289,57,British Columbia,Term Life,Monthly,1,165.42,50000,3,1,0
POL-04828,CUST-20990,32,Manitoba,Term Life,Monthly,0,109.68,50000,5,2,0
POL-04829,CUST-57276,67,Quebec,Whole Life,Monthly,0,154.91,50000,14,1,1
POL-04830,CUST-98542,47,Saskatchewan,Term Life,Monthly,0,121.9,50000,9,0,0
POL-04831,CUST-76806,32,Ontario,Whole Life,Monthly,0,103.32,50000,14,0,0
POL-04832,CUST-38037,42,British Columbia,Universal Life,Monthly,0,115.81,50000,10,0,0
POL-04833,CUST-96490,47,Quebec,Term Life,Annual,0,95.24,50000,12,0,0
POL-04834,CUST-90744,67,Quebec,Term Life,Monthly,0,172.94,50000,2,1,0
POL-04835,CUST-54235,27,British Columbia,Whole Life,Annual,0,102.96,50000,8,0,0
POL-04836,CUST-12045,32,Quebec,Term Life,Annual,0,100.67,50000,6,0,0
POL-04837,CUST-90154,62,Alberta,Whole Life,Monthly,0,153.72,50000,1,1,0
POL-04838,CUST-84831,37,Alberta,Universal Life,Monthly,0,107.13,50000,2,0,0
POL-04839,CUST-97843,67,Alberta,Whole Life,Monthly,0,145.06,50000,3,0,0
POL-04840,CUST-94300,42,Alberta,Whole Life,Monthly,0,98.79,50000,1,1,0
POL-04841,CUST-54299,52,Saskatchewan,Critical Illness,Monthly,1,183.24,50000,7,0,0
POL-04842,CUST-11399,62,Manitoba,Term Life,Monthly,0,169.38,50000,1,0,0
POL-04843,CUST-45564,42,British Columbia,Critical Illness,Monthly,1,162.76,50000,13,0,0
POL-04844,CUST-45033,52,Manitoba,Universal Life,Monthly,0,143.15,50000,9,0,0
POL-04845,CUST-37059,52,Manitoba,Whole Life,Monthly,1,182.99,50000,15,1,1
POL-04846,CUST-82743,52,British Columbia,Term Life,Monthly,0,147.19,50000,2,0,0
POL-04847,CUST-82840,57,Alberta,Term Life,Monthly,1,173.18,50000,2,1,0
POL-04848,CUST-10403,67,Ontario,Critical Illness,Monthly,1,203.27,50000,14,0,0
POL-04849,CUST-92239,42,Alberta,Term Life,Monthly,0,117.05,50000,6,0,0
POL-04850,CUST-37437,47,Quebec,Critical Illness,Monthly,0,126.21,50000,12,0,0
POL-04851,CUST-25815,62,British Columbia,Whole Life,Monthly,0,170.28,50000,3,0,0
POL-04852,CUST-33240,57,Quebec,Whole Life,Monthly,0,166.5,50000,1,0,0
POL-04853,CUST-15688,32,Quebec,Whole Life,Monthly,1,109.44,50000,8,0,0
POL-04854,CUST-22034,67,Alberta,Term Life,Monthly,1,197.54,50000,9,1,0
POL-04855,CUST-36472,32,Alberta,Whole Life,Annual,0,98.91,50000,2,0,0
POL-04856,CUST-17917,37,Saskatchewan,Critical Illness,Monthly,0,125.54,50000,1,0,0
POL-04857,CUST-25523,37,Manitoba,Term Life,Monthly,0,94.2,50000,4,1,1
POL-04858,CUST-32407,37,Ontario,Critical Illness,Monthly,0,75.73,50000,2,0,0
POL-04859,CUST-79009,42,Alberta,Critical Illness,Annual,0,130.45,50000,15,1,0
POL-04860,CUST-27994,57,British Columbia,Term Life,Annual,0,159.16,50000,15,1,0
POL-04861,CUST-92688,57,Ontario,Whole Life,Monthly,1,161.19,50000,1,1,0
POL-04862,CUST-97695,67,Saskatchewan,Term Life,Monthly,0,164.11,50000,7,1,0
POL-04863,CUST-40327,32,British Columbia,Whole Life,Monthly,0,120.96,50000,6,0,0
POL-04864,CUST-11989,57,Quebec,Critical Illness,Annual,0,134.66,50000,1,1,0
POL-04865,CUST-36026,47,Ontario,Critical Illness,Monthly,0,130.81,50000,10,0,0
POL-04866,CUST-21656,47,Alberta,Critical Illness,Annual,0,135.7,50000,13,0,0
POL-04867,CUST-12866,57,British Columbia,Term Life,Monthly,0,130.47,50000,10,0,0
POL-04868,CUST-82642,62,British Columbia,Whole Life,Monthly,0,149.83,50000,14,0,1
POL-04869,CUST-19816,32,Manitoba,Term Life,Monthly,1,117.31,50000,10,0,0
POL-04870,CUST-78623,37,Ontario,Critical Illness,Monthly,0,109.63,50000,9,0,0
POL-04871,CUST-70073,67,Manitoba,Term Life,Monthly,0,156.11,50000,15,0,0
POL-04872,CUST-52142,42,British Columbia,Term Life,Annual,0,123.09,50000,11,1,0
POL-04873,CUST-38728,52,Quebec,Term Life,Monthly,0,146.22,50000,12,0,1
POL-04874,CUST-44674,67,Ontario,Term Life,Monthly,0,182.26,50000,12,0,0
POL-04875,CUST-37904,67,Ontario,Term Life,Annual,0,193.59,50000,1,0,0
POL-04876,CUST-41171,52,Ontario,Term Life,Annual,0,141.09,50000,12,0,0
POL-04877,CUST-34188,37,British Columbia,Critical Illness,Annual,1,142.8,50000,12,0,0
POL-04878,CUST-97612,37,Quebec,Universal Life,Annual,0,107.1,50000,8,0,0
POL-04879,CUST-92671,32,Manitoba,Term Life,Monthly,0,91.02,50000,9,1,0
POL-04880,CUST-88030,42,Manitoba,Universal Life,Annual,0,125.98,50000,13,0,0
POL-04881,CUST-85552,32,Alberta,Whole Life,Monthly,0,96.66,50000,3,0,0
POL-04882,CUST-33558,47,Ontario,Universal Life,Annual,0,135.82,50000,8,0,0
POL-04883,CUST-88044,37,Ontario,Term Life,Annual,0,100.4,50000,12,0,0
POL-04884,CUST-51501,32,Manitoba,Whole Life,Monthly,1,132.01,50000,4,0,1
POL-04885,CUST-24719,42,Saskatchewan,Term Life,Monthly,0,125.79,50000,4,1,0
POL-04886,CUST-77134,57,Saskatchewan,Term Life,Annual,0,146.1,50000,1,0,0
POL-04887,CUST-96790,57,Alberta,Whole Life,Monthly,0,124.56,50000,5,1,0
POL-04888,CUST-84232,67,Quebec,Universal Life,Monthly,0,165.42,50000,6,0,0
POL-04889,CUST-11684,27,Manitoba,Universal Life,Annual,1,118.98,50000,15,0,0
POL-04890,CUST-20978,37,Saskatchewan,Term Life,Monthly,0,125.78,50000,2,0,0
POL-04891,CUST-21864,62,British Columbia,Whole Life,Monthly,1,203.25,50000,10,0,0
POL-04892,CUST-96022,67,British Columbia,Universal Life,Monthly,0,138.2,50000,1,0,0
POL-04893,CUST-57739,67,Manitoba,Term Life,Monthly,0,175.22,50000,12,0,0
POL-04894,CUST-83741,62,British Columbia,Term Life,Monthly,0,161.27,50000,8,1,1
POL-04895,CUST-22277,57,Quebec,Term Life,Annual,0,129.79,50000,7,1,0
POL-04896,CUST-55318,37,Manitoba,Term Life,Monthly,0,122.14,50000,15,0,1
POL-04897,CUST-43512,57,British Columbia,Term Life,Annual,0,132.24,50000,12,1,0
POL-04898,CUST-55054,42,Ontario,Term Life,Annual,0,134.34,50000,2,0,0
POL-04899,CUST-70285,32,Saskatchewan,Whole Life,Monthly,0,94.85,50000,4,0,0
POL-04900,CUST-55637,57,Quebec,Universal Life,Annual,0,129.38,50000,5,0,0
POL-04901,CUST-16600,27,Manitoba,Universal Life,Annual,0,119.05,50000,10,1,0
POL-04902,CUST-83419,32,British Columbia,Universal Life,Monthly,0,84.04,50000,13,1,0
POL-04903,CUST-91721,57,British Columbia,Term Life,Monthly,0,137.93,50000,10,1,0
POL-04904,CUST-59179,27,Saskatchewan,Critical Illness,Monthly,0,86.28,50000,7,0,0
POL-04905,CUST-26441,57,Quebec,Universal Life,Monthly,0,142.13,50000,12,1,0
POL-04906,CUST-83128,62,Ontario,Whole Life,Monthly,0,164.99,50000,12,0,1
POL-04907,CUST-63940,67,Saskatchewan,Term Life,Monthly,0,166.29,50000,2,1,1
POL-04908,CUST-87717,62,Alberta,Whole Life,Annual,0,168.65,50000,9,0,0
POL-04909,CUST-65400,32,Quebec,Whole Life,Annual,0,107.06,50000,11,0,0
POL-04910,CUST-73222,47,British Columbia,Universal Life,Annual,0,109.52,50000,10,1,0
POL-04911,CUST-80609,67,Alberta,Universal Life,Annual,0,172.2,50000,4,0,0
POL-04912,CUST-14218,32,Manitoba,Critical Illness,Monthly,0,105.41,50000,3,0,0
POL-04913,CUST-31991,62,Manitoba,Critical Illness,Monthly,1,184.1,50000,5,0,1
POL-04914,CUST-50305,52,Saskatchewan,Whole Life,Monthly,0,163.48,50000,6,0,0
POL-04915,CUST-73676,57,British Columbia,Critical Illness,Monthly,0,154.9,50000,14,1,1
POL-04916,CUST-33007,67,Quebec,Critical Illness,Monthly,1,211.9,50000,10,1,0
POL-04917,CUST-50435,27,Quebec,Term Life,Annual,0,105.32,50000,13,0,0
POL-04918,CUST-13912,67,Quebec,Whole Life,Monthly,0,160.56,50000,1,0,0
POL-04919,CUST-66917,27,Saskatchewan,Term Life,Monthly,0,101.2,50000,12,0,0
POL-04920,CUST-68372,62,Manitoba,Term Life,Monthly,0,160.39,50000,3,0,0
POL-04921,CUST-59279,57,Manitoba,Term Life,Monthly,0,140.92,50000,9,0,0
POL-04922,CUST-56154,42,Alberta,Whole Life,Monthly,0,105.94,50000,6,0,0
POL-04923,CUST-99862,47,British Columbia,Term Life,Monthly,0,129.89,50000,13,1,0
POL-04924,CUST-15499,32,Saskatchewan,Term Life,Annual,0,109.64,50000,11,0,0
POL-04925,CUST-73841,67,Manitoba,Term Life,Annual,1,200.79,50000,7,1,0
POL-04926,CUST-65961,52,Manitoba,Universal Life,Monthly,0,136.41,50000,8,0,0
POL-04927,CUST-50569,57,British Columbia,Critical Illness,Monthly,1,182.93,50000,11,0,0
POL-04928,CUST-27104,67,Manitoba,Critical Illness,Monthly,0,162.16,50000,11,0,0
POL-04929,CUST-94130,42,Quebec,Whole Life,Monthly,1,174.19,50000,9,0,0
POL-04930,CUST-94352,67,British Columbia,Term Life,Monthly,0,168.84,50000,11,2,1
POL-04931,CUST-40602,52,Quebec,Critical Illness,Monthly,1,167.76,50000,12,1,0
POL-04932,CUST-72740,37,Ontario,Term Life,Monthly,1,124.9,50000,1,1,0
POL-04933,CUST-19746,67,Quebec,Critical Illness,Monthly,0,163.23,50000,6,0,0
POL-04934,CUST-10337,67,British Columbia,Universal Life,Monthly,0,158.68,50000,14,1,0
POL-04935,CUST-96963,27,Ontario,Whole Life,Annual,0,86.23,50000,5,0,0
POL-04936,CUST-88425,42,Alberta,Term Life,Monthly,0,131.91,50000,13,1,0
POL-04937,CUST-10799,47,Manitoba,Term Life,Monthly,0,130.56,50000,9,0,0
POL-04938,CUST-15856,37,Quebec,Whole Life,Monthly,0,91.41,50000,5,0,0
POL-04939,CUST-23613,62,Ontario,Whole Life,Annual,0,164.03,50000,6,0,0
POL-04940,CUST-11044,62,British Columbia,Universal Life,Monthly,0,137.62,50000,8,0,0
POL-04941,CUST-43561,57,Saskatchewan,Whole Life,Monthly,1,190.92,50000,2,0,0
POL-04942,CUST-45569,62,Alberta,Whole Life,Monthly,0,150.9,50000,5,0,0
POL-04943,CUST-69641,57,Ontario,Term Life,Monthly,1,183.64,50000,11,0,0
POL-04944,CUST-24012,37,Saskatchewan,Whole Life,Annual,0,111.3,50000,14,0,0
POL-04945,CUST-89011,67,Ontario,Term Life,Monthly,0,163.82,50000,15,0,0
POL-04946,CUST-83608,37,Quebec,Universal Life,Monthly,0,114.11,50000,6,0,0
POL-04947,CUST-73015,47,Ontario,Whole Life,Monthly,1,165.58,50000,12,0,0
POL-04948,CUST-95020,52,Quebec,Universal Life,Monthly,0,161.04,50000,6,0,0
POL-04949,CUST-27276,37,Ontario,Whole Life,Monthly,0,114.29,50000,13,0,0
POL-04950,CUST-80506,67,Quebec,Term Life,Monthly,0,168.57,50000,14,1,0
POL-04951,CUST-49264,62,British Columbia,Universal Life,Monthly,0,148.09,50000,7,0,0
POL-04952,CUST-43138,62,Quebec,Universal Life,Annual,0,161.17,50000,10,0,0
POL-04953,CUST-71209,67,British Columbia,Universal Life,Monthly,0,153.32,50000,14,0,0
POL-04954,CUST-36291,27,Saskatchewan,Whole Life,Monthly,0,107.4,50000,3,0,0
POL-04955,CUST-11666,37,British Columbia,Critical Illness,Annual,1,128.79,50000,4,0,0
POL-04956,CUST-40836,57,British Columbia,Term Life,Annual,0,137.48,50000,10,0,0
POL-04957,CUST-80168,32,Saskatchewan,Whole Life,Monthly,0,83.05,50000,3,0,0
POL-04958,CUST-17791,27,British Columbia,Universal Life,Monthly,0,98.64,50000,12,0,0
POL-04959,CUST-86871,42,Manitoba,Term Life,Monthly,1,150.51,50000,4,1,0
POL-04960,CUST-91323,32,Quebec,Universal Life,Annual,0,110.83,50000,6,0,0
POL-04961,CUST-52594,42,Alberta,Term Life,Monthly,0,108.89,50000,13,0,1
POL-04962,CUST-31964,57,Alberta,Term Life,Annual,0,153.98,50000,8,0,0
POL-04963,CUST-83117,62,Manitoba,Term Life,Monthly,1,198.56,50000,12,1,1
POL-04964,CUST-32516,57,British Columbia,Universal Life,Monthly,0,150.14,50000,10,0,0
POL-04965,CUST-28735,47,British Columbia,Universal Life,Monthly,0,129.97,50000,8,0,1
POL-04966,CUST-74428,42,Alberta,Term Life,Monthly,0,122.25,50000,8,1,1
POL-04967,CUST-38662,37,Manitoba,Term Life,Monthly,0,100.67,50000,13,0,0
POL-04968,CUST-65594,52,British Columbia,Term Life,Annual,0,125.7,50000,15,0,0
POL-04969,CUST-30572,57,Alberta,Term Life,Monthly,0,154.13,50000,1,0,0
POL-04970,CUST-96295,57,Ontario,Universal Life,Annual,0,143.18,50000,8,0,0
POL-04971,CUST-29915,37,Ontario,Term Life,Monthly,0,117.04,50000,12,0,0
POL-04972,CUST-98313,52,Alberta,Term Life,Monthly,0,157.21,50000,10,1,0
POL-04973,CUST-78235,27,British Columbia,Term Life,Monthly,0,88.11,50000,8,0,0
POL-04974,CUST-47554,47,Saskatchewan,Whole Life,Monthly,0,122.4,50000,12,1,0
POL-04975,CUST-71598,32,Ontario,Universal Life,Monthly,0,98.71,50000,8,0,0
POL-04976,CUST-92882,42,Manitoba,Universal Life,Annual,0,121.07,50000,3,0,0
POL-04977,CUST-66393,52,Manitoba,Whole Life,Monthly,0,145.97,50000,5,1,0
POL-04978,CUST-95961,52,British Columbia,Critical Illness,Monthly,0,138.26,50000,1,0,0
POL-04979,CUST-92629,57,Quebec,Whole Life,Monthly,0,172.54,50000,11,0,0
POL-04980,CUST-87050,27,Saskatchewan,Critical Illness,Monthly,1,133.65,50000,15,0,0
POL-04981,CUST-92678,57,Saskatchewan,Whole Life,Monthly,0,156.97,50000,6,1,0
POL-04982,CUST-93926,52,British Columbia,Term Life,Monthly,0,138.16,50000,11,0,0
POL-04983,CUST-12112,27,British Columbia,Universal Life,Monthly,1,140.74,50000,15,0,0
POL-04984,CUST-63998,27,Alberta,Whole Life,Annual,0,91.14,50000,6,0,0
POL-04985,CUST-70049,37,British Columbia,Universal Life,Monthly,0,103.87,50000,14,1,0
POL-04986,CUST-20289,67,British Columbia,Term Life,Monthly,0,176.46,50000,1,0,0
POL-04987,CUST-69733,67,Ontario,Whole Life,Monthly,0,164.91,50000,11,0,0
POL-04988,CUST-87360,42,British Columbia,Critical Illness,Monthly,0,123.54,50000,3,1,0
POL-04989,CUST-76682,52,Saskatchewan,Term Life,Annual,0,150.38,50000,12,0,0
POL-04990,CUST-37679,47,Alberta,Term Life,Annual,0,131.27,50000,1,0,0
POL-04991,CUST-54111,52,Alberta,Term Life,Annual,0,136.81,50000,13,1,0
POL-04992,CUST-93261,47,Saskatchewan,Whole Life,Annual,0,123.18,50000,6,0,0
POL-04993,CUST-34327,37,Quebec,Universal Life,Monthly,0,124.34,50000,4,0,0
POL-04994,CUST-56731,37,Manitoba,Whole Life,Monthly,1,142.5,50000,9,0,1
POL-04995,CUST-85418,47,Ontario,Critical Illness,Monthly,0,128.99,50000,15,0,0
POL-04996,CUST-54073,27,British Columbia,Whole Life,Annual,0,97.04,50000,3,0,0
POL-04997,CUST-19788,62,British Columbia,Term Life,Annual,0,159.99,50000,5,0,0
POL-04998,CUST-84817,42,Manitoba,Term Life,Monthly,0,132.76,50000,10,0,0
POL-04999,CUST-40699,42,Manitoba,Term Life,Monthly,0,119.76,50000,2,0,0
POL-05000,CUST-44943,52,Ontario,Universal Life,Monthly,0,155.12,50000,15,0,0
